step,time_s,phase_before,phase_after,mode,manual_forward,manual_turn,lift_requested,place_requested,transport_turn_weight,transport_forward_weight,goal_changed,reset_requested,goal_x,goal_y,goal_z,goal_distance_m,robot_box_distance_m,object_height_m,object_speed_mps,object_lin_vel_x,object_lin_vel_y,object_lin_vel_z,object_ang_vel_x,object_ang_vel_y,object_ang_vel_z,lift,root_height_m,pelvis_up_z,robot_upright,box_upright,left_contact,right_contact,left_physical_contact,right_physical_contact,left_gap_m,right_gap_m,box_x,box_y,box_z,root_x,root_y,root_z,push_staging_distance_m,push_behind_projection_m,push_lateral_error_m,push_box_bearing_deg,push_attempt,push_attempt_best_goal_distance_m,push_overshoot_steps,box_force_x,box_force_y,box_force_z,box_torque_x,box_torque_y,box_torque_z,force_active,place_attempt,recovery_count,fall_event_count,fall_detect_steps,get_up_stable_steps,phase_steps,ready_steps,lost_steps,place_enter_steps,place_drift_steps,placed_steps,failure_steps,completion_lost_steps,release_started_step
1,0.02,approach,approach,forward_left,0,0,0,0,0.0,0.0,1,0,1.000000034088913,0.9999999862655242,0.25866722135683,3.264641745283079,3.7881979331124693,0.3647924716759003,0.09105462048315906,0.04051165005832498,0.020801939567688072,-0.07884814158308488,-0.1701309881452711,0.3081811887640459,0.008523650928899163,0.3032150009116294,0.7982276547183942,0.9999363375406554,0.9999363375406554,0.999975507753209,0,0,0,0,3.6441994,3.8788562,3.693217999878075,-0.845118631546197,0.3647924716759003,0.0007304688487147466,0.0010370359466608497,0.7982276547183942,4.304624606544378,-3.524408566208857,1.3888800664100618,126.49956235692899,0,,0,0.0,0.0,0.0,0.0,0.0,0.0,0,0,0,0,0,0,1,0,0,0,0,0,0,0,
2,0.04,approach,approach,forward_left,0,0,0,0,0.0,0.0,0,0,1.000000034088913,0.9999999862655242,0.25866722135683,3.264260249821373,3.7884405298934816,0.3636579820157863,0.06464773922494511,0.013278410701685955,0.050427292319430536,-0.038211283483606785,-0.2834909357757113,0.0738884325962831,0.0006106028143439256,0.2999736018827323,0.7935666160073116,0.9995024890089097,0.9995024890089097,0.9999971403860738,0,0,0,0,3.6401494,3.8777406,3.6936400724613043,-0.8438270995104376,0.3636579820157863,0.0008652428080254588,0.002160906325816193,0.7935666160073116,4.3049271410210395,-3.5251054917817948,1.387772647211868,125.97866091933169,0,,0,0.0,0.0,0.0,0.0,0.0,0.0,0,0,0,0,0,0,2,0,0,0,0,0,0,0,
3,0.06,approach,approach,forward_left,0,0,0,0,0.0,0.0,0,0,1.000000034088913,0.9999999862655242,0.25866722135683,3.2642017297553623,3.788772719622524,0.3638415543026807,0.014979776761112066,-0.006535822716474408,-0.006559426274609554,0.01177500149382292,0.037657862258868614,-0.03686724518799935,-1.566896988075897e-05,0.30049809413100204,0.7881285831991778,0.9989106233531772,0.9989106233531772,0.999996991424141,0,0,0,0,3.630451,3.8759792,3.6935263352683596,-0.8438896518073378,0.3638415543026807,0.0003668734295737147,0.0019069610887569501,0.7881285831991778,4.305239920740206,-3.525265503799346,1.3882729734019186,125.61599022219757,0,,0,0.0,0.0,0.0,0.0,0.0,0.0,0,0,0,0,0,0,3,0,0,0,0,0,0,0,
4,0.08,approach,approach,forward_left,0,0,0,0,0.0,0.0,0,0,1.000000034088913,0.9999999862655242,0.25866722135683,3.2641963458709555,3.78877160197541,0.3640389871052316,0.01240649637397039,-0.004870545989685525,-0.006822814761296701,0.009145935314265597,0.03790268891329556,-0.027034443502253393,-1.8986399061500286e-05,0.30106218785257594,0.7827727412730532,0.998317902185751,0.998317902185751,0.9999990379453576,0,0,0,0,3.615527,3.874199,3.6934191623341017,-0.844036668467843,0.3640389871052316,-5.895155553736138e-05,0.0003623332804724756,0.7827727412730532,4.3051617790189605,-3.524661537809439,1.3898026103810994,124.95857205776687,0,,0,0.0,0.0,0.0,0.0,0.0,0.0,0,0,0,0,0,0,4,0,0,0,0,0,0,0,
5,0.1,approach,approach,forward_left,0,0,0,0,0.0,0.0,0,0,1.000000034088913,0.9999999862655242,0.25866722135683,3.2641956665008443,3.787907646650062,0.36414947141917803,0.006749444421078806,-0.002609979433750544,-0.003776250766009815,0.004948023595420831,0.020825010390343155,-0.014398811754767746,-5.0021549686145235e-06,0.30137785732099437,0.7792318765868067,0.9978637519163273,0.9978637519163273,0.999999730452392,0,0,0,0,3.5955052,3.8717642,3.693359668772416,-0.8441223598548295,0.36414947141917803,0.00014151860660072192,-0.002466827682785451,0.7792318765868067,4.304170337139727,-3.5228526832395373,1.3920320799974428,123.27250283272231,0,,0,0.0,0.0,0.0,0.0,0.0,0.0,0,0,0,0,0,0,5,0,0,0,0,0,0,0,
6,0.12,approach,approach,forward_left,0,0,0,0,0.0,0.0,0,0,1.000000034088913,0.9999999862655242,0.25866722135683,3.2641957037815694,3.7874059019989446,0.36420773441246196,0.0035468012377839007,-0.0013540354839153702,-0.0019838679935599442,0.0026097231103647607,0.010919797179924765,-0.007456404423603271,-1.6409870370692224e-06,0.3015443230160913,0.7767569073678029,0.9971125367376561,0.9971125367376561,0.9999999233187673,0,0,0,0,3.5708485,3.8677137,3.6933288091996546,-0.8441674957562498,0.36420773441246196,-0.00019387451539828755,-0.00611400618724057,0.7767569073678029,4.303497836193648,-3.5210455996608796,1.3952352316384502,120.72624427114441,0,,0,0.0,0.0,0.0,0.0,0.0,0.0,0,0,0,0,0,0,6,0,0,0,0,0,0,0,
7,0.14,approach,approach,forward_left,0,0,0,0,0.0,0.0,0,0,1.000000034088913,0.9999999862655242,0.25866722135683,3.264195797624368,3.7870408264624493,0.36423885744640555,0.0018935565120436664,-0.0007177456054529728,-0.0010561614893924893,0.0013981846868279454,0.005812144476865031,-0.003951574214349068,-6.064868060841119e-07,0.30163324597021585,0.7744126407323322,0.9961005300836329,0.9961005300836329,0.9999999777533903,0,0,0,0,3.542451,3.8623104,3.6933125150896977,-0.8441914584912236,0.36423885744640555,-0.0008666559317304259,-0.01069372383033949,0.7744126407323322,4.302915211323503,-3.519000995041636,1.3993963763670991,117.71676144402373,0,,0,0.0,0.0,0.0,0.0,0.0,0.0,0,0,0,0,0,0,7,0,0,0,0,0,0,0,
8,0.16,approach,approach,forward_left,0,0,0,0,0.0,0.0,0,0,1.000000034088913,0.9999999862655242,0.25866722135683,3.2641958617438274,3.786235620889886,0.364255686004908,0.0010230479681284338,-0.00038620388264658706,-0.0005691541800836899,0.0007573224051972058,0.0031322626625474486,-0.00212630384668771,-2.4981335903529035e-07,0.3016813275659371,0.7714329404546045,0.9947741342893699,0.9947741342893699,0.9999999934907899,0,0,0,0,3.5116198,3.8560934,3.6933037673062112,-0.8442043474413702,0.364255686004908,-0.0012908218077709638,-0.016224275830280667,0.7714329404546045,4.301850980810459,-3.516219712913169,1.4042005225096061,114.44912328007987,0,,0,0.0,0.0,0.0,0.0,0.0,0.0,0,0,0,0,0,0,8,0,0,0,0,0,0,0,
9,0.18,approach,approach,forward_left,0,0,0,0,0.0,0.0,0,0,1.000000034088913,0.9999999862655242,0.25866722135683,3.264195899451397,3.783682555845378,0.3642648433215236,0.000556109400683704,-0.00020935263922252322,-0.0003087227341240838,0.0004124553447517716,0.0016990975050346587,-0.0011526532985258592,-1.1295711066841326e-07,0.301707491327696,0.7669151660073227,0.9930755782978993,0.9930755782978993,0.9999999980952677,0,0,0,0,3.479581,3.8494847,3.6932990304193964,-0.8442113319842377,0.3642648433215236,1.009781216398508e-05,-0.022097870417320458,0.7669151660073227,4.299041795754958,-3.51182425294491,1.4083125007740769,111.24659729891468,0,,0,0.0,0.0,0.0,0.0,0.0,0.0,0,0,0,0,0,0,9,0,0,0,0,0,0,0,
10,0.2,approach,approach,forward_left,0,0,0,0,0.0,0.0,0,0,1.000000034088913,0.9999999862655242,0.25866722135683,3.2641959208427673,3.781297651613094,0.36426984163035725,0.0003031853276297571,-0.00011388289328312852,-0.00016800119232066943,0.00022522794872364347,0.0009246417659519665,-0.0006270292462268684,-5.4795599083824615e-08,0.30172177221007784,0.7621955041942793,0.9914683621921374,0.9914683621921374,0.9999999994463905,0,0,0,0,3.4479117,3.8428738,3.693296454970713,-0.8442151310436933,0.36426984163035725,0.0013314659617290085,-0.02714325536408432,0.7621955041942793,4.296438240069867,-3.507881473309057,1.411729258501707,108.07051293081942,0,,0,0.0,0.0,0.0,0.0,0.0,0.0,0,0,0,0,0,0,10,0,0,0,0,0,0,0,
11,0.22,approach,approach,forward_left,0,0,0,0,0.0,0.0,0,0,1.000000034088913,0.9999999862655242,0.25866722135683,3.2641959328636245,3.7804133468377183,0.3642725739614632,0.00016553542585265153,-6.205415368331905e-05,-9.15707146832974e-05,0.00012315057220839803,0.0005039916290164986,-0.0003416745706108043,-2.7860664262719987e-08,0.3017295788703805,0.7590527650937438,0.9897974865695147,0.9897974865695147,0.9999999998412453,0,0,0,0,3.4189794,3.835538,3.6932950519679206,-0.8442172012673173,0.3642725739614632,0.0015549882033863008,-0.030226799269485682,0.7590527650937438,4.295413167391701,-3.505953823321133,1.4141473974408352,104.74152899855234,0,,0,0.0,0.0,0.0,0.0,0.0,0.0,0,0,0,0,0,0,11,0,0,0,0,0,0,0,
12,0.24,approach,approach,forward_left,0,0,0,0,0.0,0.0,0,0,1.000000034088913,0.9999999862655242,0.25866722135683,3.264195939607796,3.7813232371878804,0.3642740687383286,9.044769095882929e-05,-3.3841115166399024e-05,-4.995277290987125e-05,6.738163104803297e-05,0.00027493438334042804,-0.00018634120473265354,-1.4572323204233315e-08,0.30173384966142464,0.7596642692577431,0.9875866322278465,0.9875866322278465,0.9999999999552074,0,0,0,0,3.3960674,3.8264341,3.6932942869352607,-0.844218330457541,0.3642740687383286,0.000336497369989407,-0.03152639092189117,0.7596642692577431,4.296248623033921,-3.5062243698398485,1.415908221756689,101.01902230427879,0,,0,0.0,0.0,0.0,0.0,0.0,0.0,0,0,0,0,0,0,12,0,0,0,0,0,0,0,
13,0.26,approach,approach,forward_left,0,0,0,0,0.0,0.0,0,0,1.000000034088913,0.9999999862655242,0.25866722135683,3.2641959433987804,3.7831473400917943,0.36427488681340464,4.943933246164625e-05,-1.8462594021473863e-05,-2.726157395186958e-05,3.688071043131046e-05,0.00015004508205456563,-0.00010167133122303775,-7.736599518573727e-09,0.3017361870187847,0.7634242680215845,0.9859666558948561,0.9859666558948561,0.9999999999872247,0,0,0,0,3.3810189,3.8147683,3.693293869581742,-0.844218946669874,0.36427488681340464,-0.0017703240763709506,-0.03261288361382743,0.7634242680215845,4.2979980447623545,-3.50734854176128,1.417995064677108,96.5109515377753,0,,0,0.0,0.0,0.0,0.0,0.0,0.0,0,0,0,0,0,0,13,0,0,0,0,0,0,0,
14,0.28,approach,approach,forward_left,0,0,0,0,0.0,0.0,0,0,1.000000034088913,0.9999999862655242,0.25866722135683,3.2641959455407177,3.7850889963851144,0.3642753346322776,2.7029314534992498e-05,-1.0074151161843934e-05,-1.48813680067505e-05,2.019010175426409e-05,8.190575488734547e-05,-5.548695445647907e-05,-4.128981312264209e-09,0.3017374665012789,0.7685778997489814,0.9855885964550417,0.9855885964550417,0.9999999999957164,0,0,0,0,3.3727164,3.7942357,3.6932936418553632,-0.8442192830321473,0.3642753346322776,-0.003961903099364894,-0.03354046509178156,0.7685778997489814,4.299871456458139,-3.508632574097979,1.419998651595931,91.42506439491517,0,,0,0.0,0.0,0.0,0.0,0.0,0.0,0,0,0,0,0,0,14,0,0,0,0,0,0,0,
15,0.3,approach,approach,forward_left,0,0,0,0,0.0,0.0,0,0,1.000000034088913,0.9999999862655242,0.25866722135683,3.2641959467424653,3.7867139470007007,0.36427557979891284,1.4779364756151006e-05,-5.498386534778261e-06,-8.124359939727773e-06,1.1054055530857176e-05,4.471580997290719e-05,-3.0285665682689865e-05,-2.2196271280941717e-09,0.30173816697737954,0.7732855190434627,0.9860832209264448,0.9860832209264448,0.9999999999976751,0,0,0,0,3.3688636,3.7713099,3.693293517571598,-0.8442194666629067,0.36427557979891284,-0.0057052319360726194,-0.033904239390016265,0.7732855190434627,4.301459569675684,-3.509865375586262,1.4212837723939344,86.31039421745403,0,,0,0.0,0.0,0.0,0.0,0.0,0.0,0,0,0,0,0,0,15,0,0,0,0,0,0,0,
16,0.32,approach,approach,forward_left,0,0,0,0,0.0,0.0,0,0,1.000000034088913,0.9999999862655242,0.25866722135683,3.264195947385996,3.78836434953535,0.36427571402820363,8.083059540548527e-06,-3.0033672981686918e-06,-4.436657481792454e-06,6.05241330360035e-06,2.4413864904236225e-05,-1.653163817379657e-05,-1.254835131657293e-09,0.30173855048963893,0.7767252478387111,0.9867887010320316,0.9867887010320316,0.9999999999979465,0,0,0,0,3.367918,3.7472532,3.6932934496904735,-0.8442195669353523,0.36427571402820363,-0.007307405768701191,-0.03350521933490394,0.7767252478387111,4.30311032122675,-3.511412719834354,1.4218597525128494,81.49168078117562,0,,0,0.0,0.0,0.0,0.0,0.0,0.0,0,0,0,0,0,0,16,0,0,0,0,0,0,0,
17,0.34,approach,approach,forward_left,0,0,0,0,0.0,0.0,0,0,1.000000034088913,0.9999999862655242,0.25866722135683,3.2641959477579796,3.790472454274936,0.36427578752153034,4.42116201511127e-06,-1.6396015472285644e-06,-2.424044105258208e-06,3.313968995924882e-06,1.3329957855163324e-05,-9.024277003431474e-06,-7.123365445256366e-10,0.30173876047057235,0.7789599121144132,0.987602258888578,0.987602258888578,0.9999999999978568,0,0,0,0,3.3688838,3.7231581,3.693293412630862,-0.8442196217155066,0.36427578752153034,-0.009276091094011995,-0.03264060726060191,0.7789599121144132,4.30523629208369,-3.5135255491431527,1.4222586410830347,76.88111470769424,0,,0,0.0,0.0,0.0,0.0,0.0,0.0,0,0,0,0,0,0,17,0,0,0,0,0,0,0,
18,0.36,approach,approach,forward_left,0,0,0,0,0.0,0.0,0,0,1.000000034088913,0.9999999862655242,0.25866722135683,3.2641959479835294,3.793217210814489,0.36427582776139417,2.4186827452515186e-06,-8.950445131977513e-07,-1.3252294252096002e-06,1.8145766757375274e-06,7.278312418219725e-06,-4.926237086132599e-06,-4.1349854706215e-10,0.3017388754416119,0.7803505348679226,0.9885038075314676,0.9885038075314676,0.9999999999977376,0,0,0,0,3.3708107,3.6998491,3.693293392400268,-0.8442196516594264,0.36427582776139417,-0.011870550392657019,-0.03165767528689223,0.7803505348679226,4.307997276291065,-3.51622156737453,1.4229134539913018,72.42762305948733,0,,0,0.0,0.0,0.0,0.0,0.0,0.0,0,0,0,0,0,0,18,0,0,0,0,0,0,0,
19,0.38,approach,approach,forward_left,0,0,0,0,0.0,0.0,0,0,1.000000034088913,0.9999999862655242,0.25866722135683,3.264195948127701,3.796696131995738,0.36427584979418226,1.3236188730041592e-06,-4.885980873835007e-07,-7.252745451505803e-07,9.935872705175948e-07,3.9740908806018785e-06,-2.689193636758421e-06,-2.4975169371564007e-10,0.301738938392435,0.7812471017243157,0.9895043177480771,0.9895043177480771,0.9999999999976507,0,0,0,0,3.3728867,3.6776233,3.693293381356548,-0.844219668042824,0.36427584979418226,-0.015245111204974108,-0.030804787492367987,0.7812471017243157,4.311477482224681,-3.5194877827446147,1.4241163104967227,68.11528592635229,0,,0,0.0,0.0,0.0,0.0,0.0,0.0,0,0,0,0,0,0,19,0,0,0,0,0,0,0,
20,0.4,approach,approach,forward_left,0,0,0,0,0.0,0.0,0,0,1.000000034088913,0.9999999862655242,0.25866722135683,3.2641959482265097,3.800966806769056,0.3642758618580008,7.24768711730659e-07,-2.667231351978909e-07,-3.9769096586452515e-07,5.440499520482175e-07,2.169940400263464e-06,-1.4680164543744834e-06,-1.6018951565483262e-10,0.301738972860488,0.7817675773266848,0.9906755567017496,0.9906755567017496,0.9999999999975975,0,0,0,0,3.3720596,3.6563656,3.693293375327844,-0.8442196770220128,0.3642758618580008,-0.01948552185461899,-0.030203997322459746,0.7817675773266848,4.3157278933553735,-3.5233259848413265,1.426016364107385,63.917554948038436,0,,0,0.0,0.0,0.0,0.0,0.0,0.0,0,0,0,0,0,0,20,0,0,0,0,0,0,0,
21,0.42,approach,approach,forward_left,0,0,0,0,0.0,0.0,0,0,1.000000034088913,0.9999999862655242,0.25866722135683,3.2641959483000296,3.8061190413613053,0.3642758684634361,3.9727759187137473e-07,-1.4560301990817128e-07,-2.1882404592720557e-07,2.979014644488803e-07,1.1848397317477297e-06,-8.01383736389733e-07,-1.1124464787445597e-10,0.3017389917331603,0.781910597595669,0.9920820226576884,0.9920820226576884,0.9999999999975668,0,0,0,0,3.3694842,3.6361299,3.693293372036803,-0.8442196819583678,0.3642758684634361,-0.02469802881870434,-0.029921149368748654,0.781910597595669,4.320834115699604,-3.5277866348913403,1.4287279712020529,59.75308985931371,0,,0,0.0,0.0,0.0,0.0,0.0,0.0,0,0,0,0,0,0,21,0,0,0,0,0,0,0,
22,0.44,approach,approach,forward_left,0,0,0,0,0.0,0.0,0,0,1.000000034088913,0.9999999862655242,0.25866722135683,3.2641959483594567,3.8122863396342517,0.3642758720801887,2.1818631816547766e-07,-7.948401951170599e-08,-1.211587468410317e-07,1.6311995016177689e-07,6.469530025494589e-07,-4.3747152173364326e-07,-8.450869230370701e-11,0.3017390020667391,0.7813651300058796,0.9937307308725378,0.9937307308725378,0.9999999999975491,0,0,0,0,3.3666,3.617078,3.6932933702402395,-0.8442196846872476,0.3642758720801887,-0.03101810361177522,-0.029952418308354652,0.7813651300058796,4.326928376274646,-3.5329836709534748,1.4323245149539372,55.27635960419526,0,,0,0.0,0.0,0.0,0.0,0.0,0.0,0,0,0,0,0,0,22,0,0,0,0,0,0,0,
23,0.46,approach,approach,forward_left,0,0,0,0,0.0,0.0,0,0,1.000000034088913,0.9999999862655242,0.25866722135683,3.264195948411033,3.81943315895861,0.3642758740605139,1.20256195643959e-07,-4.338982330291619e-08,-6.783116704856689e-08,8.93185792617038e-08,3.53254053823272e-07,-2.388127556300888e-07,-6.99078010799928e-11,0.3017390077248112,0.7783629476721537,0.9954261499123989,0.9954261499123989,0.9999999999975393,0,0,0,0,3.3632307,3.599307,3.693293369259508,-0.844219686210794,0.3642758740605139,-0.038356442515672516,-0.030057946732201565,0.7783629476721537,4.333987364040086,-3.538978923551442,1.4365576335153496,49.91597405127594,0,,0,0.0,0.0,0.0,0.0,0.0,0.0,0,0,0,0,0,0,23,0,0,0,0,0,0,0,
24,0.48,approach,approach,forward_left,0,0,0,0,0.0,0.0,0,0,1.000000034088913,0.9999999862655242,0.25866722135683,3.264195948458238,3.826572145949473,0.36427587514482646,6.672092399209138e-08,-2.3686067004994112e-08,-3.871298525691782e-08,4.890763438044235e-08,1.9288714732185352e-07,-1.3036529461591815e-07,-6.193509668028436e-11,0.301739010822847,0.771486981786726,0.9962866382727655,0.9962866382727655,0.9999999999975336,0,0,0,0,3.3592556,3.582864,3.693293368724137,-0.8442196870761987,0.36427587514482646,-0.045683487410919904,-0.030151841351557775,0.771486981786726,4.341039387281663,-3.5449714307040034,1.4407747720059385,44.75134421149702,0,,0,0.0,0.0,0.0,0.0,0.0,0.0,0,0,0,0,0,0,24,0,0,0,0,0,0,0,
25,0.5,approach,approach,forward_left,0,0,0,0,0.0,0.0,0,0,1.000000034088913,0.9999999862655242,0.25866722135683,3.2641959485030085,3.8316108775836715,0.36427587573853387,3.748089360904676e-08,-1.292981617213287e-08,-2.2813717233718854e-08,2.678005872785668e-08,1.0532273958484212e-07,-7.116398928990145e-08,-5.758196924489252e-11,0.3017390125191539,0.7652882504169483,0.9960001458022854,0.9960001458022854,0.9999999999975309,0,0,0,0,3.356519,3.5693464,3.693293368431888,-0.8442196875822412,0.36427587573853387,-0.05088723057583621,-0.030368620597824483,0.7652882504169483,4.346009519632709,-3.5491425704732835,1.4438936704867869,40.291885011809455,0,,0,0.0,0.0,0.0,0.0,0.0,0.0,0,0,0,0,0,0,25,0,0,0,0,0,0,0,
26,0.52,approach,approach,forward_left,0,0,0,0,0.0,0.0,0,0,1.000000034088913,0.9999999862655242,0.25866722135683,3.2641959485464254,3.8344396654911623,0.36427587606361406,2.1553751136889937e-08,-7.0579942297691665e-09,-1.4132305705519667e-08,1.4663793539506262e-08,5.751030961033032e-08,-3.884608148952086e-08,-5.520524309798578e-11,0.30173901344795445,0.7629949749354158,0.9954875697734527,0.9954875697734527,0.9999999999975292,0,0,0,0,3.3565495,3.5580254,3.6932933682723585,-0.8442196878920628,0.36427587606361406,-0.05407538724289437,-0.031720482673963525,0.7629949749354158,4.3487397973646225,-3.551009342628105,1.4468103527622027,36.31116355119725,0,,0,0.0,0.0,0.0,0.0,0.0,0.0,0,0,0,0,0,0,26,0,0,0,0,0,0,0,
27,0.54,approach,approach,forward_left,0,0,0,0,0.0,0.0,0,0,1.000000034088913,0.9999999862655242,0.25866722135683,3.2641959485890886,3.8354948698466935,0.36427587624160934,1.2943073640765418e-08,-3.852575250445212e-09,-9.39202785875476e-09,8.02936061653156e-09,3.140347231485056e-08,-2.1203783130402005e-08,-5.390762303696532e-11,0.30173901395651237,0.7634093184620724,0.9951823554340095,0.9951823554340095,0.9999999999975281,0,0,0,0,3.3588223,3.5462809,3.693293368185281,-0.8442196880947427,0.36427587624160934,-0.05568545780042818,-0.03417113465419883,0.7634093184620724,4.349663142633713,-3.5509532343326216,1.4497420543679485,32.57483705790547,0,,0,0.0,0.0,0.0,0.0,0.0,0.0,0,0,0,0,0,0,27,0,0,0,0,0,0,0,
28,0.56,approach,approach,forward_left,0,0,0,0,0.0,0.0,0,0,1.000000034088913,0.9999999862655242,0.25866722135683,3.2641959486313326,3.835473094742903,0.3642758763390693,8.369106671312167e-09,-2.1027423134826333e-09,-6.8037110366559106e-09,4.396582464662533e-09,1.7148450273806828e-08,-1.157288163206806e-08,-5.319917177043737e-11,0.30173901423496946,0.765016689155599,0.9952424479921663,0.9952424479921663,0.9999999999975278,0,0,0,0,3.362643,3.5335257,3.6932933681377547,-0.8442196882389202,0.3642758763390693,-0.05622177045740629,-0.03676065773494776,0.765016689155599,4.349514896843139,-3.5499327066942636,1.4521816823108058,29.289934646363985,0,,0,0.0,0.0,0.0,0.0,0.0,0.0,0,0,0,0,0,0,28,0,0,0,0,0,0,0,
29,0.58,approach,approach,forward_left,0,0,0,0,0.0,0.0,0,0,1.000000034088913,0.9999999862655242,0.25866722135683,3.2641959486733434,3.8348481958051286,0.36427587639243275,6.014067790941202e-09,-1.1475107234187666e-09,-5.390421167481536e-09,2.407403200721127e-09,9.364828851680392e-09,-6.3153846146981855e-09,-5.281238786017568e-11,0.3017390143874364,0.7667735186876827,0.9954500739809836,0.9954500739809836,0.9999999999975278,0,0,0,0,3.368193,3.5202396,3.693293368111819,-0.8442196883511541,0.36427587639243275,-0.056052409379746995,-0.038945247134985046,0.7667735186876827,4.348790091896778,-3.5485587077361256,1.4538885041914211,26.438117721941772,0,,0,0.0,0.0,0.0,0.0,0.0,0.0,0,0,0,0,0,0,29,0,0,0,0,0,0,0,
30,0.6,approach,approach,forward_left,0,0,0,0,0.0,0.0,0,0,1.000000034088913,0.9999999862655242,0.25866722135683,3.2641959487152246,3.8336559193221826,0.3642758764216514,4.843782653589069e-09,-6.260518915173723e-10,-4.618727066663483e-09,1.3181994189074832e-09,5.1147631380365195e-09,-3.4453285933569924e-09,-5.2601221860016663e-11,0.3017390144709182,0.7683120272961445,0.9956916489390907,0.9956916489390907,0.9999999999975271,0,0,0,0,3.3751621,3.5071855,3.69329336809767,-0.8442196884459459,0.3642758764216514,-0.05520984171429064,-0.040701553128864754,0.7683120272961445,4.347525278588631,-3.5468712183755846,1.45486159754559,23.945202397026097,0,,0,0.0,0.0,0.0,0.0,0.0,0.0,0,0,0,0,0,0,30,0,0,0,0,0,0,0,
31,0.62,approach,approach,forward_left,0,0,0,0,0.0,0.0,0,0,1.000000034088913,0.9999999862655242,0.25866722135683,3.264195948757034,3.831977178816139,0.3642758764376497,4.272630566491823e-09,-3.413883417176737e-10,-4.197361390966972e-09,7.217917369153587e-10,2.7941131519728065e-09,-1.8785695000112343e-09,-5.2485937382078646e-11,0.30173901451662766,0.769414260622688,0.9959603818225922,0.9959603818225922,0.9999999999975272,0,0,0,0,3.3826265,3.4947026,3.6932933680899547,-0.8442196885312138,0.3642758764376497,-0.05377183628489731,-0.04200310111174119,0.769414260622688,4.345801813112125,-3.544949363528124,1.455123056304601,21.718730795879974,0,,0,0.0,0.0,0.0,0.0,0.0,0.0,0,0,0,0,0,0,31,0,0,0,0,0,0,0,
32,0.64,approach,approach,forward_left,0,0,0,0,0.0,0.0,0,0,1.000000034088913,0.9999999862655242,0.25866722135683,3.2641959487988035,3.829798002043523,0.3642758764464093,3.991257326334373e-09,-1.8599120010617113e-10,-3.967284158469172e-09,3.952198432017656e-10,1.52697433225127e-09,-1.0232795829520866e-09,-5.24229990404194e-11,0.30173901454165514,0.7700302390907088,0.9962189743569699,0.9962189743569699,0.999999999997527,0,0,0,0,3.3899286,3.4828038,3.6932933680857527,-0.8442196886112813,0.3642758764464093,-0.051748702463155744,-0.04296278456907175,0.7700302390907088,4.343600394777889,-3.5427378664164264,1.4547718536993175,19.682500442957828,0,,0,0.0,0.0,0.0,0.0,0.0,0.0,0,0,0,0,0,0,32,0,0,0,0,0,0,0,
33,0.66,approach,approach,forward_left,0,0,0,0,0.0,0.0,0,0,1.000000034088913,0.9999999862655242,0.25866722135683,3.2641959488405505,3.8270658908773325,0.36427587645120546,3.84907560307163e-09,-1.0116033048006432e-10,-3.841655847167439e-09,2.1640225882051224e-10,8.350825747286436e-10,-5.563791776985869e-10,-5.2388639814542626e-11,0.30173901455535845,0.7701836231562399,0.996457460279885,0.996457460279885,0.999999999997527,0,0,0,0,3.3966274,3.4714308,3.6932933680834674,-0.8442196886885093,0.36427587645120546,-0.04911390088647597,-0.04370662428690905,0.7701836231562399,4.3408629701559205,-3.5401436295946964,1.453896975358571,17.80319341577712,0,,0,0.0,0.0,0.0,0.0,0.0,0.0,0,0,0,0,0,0,33,0,0,0,0,0,0,0,
34,0.68,approach,approach,forward_left,0,0,0,0,0.0,0.0,0,0,1.000000034088913,0.9999999862655242,0.25866722135683,3.2641959488822856,3.823738833742488,0.36427587645383147,3.77531781799455e-09,-5.4851444709071806e-11,-3.7730593178837664e-09,1.1848767704258553e-10,4.5729036712582507e-10,-3.014998127724332e-10,-5.236988367752633e-11,0.30173901456286134,0.7699076088699285,0.996676476561159,0.996676476561159,0.9999999999975265,0,0,0,0,3.402322,3.4605,3.6932933680822293,-0.844219688764187,0.36427587645383147,-0.045843838693212895,-0.04432493470093708,0.7699076088699285,4.337543595747648,-3.5370961603100595,1.452559610270848,16.0537215923721,0,,0,0.0,0.0,0.0,0.0,0.0,0.0,0,0,0,0,0,0,34,0,0,0,0,0,0,0,
35,0.7000000000000001,approach,approach,forward_left,0,0,0,0,0.0,0.0,0,0,1.000000034088913,0.9999999862655242,0.25866722135683,3.264195948924014,3.8197431960678068,0.36427587645526915,3.736283947610184e-09,-2.9571369492765724e-11,-3.7356036767302726e-09,6.487250322850387e-11,2.5100497451385944e-10,-1.6236085610984291e-10,-5.23596463588086e-11,0.301739014566969,0.7692556309756167,0.9968775855047917,0.9968775855047917,0.9999999999975268,0,0,0,0,3.4066823,3.4499378,3.6932933680815623,-0.844219688839018,0.36427587645526915,-0.041871799246841764,-0.04485790798951925,0.7692556309756167,4.333567532273199,-3.533517702605567,1.4507552272107738,14.418120387294406,0,,0,0.0,0.0,0.0,0.0,0.0,0.0,0,0,0,0,0,0,35,0,0,0,0,0,0,0,
36,0.72,approach,approach,forward_left,0,0,0,0,0.0,0.0,0,0,1.000000034088913,0.9999999862655242,0.25866722135683,3.264195948965738,3.815003867594385,0.3642758764560563,3.715354933568622e-09,-1.5771018587800428e-11,-3.7151516976459425e-09,3.551648693037176e-11,1.3836635072926666e-10,-8.640514837735543e-11,-5.235405946481595e-11,0.301739014569218,0.7682563763939474,0.997062457960303,0.997062457960303,0.9999999999975268,0,0,0,0,3.409447,3.4396899,3.693293368081207,-0.8442196889133867,0.3642758764560563,-0.03712293699659926,-0.04531500087496598,0.7682563763939474,4.328860102151152,-3.5293411583963294,1.4484493423692006,12.89878639185957,0,,0,0.0,0.0,0.0,0.0,0.0,0.0,0,0,0,0,0,0,36,0,0,0,0,0,0,0,
37,0.74,approach,approach,forward_left,0,0,0,0,0.0,0.0,0,0,1.000000034088913,0.9999999862655242,0.25866722135683,3.26419594900746,3.809457537880333,0.3642758764564871,3.7040448136239933e-09,-8.237315672067735e-12,-3.703984633785318e-09,1.944121003344728e-11,7.686397888570265e-11,-4.49403664276949e-11,-5.235101217367958e-11,0.3017390145704489,0.7668517071838393,0.997207983778039,0.997207983778039,0.9999999999975266,0,0,0,0,3.4103715,3.429729,3.6932933680810227,-0.844219688987503,0.3642758764564871,-0.03152486972633912,-0.04566109488751714,0.7668517071838393,4.323360503582524,-3.5245266463854987,1.4455720846197455,11.505862060920366,0,,0,0.0,0.0,0.0,0.0,0.0,0.0,0,0,0,0,0,0,37,0,0,0,0,0,0,0,
38,0.76,approach,approach,forward_left,0,0,0,0,0.0,0.0,0,0,1.000000034088913,0.9999999862655242,0.25866722135683,3.264195949049181,3.8032032658538357,0.36427587645672294,3.6979046051113294e-09,-4.124974600579103e-12,-3.6978869999691158e-09,1.063901064637599e-11,4.328116455971245e-11,-2.2306511075069637e-11,-5.2349350634424096e-11,0.3017390145711227,0.765177374347663,0.9972520319522475,0.9972520319522475,0.9999999999975269,0,0,0,0,3.409305,3.420255,3.693293368080931,-0.8442196890614815,0.36427587645672294,-0.025141401587736655,-0.04572238467003539,0.765177374347663,4.31717530233265,-3.5192250087906625,1.4420160952304404,10.305337233021444,0,,0,0.0,0.0,0.0,0.0,0.0,0.0,0,0,0,0,0,0,38,0,0,0,0,0,0,0,
39,0.78,approach,approach,forward_left,0,0,0,0,0.0,0.0,0,0,1.000000034088913,0.9999999862655242,0.25866722135683,3.264195949090902,3.796776554338531,0.36427587645685194,3.69456256033824e-09,-1.8799186517472934e-12,-3.694557496367208e-09,5.821013295022883e-12,2.4943690794486157e-11,-9.949926200807714e-12,-5.2348446265618855e-11,0.30173901457149127,0.76483088538564,0.9973005356690973,0.9973005356690973,0.9999999999975273,0,0,0,0,3.4065914,3.41247,3.69329336808089,-0.8442196891353848,0.36427587645685194,-0.018590248062352096,-0.045826162243954575,0.76483088538564,4.310817708188066,-3.5137610087754942,1.4384004229642695,9.549305416348943,0,,0,0.0,0.0,0.0,0.0,0.0,0.0,0,0,0,0,0,0,39,0,0,0,0,0,0,0,
40,0.8,approach,approach,forward_left,0,0,0,0,0.0,0.0,0,0,1.000000034088913,0.9999999862655242,0.25866722135683,3.2641959491326213,3.789943491077571,0.3642758764569225,3.6927410017375244e-09,-6.546556321219088e-13,-3.692739573291298e-09,3.1813814387754276e-12,1.493117887660611e-11,-3.206247667775187e-12,-5.2347954477113435e-11,0.30173901457169283,0.7651151108214324,0.9975354365851099,0.9975354365851099,0.9999999999975272,0,0,0,0,3.4020715,3.405605,3.693293368080876,-0.844219689209247,0.3642758764569225,-0.011617270391730798,-0.045903444545676776,0.7651151108214324,4.3040599425419375,-3.507963930393518,1.4345245653593082,9.260935014444023,0,,0,0.0,0.0,0.0,0.0,0.0,0.0,0,0,0,0,0,0,40,0,0,0,0,0,0,0,
41,0.8200000000000001,approach,approach,forward_left,0,0,0,0,0.0,0.0,0,0,1.000000034088913,0.9999999862655242,0.25866722135683,3.264195949174341,3.783436750560488,0.36427587645696097,3.691747441103326e-09,1.4557719835955577e-14,-3.6917470335386973e-09,1.7346582535576055e-12,9.464420132567333e-12,4.770410406343719e-13,-5.234768881099289e-11,0.30173901457180274,0.7654836238458314,0.9977088402425013,0.9977088402425013,0.999999999997527,0,0,0,0,3.3955703,3.3998399,3.6932933680808775,-0.8442196892830867,0.36427587645696097,-0.00496207327585064,-0.045908762408690955,0.7654836238458314,4.297628454012484,-3.5024697120418407,1.4307688708247923,8.974059645008941,0,,0,0.0,0.0,0.0,0.0,0.0,0.0,0,0,0,0,0,0,41,0,0,0,0,0,0,0,
42,0.84,approach,approach,forward_left,0,0,0,0,0.0,0.0,0,0,1.000000034088913,0.9999999862655242,0.25866722135683,3.2641959492160604,3.777103433159027,0.3642758764569819,3.691205190269772e-09,3.798234812735767e-13,-3.6912050500266325e-09,9.439631954120938e-13,6.479077853128903e-12,2.487456841399396e-12,-5.23475465116497e-11,0.30173901457186253,0.766119552610487,0.9978146661990066,0.9978146661990066,0.999999999997527,0,0,0,0,3.3872302,3.395589,3.6932933680808873,-0.8442196893569143,0.3642758764569819,0.0014655584213236301,-0.04614840895272669,0.766119552610487,4.291356929649252,-3.497030866242681,1.427335092165703,8.643391870168196,0,,0,0.0,0.0,0.0,0.0,0.0,0.0,0,0,0,0,0,0,42,0,0,0,0,0,0,0,
43,0.86,approach,approach,forward_left,0,0,0,0,0.0,0.0,0,0,1.000000034088913,0.9999999862655242,0.25866722135683,3.2641959492577794,3.7705996368714056,0.36427587645699333,3.6909092190525766e-09,5.789822357968816e-13,-3.6909091382291754e-09,5.112760859458787e-13,4.848952383632774e-12,3.583565435381684e-12,-5.2347470943766064e-11,0.3017390145718952,0.7670223806948707,0.9979130035476179,0.9979130035476179,0.9999999999975272,0,0,0,0,3.3772738,3.39233,3.6932933680809015,-0.8442196894307351,0.36427587645699333,0.007972382991841543,-0.04682966037533273,0.7670223806948707,4.284895158325539,-3.491277178424425,1.4242209396675645,8.352293503579235,0,,0,0.0,0.0,0.0,0.0,0.0,0.0,0,0,0,0,0,0,43,0,0,0,0,0,0,0,
44,0.88,approach,approach,forward_left,0,0,0,0,0.0,0.0,0,0,1.000000034088913,0.9999999862655242,0.25866722135683,3.264195949299499,3.7637879407511137,0.3642758764569994,3.6907477189147437e-09,6.879537882540691e-13,-3.690747644718779e-09,2.7275768809411573e-13,3.959130680787249e-12,4.183339182532014e-12,-5.2347432351295085e-11,0.3017390145719125,0.7681035781405616,0.9980180721654639,0.9980180721654639,0.9999999999975271,0,0,0,0,3.3661153,3.3893962,3.6932933680809183,-0.8442196895045523,0.3642758764569994,0.014691284910873985,-0.047987074849437816,0.7681035781405616,4.2781055493717375,-3.485079480565222,1.4213798496836632,8.172023053692875,0,,0,0.0,0.0,0.0,0.0,0.0,0.0,0,0,0,0,0,0,44,0,0,0,0,0,0,0,
45,0.9,approach,approach,forward_left,0,0,0,0,0.0,0.0,0,0,1.000000034088913,0.9999999862655242,0.25866722135683,3.264195949341218,3.7566758541524745,0.3642758764570026,3.6906596560357016e-09,7.474591725137412e-13,-3.690659577564043e-09,1.4327995411629642e-13,3.4737189549085294e-12,4.510880583098424e-12,-5.234741389610116e-11,0.3017390145719217,0.7692596765229102,0.9981298754967103,0.9981298754967103,0.9999999999975273,0,0,0,0,3.3540668,3.3864615,3.693293368080936,-0.8442196895783673,0.3642758764570026,0.021617041526146793,-0.04960882494753888,0.7692596765229102,4.270996032986597,-3.478448764195474,1.4188050141013742,8.112329415352185,0,,0,0.0,0.0,0.0,0.0,0.0,0.0,0,0,0,0,0,0,45,0,0,0,0,0,0,0,
46,0.92,approach,approach,forward_left,0,0,0,0,0.0,0.0,0,0,1.000000034088913,0.9999999862655242,0.25866722135683,3.2641959493829376,3.7492828630788884,0.3642758764570043,3.6906116759433735e-09,7.796741531218446e-13,-3.6906115928877498e-09,7.183535739523244e-14,3.2090606790100804e-12,4.688162699105844e-12,-5.234740613057178e-11,0.3017390145719266,0.7703915461598593,0.9982391254880534,0.9982391254880534,0.9999999999975268,0,0,0,0,3.3413286,3.3834805,3.693293368080955,-0.8442196896521814,0.3642758764570043,0.028730614437485154,-0.05169094444099714,0.7703915461598593,4.2635859630178325,-3.471402978786978,1.4165039167774733,8.135484929707008,0,,0,0.0,0.0,0.0,0.0,0.0,0.0,0,0,0,0,0,0,46,0,0,0,0,0,0,0,
47,0.9400000000000001,approach,approach,forward_left,0,0,0,0,0.0,0.0,0,0,1.000000034088913,0.9999999862655242,0.25866722135683,3.264195949424657,3.741604900324471,0.3642758764570051,3.690585228241083e-09,7.973054424693919e-13,-3.6905851419970523e-09,2.976433614568166e-14,3.0629562702012635e-12,4.7852081401116795e-12,-5.234740444742836e-11,0.3017390145719288,0.7714029003431345,0.998345533382575,0.998345533382575,0.999999999997527,0,0,0,0,3.3280582,3.3804505,3.6932933680809747,-0.8442196897259949,0.3642758764570051,0.036039016985934716,-0.05422105584838358,0.7714029003431345,4.2558718136131315,-3.463943330704213,1.4144623826040414,8.220292801642518,0,,0,0.0,0.0,0.0,0.0,0.0,0.0,0,0,0,0,0,0,47,0,0,0,0,0,0,0,
48,0.96,approach,approach,forward_left,0,0,0,0,0.0,0.0,0,0,1.000000034088913,0.9999999862655242,0.25866722135683,3.2641959494663766,3.733643067461036,0.3642758764570054,3.690570937580005e-09,8.071858206311092e-13,-3.690570849291571e-09,1.0977230911729684e-14,2.9838458602487533e-12,4.839610281979979e-12,-5.23474062185841e-11,0.30173901457192964,0.7722069350346495,0.9984484118140292,0.9984484118140292,0.9999999999975271,0,0,0,0,3.31434,3.377319,3.6932933680809943,-0.844219689799808,0.3642758764570054,0.04354440871945109,-0.05718532661152547,0.7722069350346495,4.247855222792745,-3.456075853279765,1.4126677782042028,8.357119524541067,0,,0,0.0,0.0,0.0,0.0,0.0,0.0,0,0,0,0,0,0,48,0,0,0,0,0,0,0,
49,0.98,approach,approach,forward_left,0,0,0,0,0.0,0.0,0,0,1.000000034088913,0.9999999862655242,0.25866722135683,3.264195949508096,3.725397731616117,0.36427587645700543,3.690563179760435e-09,8.127616932305492e-13,-3.690563090264304e-09,8.215130116388689e-16,2.9407129989630043e-12,4.870305866729145e-12,-5.234740946643325e-11,0.3017390145719298,0.7727197304304588,0.998543669255446,0.998543669255446,0.9999999999975275,0,0,0,0,3.3001983,3.3739939,3.693293368081014,-0.844219689873621,0.36427587645700543,0.05124573931852159,-0.06058882744155747,0.7727197304304588,4.2395361375766205,-3.4477985482614306,1.4111248808439596,8.539648258144231,0,,0,0.0,0.0,0.0,0.0,0.0,0.0,0,0,0,0,0,0,49,0,0,0,0,0,0,0,
50,1.0,approach,approach,forward_left,0,0,0,0,0.0,0.0,0,0,1.000000034088913,0.9999999862655242,0.25866722135683,3.264195949549815,3.716851621084711,0.36427587645700543,3.6905588431973938e-09,8.155057323694597e-13,-3.690558753093763e-09,-3.9865094987234e-15,2.916419642886216e-12,4.8854012311398726e-12,-5.2347413780622304e-11,0.3017390145719298,0.7728504272311038,0.9986274282939186,0.9986274282939186,0.999999999997528,0,0,0,0,3.285633,3.3703732,3.6932933680810334,-0.8442196899474339,0.36427587645700543,0.059154370759108024,-0.06446349644587862,0.7728504272311038,4.23089569348224,-3.439083996333204,1.4098536233683552,8.761002892694703,0,,0,0.0,0.0,0.0,0.0,0.0,0.0,0,0,0,0,0,0,50,0,0,0,0,0,0,0,
51,1.02,approach,approach,forward_left,0,0,0,0,0.0,0.0,0,0,1.000000034088913,0.9999999862655242,0.25866722135683,3.2641959495915347,3.7079699518272666,0.36427587645700527,3.6905563951848222e-09,8.169764446725591e-13,-3.6905563047510857e-09,-7.14769052646344e-15,2.90252144295262e-12,4.893492495061851e-12,-5.2347418580113475e-11,0.3017390145719293,0.7724847701632974,0.9986996844144956,0.9986996844144956,0.9999999999975283,0,0,0,0,3.27065,3.3663614,3.693293368081053,-0.8442196900212469,0.36427587645700527,0.06729622620242184,-0.0688579094685151,0.7724847701632974,4.221896832429776,-3.429883363660613,1.4088794396037088,9.000621676069926,0,,0,0.0,0.0,0.0,0.0,0.0,0.0,0,0,0,0,0,0,51,0,0,0,0,0,0,0,
52,1.04,approach,approach,forward_left,0,0,0,0,0.0,0.0,0,0,1.000000034088913,0.9999999862655242,0.25866722135683,3.2641959496332538,3.6987106181164418,0.36427587645700504,3.69055526469049e-09,8.179505748924258e-13,-3.6905551740403347e-09,-7.460927217501535e-15,2.895912084326123e-12,4.898874765305274e-12,-5.2347423849223655e-11,0.3017390145719287,0.7714698960286621,0.9987584110116052,0.9987584110116052,0.9999999999975288,0,0,0,0,3.2552862,3.3618426,3.6932933680810724,-0.8442196900950598,0.36427587645700504,0.07570562307964175,-0.07381775358219353,0.7714698960286621,4.212495342573195,-3.420142522394138,1.408220637215195,9.213482892366486,0,,0,0.0,0.0,0.0,0.0,0.0,0.0,0,0,0,0,0,0,52,0,0,0,0,0,0,0,
53,1.06,approach,approach,forward_left,0,0,0,0,0.0,0.0,0,0,1.000000034088913,0.9999999862655242,0.25866722135683,3.2641959496749733,3.6890211599464022,0.36427587645700493,3.6905546416056103e-09,8.184078821107097e-13,-3.690554550854639e-09,-7.167254402746654e-15,2.8920641503986163e-12,4.901357478046767e-12,-5.234742927447678e-11,0.30173901457192837,0.7696017338756497,0.9987928827869947,0.9987928827869947,0.9999999999975294,0,0,0,0,3.239625,3.3566701,3.693293368081092,-0.8442196901688728,0.36427587645700493,0.0844307921217488,-0.07937459057524109,0.7696017338756497,4.202637427667492,-3.4098038453630277,1.4078760082762276,9.304871590752914,0,,0,0.0,0.0,0.0,0.0,0.0,0.0,0,0,0,0,0,0,53,0,0,0,0,0,0,0,
54,1.08,approach,approach,forward_left,0,0,0,0,0.0,0.0,0,0,1.000000034088913,0.9999999862655242,0.25866722135683,3.2641959497166924,3.678609048119959,0.3642758764570047,3.6905542900082814e-09,8.18448437709656e-13,-3.6905541992246707e-09,-1.5027764523505573e-14,2.889727963829458e-12,4.901562424371019e-12,-5.2347434219423355e-11,0.3017390145719277,0.7672563619790499,0.9986900823281508,0.9986900823281508,0.9999999999975275,0,0,0,0,3.224233,3.3508124,3.6932933680811115,-0.8442196902426857,0.3642758764570047,0.09379846669958017,-0.08540417653833911,0.7672563619790499,4.192039988255536,-3.3986679402031283,1.4075584396910328,8.942487332179589,0,,0,0.0,0.0,0.0,0.0,0.0,0.0,0,0,0,0,0,0,54,0,0,0,0,0,0,0,
55,1.1,approach,approach,forward_left,0,0,0,0,0.0,0.0,0,0,1.000000034088913,0.9999999862655242,0.25866722135683,3.264195949758412,3.6675442971426517,0.3642758764570045,3.69055433579739e-09,8.189588692599441e-13,-3.6905542448974904e-09,-1.576062261492509e-14,2.8896009915207516e-12,4.904427078174232e-12,-5.2347439927667186e-11,0.3017390145719271,0.7663978199663553,0.998598535412369,0.998598535412369,0.9999999999975282,0,0,0,0,3.2106028,3.345417,3.693293368081131,-0.8442196903164987,0.3642758764570045,0.10381278475988226,-0.09155089631522163,0.7663978199663553,4.180790201883365,-3.3869323096912356,1.4069721749463204,8.402627711412313,0,,0,0.0,0.0,0.0,0.0,0.0,0.0,0,0,0,0,0,0,55,0,0,0,0,0,0,0,
56,1.12,approach,approach,forward_left,0,0,0,0,0.0,0.0,0,0,1.000000034088913,0.9999999862655242,0.25866722135683,3.264195949800131,3.657139884016249,0.36427587645700427,3.6905542899159536e-09,8.189307698441005e-13,-3.6905541990262293e-09,-1.480917265381984e-14,2.8889392703460686e-12,4.904254131922783e-12,-5.2347445401928e-11,0.3017390145719265,0.7664051273405931,0.9985851109617072,0.9985851109617072,0.9999999999975285,0,0,0,0,3.1984196,3.339291,3.6932933680811506,-0.8442196903903116,0.36427587645700427,0.11319703227565649,-0.0975053155357383,0.7664051273405931,4.170201415913996,-3.3758251982079273,1.406583222709127,8.111470493825266,0,,0,0.0,0.0,0.0,0.0,0.0,0.0,0,0,0,0,0,0,56,0,0,0,0,0,0,0,
57,1.1400000000000001,approach,approach,forward_left,0,0,0,0,0.0,0.0,0,0,1.000000034088913,0.9999999862655242,0.25866722135683,3.2641959498418505,3.647219613951846,0.36427587645700404,3.6905543112609667e-09,8.189404029729668e-13,-3.69055422037738e-09,-1.2579163293273747e-14,2.8886551184318086e-12,4.904291725174906e-12,-5.234745075672078e-11,0.3017390145719258,0.7665065363785902,0.998618580745818,0.998618580745818,0.999999999997529,0,0,0,0,3.1873322,3.3315012,3.69329336808117,-0.8442196904641246,0.36427587645700404,0.12224423246976443,-0.10272189313490349,0.7665065363785902,4.160128035504054,-3.365413053992513,1.4057759026288077,8.011755776196853,0,,0,0.0,0.0,0.0,0.0,0.0,0.0,0,0,0,0,0,0,57,0,0,0,0,0,0,0,
58,1.16,approach,approach,forward_left,0,0,0,0,0.0,0.0,0,0,1.000000034088913,0.9999999862655242,0.25866722135683,3.2641959498835695,3.637409371672552,0.3642758764570038,3.69055420585833e-09,8.188978909360945e-13,-3.6905541149868504e-09,-1.1767735825708954e-14,2.8876603428406242e-12,4.904053508987529e-12,-5.234745656338981e-11,0.3017390145719252,0.7668265911376484,0.9987051200434193,0.9987051200434193,0.9999999999975296,0,0,0,0,3.1772568,3.3223126,3.6932933680811897,-0.8442196905379376,0.3642758764570038,0.1313233407439131,-0.10725533489908248,0.7668265911376484,4.150198011530273,-3.355360543435023,1.4043868985043746,7.9980714863333535,0,,0,0.0,0.0,0.0,0.0,0.0,0.0,0,0,0,0,0,0,58,0,0,0,0,0,0,0,
59,1.18,approach,approach,forward_left,0,0,0,0,0.0,0.0,0,0,1.000000034088913,0.9999999862655242,0.25866722135683,3.264195949925289,3.6275201033722357,0.3642758764570035,3.6905542241636475e-09,8.1881549806632e-13,-3.6905541332781e-09,-1.942304669361309e-14,2.8873632104138595e-12,4.903593999995098e-12,-5.2347461688097734e-11,0.30173901457192426,0.7672366268846808,0.9987689657223164,0.9987689657223164,0.9999999999975278,0,0,0,0,3.1679702,3.31174,3.6932933680812092,-0.8442196906117505,0.3642758764570035,0.14057754766229963,-0.11134016455381036,0.7672366268846808,4.140212653917084,-3.3454170175322058,1.4025288158093712,7.9602175377635325,0,,0,0.0,0.0,0.0,0.0,0.0,0.0,0,0,0,0,0,0,59,0,0,0,0,0,0,0,
60,1.2,approach,approach,forward_left,0,0,0,0,0.0,0.0,0,0,1.000000034088913,0.9999999862655242,0.25866722135683,3.264195949967008,3.6173704537321556,0.36427587645700327,3.690554123108112e-09,8.187662035589771e-13,-3.6905540322491407e-09,-1.618019906240535e-14,2.8863841103549757e-12,4.903323859334154e-12,-5.234746746083957e-11,0.3017390145719236,0.7675810569963933,0.9988262340588144,0.9988262340588144,0.999999999997528,0,0,0,0,3.1591113,3.2999036,3.6932933680812288,-0.8442196906855635,0.36427587645700327,0.15014635188550346,-0.1151941622177949,0.7675810569963933,4.129981569719425,-3.3353443333524986,1.4003025307081893,7.8566600875397,0,,0,0.0,0.0,0.0,0.0,0.0,0.0,0,0,0,0,0,0,60,0,0,0,0,0,0,0,
61,1.22,approach,approach,forward_left,0,0,0,0,0.0,0.0,0,0,1.000000034088913,0.9999999862655242,0.25866722135683,3.264195950008727,3.6069166828164594,0.36427587645700304,3.690554139350986e-09,8.187286303413193e-13,-3.6905540485003367e-09,-1.6183362275957048e-14,2.8860866396227255e-12,4.903097931462029e-12,-5.234747267672341e-11,0.301739014571923,0.7677454212588277,0.9988990995985191,0.9988990995985191,0.9999999999975286,0,0,0,0,3.1504006,3.2870302,3.6932933680812483,-0.8442196907593764,0.36427587645700304,0.1600573733255964,-0.11889813300534763,0.7677454212588277,4.1194574168959495,-3.3250740480357774,1.3977591108122538,7.72371176443538,0,,0,0.0,0.0,0.0,0.0,0.0,0.0,0,0,0,0,0,0,61,0,0,0,0,0,0,0,
62,1.24,approach,approach,forward_left,0,0,0,0,0.0,0.0,0,0,1.000000034088913,0.9999999862655242,0.25866722135683,3.2641959500504463,3.5961586018170686,0.3642758764570028,3.690554366158443e-09,8.189623797312145e-13,-3.69055427526482e-09,-1.4011657409838771e-14,2.886956001949258e-12,4.9044424097889234e-12,-5.2347478450134807e-11,0.3017390145719223,0.7676586238183611,0.9989712996499015,0.9989712996499015,0.999999999997529,0,0,0,0,3.1415977,3.2733212,3.693293368081268,-0.8442196908331894,0.3642758764570028,0.17030016774396975,-0.12250257187309495,0.7676586238183611,4.108637434080785,-3.314586250279132,1.394946120423088,7.585532871724921,0,,0,0.0,0.0,0.0,0.0,0.0,0.0,0,0,0,0,0,0,62,0,0,0,0,0,0,0,
63,1.26,approach,approach,forward_left,0,0,0,0,0.0,0.0,0,0,1.000000034088913,0.9999999862655242,0.25866722135683,3.264195950092166,3.5850738155189807,0.36427587645700255,3.690554368649396e-09,8.189064146305407e-13,-3.6905542777703833e-09,-1.3421983235791043e-14,2.886555394918634e-12,4.904124686971204e-12,-5.2347483797239376e-11,0.30173901457192154,0.767276875934966,0.999032058677373,0.999032058677373,0.9999999999975274,0,0,0,0,3.132499,3.2588682,3.6932933680812874,-0.8442196909070023,0.36427587645700255,0.18088685717918307,-0.1260590091008137,0.767276875934966,4.097496829714834,-3.3038418243666285,1.3918992284952276,7.4410539683889025,0,,0,0.0,0.0,0.0,0.0,0.0,0.0,0,0,0,0,0,0,63,0,0,0,0,0,0,0,
64,1.28,approach,approach,forward_left,0,0,0,0,0.0,0.0,0,0,1.000000034088913,0.9999999862655242,0.25866722135683,3.264195950133885,3.573611889538792,0.36427587645700216,3.6905544335652638e-09,8.188133075045613e-13,-3.6905543426869206e-09,-1.810259438991313e-14,2.8865218359922476e-12,4.9036039440244005e-12,-5.234748929091968e-11,0.3017390145719204,0.7665869174567584,0.9990790464535482,0.9990790464535482,0.9999999999975279,0,0,0,0,3.1229722,3.2437263,3.693293368081307,-0.8442196909808153,0.36427587645700216,0.1918653115069057,-0.12958446816666852,0.7665869174567584,4.085984918880585,-3.292791654787788,1.388605435396578,7.299814321310796,0,,0,0.0,0.0,0.0,0.0,0.0,0.0,0,0,0,0,0,0,64,0,0,0,0,0,0,0,
65,1.3,approach,approach,forward_left,0,0,0,0,0.0,0.0,0,0,1.000000034088913,0.9999999862655242,0.25866722135683,3.2641959501756044,3.5616944977483342,0.36427587645700193,3.690554506673965e-09,8.188988135647773e-13,-3.690554415788695e-09,-1.5453491988252882e-14,2.8865126355230734e-12,4.904080376298828e-12,-5.234749470945651e-11,0.3017390145719198,0.7655836659279858,0.9991124202078088,0.9991124202078088,0.9999999999975282,0,0,0,0,3.1129267,3.227931,3.6932933680813265,-0.8442196910546282,0.36427587645700193,0.20331721274905964,-0.13306982604517278,0.7655836659279858,4.074024858199383,-3.2813734999415862,1.3850110646387863,7.173668823364263,0,,0,0.0,0.0,0.0,0.0,0.0,0.0,0,0,0,0,0,0,65,0,0,0,0,0,0,0,
66,1.32,approach,approach,forward_left,0,0,0,0,0.0,0.0,0,0,1.000000034088913,0.9999999862655242,0.25866722135683,3.2641959502173234,3.5492349707991013,0.3642758764570017,3.690554586047681e-09,8.188113716725364e-13,-3.690554495189994e-09,-1.3357922942284249e-14,2.88655544666565e-12,4.903587292593757e-12,-5.234750027880874e-11,0.30173901457191915,0.7642477546091833,0.9991333543973678,0.9991333543973678,0.9999999999975289,0,0,0,0,3.1022856,3.2114906,3.693293368081346,-0.8442196911284412,0.3642758764570017,0.21533461725955563,-0.13649671882541498,0.7642477546091833,4.061532079791879,-3.269521779304768,1.38104895372868,7.070842586965396,0,,0,0.0,0.0,0.0,0.0,0.0,0.0,0,0,0,0,0,0,66,0,0,0,0,0,0,0,
67,1.34,approach,approach,forward_left,0,0,0,0,0.0,0.0,0,0,1.000000034088913,0.9999999862655242,0.25866722135683,3.264195950259043,3.5361605319670084,0.3642758764570015,3.6905545672794287e-09,8.188303678358711e-13,-3.690554476419825e-09,-1.270722037598386e-14,2.886031313168657e-12,4.9036828658528635e-12,-5.234750596076262e-11,0.30173901457191854,0.7625324186560937,0.9991410975958013,0.9991410975958013,0.9999999999975293,0,0,0,0,3.0909734,3.1944485,3.6932933680813655,-0.8442196912022542,0.3642758764570015,0.22799898145745545,-0.13982908800398774,0.7625324186560937,4.0484367265577035,-3.2571896555455044,1.3766433291337874,6.993255307591699,0,,0,0.0,0.0,0.0,0.0,0.0,0.0,0,0,0,0,0,0,67,0,0,0,0,0,0,0,
68,1.36,approach,approach,forward_left,0,0,0,0,0.0,0.0,0,0,1.000000034088913,0.9999999862655242,0.25866722135683,3.264195950300762,3.5224321737745865,0.36427587645700116,3.6905547168889946e-09,8.187180260094919e-13,-3.6905546260290942e-09,-1.864547297222637e-14,2.8864733771197334e-12,4.903051423877209e-12,-5.234751116994129e-11,0.3017390145719176,0.7603112766524037,0.9991265826838698,0.9991265826838698,0.9999999999975276,0,0,0,0,3.0789065,3.176902,3.693293368081385,-0.8442196912760671,0.36427587645700116,0.2413649667054893,-0.14299310120919762,0.7603112766524037,4.034704392471097,-3.244373741621093,1.3717023888299928,6.956486050601629,0,,0,0.0,0.0,0.0,0.0,0.0,0.0,0,0,0,0,0,0,68,0,0,0,0,0,0,0,
69,1.3800000000000001,approach,approach,forward_left,0,0,0,0,0.0,0.0,0,0,1.000000034088913,0.9999999862655242,0.25866722135683,3.2641959503424816,3.508034511488591,0.36427587645700094,3.690554773978675e-09,8.18670635972962e-13,-3.690554683134726e-09,-1.7536248885518925e-14,2.8863773194481787e-12,4.902777411304444e-12,-5.2347516780508975e-11,0.30173901457191693,0.7573858113420261,0.9990697999312714,0.9990697999312714,0.9999999999975281,0,0,0,0,3.066056,3.1590734,3.6932933680814046,-0.8442196913498801,0.36427587645700094,0.2554824001177483,-0.14582017649911455,0.7573858113420261,4.02032923057081,-3.2311281712609876,1.3660588840451284,7.026825757496149,0,,0,0.0,0.0,0.0,0.0,0.0,0.0,0,0,0,0,0,0,69,0,0,0,0,0,0,0,
70,1.4000000000000001,approach,approach,forward_left,0,0,0,0,0.0,0.0,0,0,1.000000034088913,0.9999999862655242,0.25866722135683,3.2641959503842006,3.4930065478566945,0.3642758764570007,3.6905547726998023e-09,8.185963617845956e-13,-3.690554681876379e-09,-1.6662159200338236e-14,2.8859720234225355e-12,4.9023614123260995e-12,-5.234752207485491e-11,0.3017390145719163,0.7537992548545558,0.9989802514610728,0.9989802514610728,0.9999999999975285,0,0,0,0,3.0524998,3.141323,3.693293368081424,-0.844219691423693,0.3642758764570007,0.2703733710097913,-0.14800604819564125,0.7537992548545558,4.005366653584271,-3.2176066238864616,1.3594492845603736,7.47228635804997,0,,0,0.0,0.0,0.0,0.0,0.0,0.0,0,0,0,0,0,0,70,0,0,0,0,0,0,0,
71,1.42,approach,approach,forward_left,0,0,0,0,0.0,0.0,0,0,1.000000034088913,0.9999999862655242,0.25866722135683,3.26419595042592,3.4779158649628727,0.3642758764570005,3.6905549812053197e-09,8.188322154677746e-13,-3.690554890337814e-09,-1.4725685822933415e-14,2.8867349205010937e-12,4.903720529239547e-12,-5.23475278431981e-11,0.30173901457191565,0.7517999268989215,0.9986153686821311,0.9986153686821311,0.9999999999975291,0,0,0,0,3.0386052,3.125294,3.6932933680814437,-0.844219691497506,0.3642758764570005,0.2851222590576987,-0.1512056545716281,0.7517999268989215,3.990287118155355,-3.203629565051017,1.3537563937767667,8.333317662278592,0,,0,0.0,0.0,0.0,0.0,0.0,0.0,0,0,0,0,0,0,71,0,0,0,0,0,0,0,
72,1.44,approach,approach,forward_left,0,0,0,0,0.0,0.0,0,0,1.000000034088913,0.9999999862655242,0.25866722135683,3.264195950467639,3.463769562390168,0.36427587645700027,3.690555012611588e-09,8.189524486461512e-13,-3.690554921722181e-09,-1.3475543072415968e-14,2.886500697026476e-12,4.904378684797344e-12,-5.234753321508488e-11,0.30173901457191504,0.7517964210942631,0.9982471567957469,0.9982471567957469,0.9999999999975295,0,0,0,0,3.0242164,3.1101682,3.6932933680814632,-0.8442196915713189,0.36427587645700027,0.298781235797613,-0.15502671052876446,0.7517964210942631,3.9761061774408613,-3.1902006844934605,1.3491920448913237,8.610400645658862,0,,0,0.0,0.0,0.0,0.0,0.0,0.0,0,0,0,0,0,0,72,0,0,0,0,0,0,0,
73,1.46,approach,approach,forward_left,0,0,0,0,0.0,0.0,0,0,1.000000034088913,0.9999999862655242,0.25866722135683,3.2641959505093587,3.4502708843064385,0.3642758764569999,3.6905550251821896e-09,8.188844996672474e-13,-3.6905549342741445e-09,-2.0747356592000716e-14,2.886166441413713e-12,4.903994375430406e-12,-5.234753885332017e-11,0.30173901457191393,0.752939363665669,0.9980935084436722,0.9980935084436722,0.9999999999975276,0,0,0,0,3.0088797,3.0959382,3.693293368081483,-0.8442196916451319,0.3642758764569999,0.3117677586207282,-0.1589068232019608,0.752939363665669,3.9625612656184077,-3.177293280624199,1.3450563497463786,8.739776522682702,0,,0,0.0,0.0,0.0,0.0,0.0,0.0,0,0,0,0,0,0,73,0,0,0,0,0,0,0,
74,1.48,approach,approach,forward_left,0,0,0,0,0.0,0.0,0,0,1.000000034088913,0.9999999862655242,0.25866722135683,3.264195950551078,3.436981328065383,0.3642758764569996,3.6905551163631337e-09,8.187828794353924e-13,-3.690555025500405e-09,-1.6198898654601625e-14,2.886269569329694e-12,4.9034290692505964e-12,-5.234754442804293e-11,0.30173901457191316,0.7547524168955642,0.9980593870137997,0.9980593870137997,0.9999999999975283,0,0,0,0,2.9926627,3.08238,3.6932933680815023,-0.8442196917189448,0.3642758764569996,0.3244826098508474,-0.1630774711075035,0.7547524168955642,3.949206391616679,-3.164445885559948,1.3413138658915011,8.931809499227588,0,,0,0.0,0.0,0.0,0.0,0.0,0.0,0,0,0,0,0,0,74,0,0,0,0,0,0,0,
75,1.5,approach,approach,forward_left,0,0,0,0,0.0,0.0,0,0,1.000000034088913,0.9999999862655242,0.25866722135683,3.2641959505927973,3.423631844466464,0.3642758764569994,3.690555152534249e-09,8.187866397370125e-13,-3.6905550616797867e-09,-1.3972779274921e-14,2.8860596126063118e-12,4.903438387922743e-12,-5.2347549785977214e-11,0.3017390145719125,0.7568787305790824,0.9981196379673765,0.9981196379673765,0.9999999999975288,0,0,0,0,2.9757476,3.0691493,3.693293368081522,-0.8442196917927578,0.3642758764569994,0.3371881351698017,-0.16760113450407793,0.7568787305790824,3.9357721500666774,-3.1514067370869356,1.3378679246801302,9.155659132470284,0,,0,0.0,0.0,0.0,0.0,0.0,0.0,0,0,0,0,0,0,75,0,0,0,0,0,0,0,
76,1.52,approach,approach,forward_left,0,0,0,0,0.0,0.0,0,0,1.000000034088913,0.9999999862655242,0.25866722135683,3.2641959506345164,3.410170158220353,0.36427587645699916,3.6905553098207493e-09,8.186713911977546e-13,-3.6905552189955603e-09,-1.29581173156735e-14,2.8865339984230376e-12,4.9027933360135995e-12,-5.234755535380282e-11,0.3017390145719119,0.7590743026839711,0.9982837710711783,0.9982837710711783,0.999999999997529,0,0,0,0,2.9584844,3.0562928,3.6932933680815414,-0.8442196918665708,0.36427587645699916,0.3499335698567061,-0.17250117371285867,0.7590743026839711,3.9222053391154272,-3.1381220128808454,1.334709983587933,9.382196142781096,0,,0,0.0,0.0,0.0,0.0,0.0,0.0,0,0,0,0,0,0,76,0,0,0,0,0,0,0,
77,1.54,approach,approach,forward_left,0,0,0,0,0.0,0.0,0,0,1.000000034088913,0.9999999862655242,0.25866722135683,3.264195950676236,3.3966326753363765,0.36427587645699894,3.69055529004458e-09,8.186449834465445e-13,-3.6905551992288677e-09,-1.1882725941559406e-14,2.8860177281300928e-12,4.902634239627753e-12,-5.234756075641459e-11,0.3017390145719112,0.7611707218465363,0.9984963115666032,0.9984963115666032,0.9999999999975295,0,0,0,0,2.9410083,3.0439415,3.693293368081561,-0.8442196919403837,0.36427587645699894,0.36267870381052636,-0.17779678619246703,0.7611707218465363,3.9085405178492416,-3.12461404409678,1.331878600547331,9.643764353639147,0,,0,0.0,0.0,0.0,0.0,0.0,0.0,0,0,0,0,0,0,77,0,0,0,0,0,0,0,
78,1.56,approach,approach,forward_left,0,0,0,0,0.0,0.0,0,0,1.000000034088913,0.9999999862655242,0.25866722135683,3.264195950717955,3.382996925430434,0.36427587645699855,3.690555531183077e-09,8.188743338506369e-13,-3.690555440284227e-09,-1.9476206673916198e-14,2.8869651135350168e-12,4.903954627902244e-12,-5.234756632161156e-11,0.3017390145719101,0.7630029642703263,0.998723981707833,0.998723981707833,0.9999999999975278,0,0,0,0,2.923259,3.0320344,3.6932933680815805,-0.8442196920141967,0.36427587645699855,0.3754404007324498,-0.1835231773235739,0.7630029642703263,3.8947531534164828,-3.11084902597806,1.329393295847066,9.921358326099078,0,,0,0.0,0.0,0.0,0.0,0.0,0.0,0,0,0,0,0,0,78,0,0,0,0,0,0,0,
79,1.58,approach,approach,forward_left,0,0,0,0,0.0,0.0,0,0,1.000000034088913,0.9999999862655242,0.25866722135683,3.2641959507596745,3.3692593052697513,0.3642758764569983,3.690555495593171e-09,8.190136029252096e-13,-3.690555404682851e-09,-1.5358162074352478e-14,2.8863450001554034e-12,4.904722095285744e-12,-5.23475720486339e-11,0.3017390145719095,0.7644410368366791,0.9989513977486352,0.9989513977486352,0.9999999999975281,0,0,0,0,2.9051175,3.020492,3.6932933680816,-0.8442196920880096,0.3642758764569983,0.3882205575133358,-0.18969545037560068,0.7644410368366791,3.880838416175204,-3.0968168602858714,1.327265459505357,10.195001055245827,0,,0,0.0,0.0,0.0,0.0,0.0,0.0,0,0,0,0,0,0,79,0,0,0,0,0,0,0,
80,1.6,approach,approach,forward_left,0,0,0,0,0.0,0.0,0,0,1.000000034088913,0.9999999862655242,0.25866722135683,3.2641959508013936,3.3554168460533886,0.3642758764569981,3.690555546489757e-09,8.189344173462428e-13,-3.690555455600274e-09,-1.4552728437065566e-14,2.886237754432274e-12,4.904271304696076e-12,-5.234757738028135e-11,0.3017390145719088,0.7653672459824746,0.9991629359954061,0.9991629359954061,0.9999999999975288,0,0,0,0,2.886483,3.0091908,3.6932933680816196,-0.8442196921618226,0.3642758764569981,0.40101943870534346,-0.19633499198117618,0.7653672459824746,3.866791690919755,-3.0825052456247146,1.325512588199369,10.456401553359608,0,,0,0.0,0.0,0.0,0.0,0.0,0.0,0,0,0,0,0,0,80,0,0,0,0,0,0,0,
81,1.62,approach,approach,forward_left,0,0,0,0,0.0,0.0,0,0,1.000000034088913,0.9999999862655242,0.25866722135683,3.264195950843113,3.3414508743453917,0.3642758764569979,3.6905557230840772e-09,8.188096462591613e-13,-3.690555632228973e-09,-1.2743856604814716e-14,2.8868201131339056e-12,4.9035764590730796e-12,-5.234758288877077e-11,0.3017390145719082,0.7656618299770112,0.9993346047086887,0.9993346047086887,0.9999999999975294,0,0,0,0,2.8672976,2.9979703,3.693293368081639,-0.8442196922356355,0.3642758764569979,0.4138474087819666,-0.20349498871888047,0.7656618299770112,3.8525909573163317,-3.0678755806654445,1.324172710495214,10.715168757204914,0,,0,0.0,0.0,0.0,0.0,0.0,0.0,0,0,0,0,0,0,81,0,0,0,0,0,0,0,
82,1.6400000000000001,approach,approach,forward_left,0,0,0,0,0.0,0.0,0,0,1.000000034088913,0.9999999862655242,0.25866722135683,3.264195950884832,3.327323512072737,0.3642758764569976,3.6905557447242706e-09,8.188172153316785e-13,-3.6905556538508463e-09,-1.6888987021208952e-14,2.8865212399465276e-12,4.9036092058432215e-12,-5.2347588044959085e-11,0.30173901457190744,0.765124494881076,0.9994524172878112,0.9994524172878112,0.9999999999975275,0,0,0,0,2.847568,2.9867039,3.6932933680816586,-0.8442196923094485,0.3642758764569976,0.4267266816502472,-0.2112711658963107,0.765124494881076,3.83819264142708,-3.0528554533753915,1.3233122589881,10.96051659896669,0,,0,0.0,0.0,0.0,0.0,0.0,0.0,0,0,0,0,0,0,82,0,0,0,0,0,0,0,
83,1.6600000000000001,approach,approach,forward_left,0,0,0,0,0.0,0.0,0,0,1.000000034088913,0.9999999862655242,0.25866722135683,3.2641959509265517,3.313069811358652,0.3642758764569973,3.6905557779095313e-09,8.187365601417995e-13,-3.690555687052099e-09,-1.729969432910135e-14,2.8863034266038235e-12,4.903156988068747e-12,-5.234759383871651e-11,0.3017390145719066,0.7634751883942092,0.9994832216598307,0.9994832216598307,0.9999999999975282,0,0,0,0,2.8274007,2.975294,3.693293368081678,-0.8442196923832614,0.3642758764569973,0.43959995207339897,-0.2197913701873266,0.7634751883942092,3.8236230830802804,-3.0374199150257226,1.323069096737274,11.063109861529508,0,,0,0.0,0.0,0.0,0.0,0.0,0.0,0,0,0,0,0,0,83,0,0,0,0,0,0,0,
84,1.68,approach,approach,forward_left,0,0,0,0,0.0,0.0,0,0,1.000000034088913,0.9999999862655242,0.25866722135683,3.2641959509682708,3.2986485697416126,0.3642758764569971,3.6905558071688704e-09,8.18696793852558e-13,-3.6905557163242295e-09,-1.6431177231334494e-14,2.88605836345924e-12,4.902923817384977e-12,-5.234759944534886e-11,0.301739014571906,0.7604236878010036,0.9993687091234694,0.9993687091234694,0.9999999999975284,0,0,0,0,2.8070743,2.963656,3.6932933680816977,-0.8442196924570744,0.3642758764569971,0.4524833653675309,-0.22921325918487764,0.7604236878010036,3.8088312661070765,-3.021466570014949,1.3235641854252809,10.82594916625913,0,,0,0.0,0.0,0.0,0.0,0.0,0.0,0,0,0,0,0,0,84,0,0,0,0,0,0,0,
85,1.7,approach,approach,forward_left,0,0,0,0,0.0,0.0,0,0,1.000000034088913,0.9999999862655242,0.25866722135683,3.2641959510099903,3.2834350771356617,0.3642758764569969,3.690555858526187e-09,8.186087361071954e-13,-3.6905557677071084e-09,-1.5016432049794043e-14,2.885945364558822e-12,4.902433884210049e-12,-5.2347603658119304e-11,0.3017390145719054,0.756916878079748,0.9989589244520852,0.9989589244520852,0.9999999999975288,0,0,0,0,2.7877297,2.9517608,3.6932933680817173,-0.8442196925308874,0.3642758764569969,0.4660921969120497,-0.23914241931200766,0.756916878079748,3.7932224815904902,-3.0046280809805928,1.3240679743682913,10.018805863086422,0,,0,0.0,0.0,0.0,0.0,0.0,0.0,0,0,0,0,0,0,85,0,0,0,0,0,0,0,
86,1.72,approach,approach,forward_left,0,0,0,0,0.0,0.0,0,0,1.000000034088913,0.9999999862655242,0.25866722135683,3.2641959510517093,3.267442987839373,0.36427587645699666,3.690555982430774e-09,8.188672793725117e-13,-3.690555891555979e-09,-1.460845782146454e-14,2.886236375677096e-12,4.903916848988753e-12,-5.234761026330588e-11,0.3017390145719047,0.7561407808739687,0.9988903118277933,0.9988903118277933,0.9999999999975294,0,0,0,0,2.7721462,2.9409459,3.693293368081737,-0.8442196926047003,0.36427587645699666,0.48067038609490764,-0.2482018620067037,0.7561407808739687,3.776891968794703,-2.9874811501502165,1.3233064861466641,9.320425478317881,0,,0,0.0,0.0,0.0,0.0,0.0,0.0,0,0,0,0,0,0,86,0,0,0,0,0,0,0,
87,1.74,approach,approach,forward_left,0,0,0,0,0.0,0.0,0,0,1.000000034088913,0.9999999862655242,0.25866722135683,3.2641959510934284,3.252523961028029,0.3642758764569962,3.690556105370719e-09,8.189623629484147e-13,-3.6905560144491613e-09,-2.00713351946215e-14,2.88651571341991e-12,4.904434242333432e-12,-5.234761584148911e-11,0.30173901457190344,0.7568042132832796,0.9989136833219171,0.9989136833219171,0.9999999999975275,0,0,0,0,2.7591121,2.929478,3.6932933680817563,-0.8442196926785133,0.3642758764569962,0.4943868398791204,-0.2560792835209549,0.7568042132832796,3.761687983517506,-2.9717130620713994,1.3220565773731816,9.161913263267062,0,,0,0.0,0.0,0.0,0.0,0.0,0.0,0,0,0,0,0,0,87,0,0,0,0,0,0,0,
88,1.76,approach,approach,forward_left,0,0,0,0,0.0,0.0,0,0,1.000000034088913,0.9999999862655242,0.25866722135683,3.264195951135148,3.238317952268217,0.364275876456996,3.690556166195262e-09,8.18880499432927e-13,-3.6905560753129077e-09,-1.5734849010981127e-14,2.886450200968241e-12,4.903972340896593e-12,-5.234762138513924e-11,0.30173901457190283,0.7583168882465956,0.9990158198412771,0.9990158198412771,0.999999999997528,0,0,0,0,2.7474523,2.916761,3.693293368081776,-0.8442196927523262,0.364275876456996,0.5075337932681789,-0.2631524922788258,0.7583168882465956,3.7472335557093444,-2.9568692373195162,1.320464870178728,9.13121088038939,0,,0,0.0,0.0,0.0,0.0,0.0,0.0,0,0,0,0,0,0,88,0,0,0,0,0,0,0,
89,1.78,approach,approach,forward_left,0,0,0,0,0.0,0.0,0,0,1.000000034088913,0.9999999862655242,0.25866722135683,3.264195951176867,3.2244291483986327,0.3642758764569958,3.6905561931700046e-09,8.187964941496005e-13,-3.6905561023122532e-09,-1.4267714325491586e-14,2.886193299076316e-12,4.903505849799958e-12,-5.234762671937197e-11,0.30173901457190216,0.7602304260806263,0.999134627818425,0.999134627818425,0.9999999999975286,0,0,0,0,2.7365031,2.9027884,3.6932933680817954,-0.8442196928261392,0.3642758764569958,0.5204664562631252,-0.2696653257885771,0.7602304260806263,3.733123898684693,-2.942518827170967,1.3185318671868087,9.10782607379856,0,,0,0.0,0.0,0.0,0.0,0.0,0.0,0,0,0,0,0,0,89,0,0,0,0,0,0,0,
90,1.8,approach,approach,forward_left,0,0,0,0,0.0,0.0,0,0,1.000000034088913,0.9999999862655242,0.25866722135683,3.2641959512185865,3.2106597590243156,0.36427587645699555,3.6905562799273637e-09,8.18786670112466e-13,-3.6905561890772026e-09,-1.2792394836417728e-14,2.886269344922094e-12,4.903438158496971e-12,-5.2347632201516056e-11,0.30173901457190155,0.762148757993928,0.9992042806407486,0.9992042806407486,0.9999999999975291,0,0,0,0,2.725913,2.8878086,3.693293368081815,-0.8442196928999521,0.36427587645699555,0.5333430005400065,-0.2758450251934593,0.762148757993928,3.719150348946508,-2.928402936228051,1.316355700906486,9.060657061953401,0,,0,0.0,0.0,0.0,0.0,0.0,0.0,0,0,0,0,0,0,90,0,0,0,0,0,0,0,
91,1.82,approach,approach,forward_left,0,0,0,0,0.0,0.0,0,0,1.000000034088913,0.9999999862655242,0.25866722135683,3.2641959512603056,3.196844971599999,0.36427587645699533,3.6905562881114155e-09,8.187576466903355e-13,-3.6905561972720975e-09,-1.1451628146266973e-14,2.885900539004888e-12,4.903263310154465e-12,-5.234763763997826e-11,0.30173901457190094,0.7638244362443856,0.999247508937416,0.999247508937416,0.9999999999975272,0,0,0,0,2.7154164,2.8721359,3.6932933680818345,-0.8442196929737651,0.36427587645699533,0.546309570079986,-0.2818045904400031,0.7638244362443856,3.705143536202492,-2.914337137653545,1.3139470387110517,8.999987486993183,0,,0,0.0,0.0,0.0,0.0,0.0,0.0,0,0,0,0,0,0,91,0,0,0,0,0,0,0,
92,1.84,approach,approach,forward_left,0,0,0,0,0.0,0.0,0,0,1.000000034088913,0.9999999862655242,0.25866722135683,3.264195951302025,3.1829475287890148,0.36427587645699494,3.690556422269548e-09,8.186016747970954e-13,-3.6905563314386173e-09,-1.8017805548591032e-14,2.8862518637363466e-12,4.902404744323794e-12,-5.234764324980586e-11,0.30173901457189983,0.7650966027487925,0.9992698380419972,0.9992698380419972,0.9999999999975279,0,0,0,0,2.7048144,2.8558798,3.693293368081854,-0.844219693047578,0.36427587645699494,0.559399612389962,-0.287564594212164,0.7650966027487925,3.691065618855355,-2.900282210610881,1.3113039578366859,8.947242966543074,0,,0,0.0,0.0,0.0,0.0,0.0,0.0,0,0,0,0,0,0,92,0,0,0,0,0,0,0,
93,1.86,approach,approach,forward_left,0,0,0,0,0.0,0.0,0,0,1.000000034088913,0.9999999862655242,0.25866722135683,3.264195951343744,3.168936662476541,0.3642758764569947,3.6905565430014265e-09,8.189040071084587e-13,-3.690556452112428e-09,-1.6068511683774416e-14,2.88652773473382e-12,4.904122060390436e-12,-5.234764909883361e-11,0.30173901457189917,0.7658699972422824,0.9992738639772354,0.9992738639772354,0.999999999997528,0,0,0,0,2.6939447,2.839101,3.6932933680818736,-0.844219693121391,0.3642758764569947,0.5726351152633677,-0.29317374231174265,0.7658699972422824,3.6768833698119545,-2.886192494919775,1.308454222759332,8.90486784796259,0,,0,0.0,0.0,0.0,0.0,0.0,0.0,0,0,0,0,0,0,93,0,0,0,0,0,0,0,
94,1.8800000000000001,approach,approach,forward_left,0,0,0,0,0.0,0.0,0,0,1.000000034088913,0.9999999862655242,0.25866722135683,3.2641959513854637,3.1547734156948395,0.3642758764569945,3.6905566053534363e-09,8.188345078272644e-13,-3.6905565144871005e-09,-1.4309172236882632e-14,2.8864646479148623e-12,4.90372655598542e-12,-5.234765416599675e-11,0.30173901457189856,0.7661129358016552,0.9992634382498021,0.9992634382498021,0.9999999999975289,0,0,0,0,2.6827166,2.821861,3.693293368081893,-0.844219693195204,0.3642758764569945,0.5860505963156999,-0.29865790780180845,0.7661129358016552,3.6625568508564177,-2.872024892163996,1.3053996794718739,8.868934620971183,0,,0,0.0,0.0,0.0,0.0,0.0,0.0,0,0,0,0,0,0,94,0,0,0,0,0,0,0,
95,1.9000000000000001,approach,approach,forward_left,0,0,0,0,0.0,0.0,0,0,1.000000034088913,0.9999999862655242,0.25866722135683,3.2641959514271828,3.140405451033678,0.3642758764569943,3.6905566916226373e-09,8.189189765459468e-13,-3.6905566007407186e-09,-1.3470209403147776e-14,2.8865422606675175e-12,4.904192310942549e-12,-5.234765975143829e-11,0.3017390145718979,0.765839531188587,0.9992416074049831,0.9992416074049831,0.9999999999975293,0,0,0,0,2.6710927,2.804143,3.6932933680819127,-0.8442196932690169,0.3642758764569943,0.5996977620968343,-0.30402285552202185,0.765839531188587,3.648034159275096,-2.8577334821417426,1.3021158711605008,8.843510326836466,0,,0,0.0,0.0,0.0,0.0,0.0,0.0,0,0,0,0,0,0,95,0,0,0,0,0,0,0,
96,1.92,approach,approach,forward_left,0,0,0,0,0.0,0.0,0,0,1.000000034088913,0.9999999862655242,0.25866722135683,3.2641959514689027,3.1257610913534926,0.36427587645699394,3.6905567266690353e-09,8.188430121201037e-13,-3.69055663578016e-09,-1.8900093695979822e-14,2.886335701846291e-12,4.9037636949102836e-12,-5.2347665371636024e-11,0.30173901457189695,0.7650733499499857,0.9992084308807755,0.9992084308807755,0.9999999999975275,0,0,0,0,2.659043,2.7858987,3.693293368081932,-0.8442196933428299,0.36427587645699394,0.6136491851478796,-0.309267259251886,0.7650733499499857,3.6332447547733957,-2.843259134426382,1.2985607012074236,8.837567835448649,0,,0,0.0,0.0,0.0,0.0,0.0,0.0,0,0,0,0,0,0,96,0,0,0,0,0,0,0,
97,1.94,approach,approach,forward_left,0,0,0,0,0.0,0.0,0,0,1.000000034088913,0.9999999862655242,0.25866722135683,3.2641959515106214,3.1107561705705895,0.36427587645699366,3.690556856475071e-09,8.18822291636204e-13,-3.690556765599952e-09,-1.701854679214563e-14,2.8866475862367036e-12,4.9036358623865344e-12,-5.2347670734083824e-11,0.30173901457189617,0.7638249574936334,0.9991604384929406,0.9991604384929406,0.9999999999975281,0,0,0,0,2.6465387,2.7670958,3.6932933680819517,-0.8442196934166428,0.36427587645699366,0.6279912077410754,-0.31438328606758725,0.7638249574936334,3.6181062020658774,-2.8285350333496138,1.2946789246206574,8.858869140746146,0,,0,0.0,0.0,0.0,0.0,0.0,0.0,0,0,0,0,0,0,97,0,0,0,0,0,0,0,
98,1.96,approach,approach,forward_left,0,0,0,0,0.0,0.0,0,0,1.000000034088913,0.9999999862655242,0.25866722135683,3.2641959515523413,3.0953172389403325,0.36427587645699344,3.6905567685185237e-09,8.187736847952522e-13,-3.6905566776629098e-09,-1.5008186842928374e-14,2.8857371484776304e-12,4.90336694925416e-12,-5.2347676392293574e-11,0.3017390145718955,0.7620688265824656,0.9990938993802015,0.9990938993802015,0.9999999999975285,0,0,0,0,2.6335514,2.747723,3.6932933680819713,-0.8442196934904558,0.36427587645699344,0.6428029288480371,-0.31934171736308664,0.7620688265824656,3.602548053001831,-2.813512422278253,1.2904017433989923,8.916361746232466,0,,0,0.0,0.0,0.0,0.0,0.0,0.0,0,0,0,0,0,0,98,0,0,0,0,0,0,0,
99,1.98,approach,approach,forward_left,0,0,0,0,0.0,0.0,0,0,1.000000034088913,0.9999999862655242,0.25866722135683,3.26419595159406,3.079396191764779,0.3642758764569932,3.690556894899974e-09,8.187079522739546e-13,-3.690556804065373e-09,-1.333433165410915e-14,2.8860522015484424e-12,4.902984296594141e-12,-5.2347681500604606e-11,0.3017390145718949,0.7596859785015376,0.998996569675649,0.998996569675649,0.9999999999975289,0,0,0,0,2.62003,2.7278495,3.693293368081991,-0.8442196935642687,0.3642758764569932,0.6581416112736058,-0.32409017219636893,0.7596859785015376,3.58652644192789,-2.7981736479931842,1.285653585353358,9.027869592826756,0,,0,0.0,0.0,0.0,0.0,0.0,0.0,0,0,0,0,0,0,99,0,0,0,0,0,0,0,
100,2.0,approach,approach,forward_left,0,0,0,0,0.0,0.0,0,0,1.000000034088913,0.9999999862655242,0.25866722135683,3.26419595163578,3.0629213031642073,0.364275876456993,3.6905571169729496e-09,8.189419808372466e-13,-3.690557026089998e-09,-1.2307485470464147e-14,2.8868875626211798e-12,4.90433217278335e-12,-5.234768741246457e-11,0.3017390145718943,0.7564683027147893,0.9988874949279831,0.9988874949279831,0.9999999999975293,0,0,0,0,2.6059215,2.7076848,3.6932933680820104,-0.8442196936380817,0.364275876456993,0.674098194139348,-0.3285188006599281,0.7564683027147893,3.5699780424159795,-2.78250573995918,1.2802924339662953,9.207561419890071,0,,0,0.0,0.0,0.0,0.0,0.0,0.0,0,0,0,0,0,0,100,0,0,0,0,0,0,0,
101,2.02,approach,approach,forward_left,0,0,0,0,0.0,0.0,0,0,1.000000034088913,0.9999999862655242,0.25866722135683,3.2641959516774985,3.045762594465063,0.3642758764569926,3.690557079631108e-09,8.188980305727227e-13,-3.690556988730052e-09,-1.8896501585352332e-14,2.8862669861825693e-12,4.9040810654448806e-12,-5.234769281070256e-11,0.30173901457189317,0.7523586849363971,0.9988978772782903,0.9988978772782903,0.9999999999975276,0,0,0,0,2.5912495,2.6876667,3.69329336808203,-0.8442196937118946,0.3642758764569926,0.6908377185300637,-0.3324288630827869,0.7523586849363971,3.552788069937882,-2.766484807318538,1.274061063182714,9.560881726251838,0,,0,0.0,0.0,0.0,0.0,0.0,0.0,0,0,0,0,0,0,101,0,0,0,0,0,0,0,
102,2.04,approach,approach,forward_left,0,0,0,0,0.0,0.0,0,0,1.000000034088913,0.9999999862655242,0.25866722135683,3.2641959517192185,3.027834830324602,0.3642758764569924,3.6905572117223752e-09,8.187869154278791e-13,-3.6905571208598192e-09,-1.5965614962485285e-14,2.886611460418244e-12,4.903452576060567e-12,-5.2347692565474307e-11,0.3017390145718925,0.7483134428594939,0.9988532419178312,0.9988532419178312,0.9999999999975282,0,0,0,0,2.5760617,2.6687744,3.6932933680820494,-0.8442196937857076,0.3642758764569924,0.7083400850137229,-0.33644252058231267,0.7483134428594939,3.5348320009374556,-2.749775922840622,1.2674841750068586,10.360811263241997,0,,0,0.0,0.0,0.0,0.0,0.0,0.0,0,0,0,0,0,0,102,0,0,0,0,0,0,0,
103,2.06,approach,approach,forward_left,0,0,0,0,0.0,0.0,0,0,1.000000034088913,0.9999999862655242,0.25866722135683,3.264195951760937,3.0103705234118725,0.36427587645699216,3.690557280264238e-09,8.188739170146018e-13,-3.6905571893873353e-09,-1.4775980803707794e-14,2.8865787089240357e-12,4.903942731528388e-12,-5.234770342242743e-11,0.3017390145718919,0.7478350595601638,0.9983207592271697,0.9983207592271697,0.9999999999975286,0,0,0,0,2.5610733,2.6528897,3.693293368082069,-0.8442196938595206,0.36427587645699216,0.7251362517547715,-0.34185128221056915,0.7478350595601638,3.5172401613198594,-2.732861512885713,1.2624573813064273,11.029602002625426,0,,0,0.0,0.0,0.0,0.0,0.0,0.0,0,0,0,0,0,0,103,0,0,0,0,0,0,0,
104,2.08,approach,approach,forward_left,0,0,0,0,0.0,0.0,0,0,1.000000034088913,0.9999999862655242,0.25866722135683,3.2641959518026566,2.994318530810044,0.36427587645699194,3.690557329652052e-09,8.187929967417719e-13,-3.690557238800145e-09,-1.2898182035772158e-14,2.8864522659082913e-12,4.903486899465873e-12,-5.2347709236558444e-11,0.30173901457189123,0.7491822415932665,0.9980100808602989,0.9980100808602989,0.9999999999975291,0,0,0,0,2.5453107,2.6374042,3.6932933680820885,-0.8442196939333335,0.36427587645699194,0.7405112386086694,-0.34720746086975957,0.7491822415932665,3.501043820945578,-2.7171494292988965,1.2581901457304057,11.333608435917123,0,,0,0.0,0.0,0.0,0.0,0.0,0.0,0,0,0,0,0,0,104,0,0,0,0,0,0,0,
105,2.1,approach,approach,forward_left,0,0,0,0,0.0,0.0,0,0,1.000000034088913,0.9999999862655242,0.25866722135683,3.2641959518443757,2.9790760235412312,0.3642758764569917,3.6905572556587985e-09,8.188281114970856e-13,-3.69055716480269e-09,-1.1826029543583059e-14,2.885619412447479e-12,4.903672606670119e-12,-5.234771482092826e-11,0.3017390145718906,0.7514449800797529,0.9979350646136163,0.9979350646136163,0.9999999999975274,0,0,0,0,2.5283406,2.6225982,3.693293368082108,-0.8442196940071465,0.3642758764569917,0.7550675204595255,-0.3525665414689058,0.7514449800797529,3.4856443159211357,-2.7021112209773506,1.2543878600761913,11.593361163735905,0,,0,0.0,0.0,0.0,0.0,0.0,0.0,0,0,0,0,0,0,105,0,0,0,0,0,0,0,
106,2.12,approach,approach,forward_left,0,0,0,0,0.0,0.0,0,0,1.000000034088913,0.9999999862655242,0.25866722135683,3.2641959518860952,2.964108230149552,0.36427587645699133,3.6905574665932453e-09,8.186983285535837e-13,-3.6905573757354774e-09,-1.909622845727647e-14,2.8864043352271104e-12,4.902943423461468e-12,-5.234772020013688e-11,0.3017390145718895,0.7541502322787379,0.9979548151325025,0.9979548151325025,0.9999999999975279,0,0,0,0,2.510361,2.6082335,3.6932933680821276,-0.8442196940809594,0.36427587645699133,0.7693008398088035,-0.35821013178605404,0.7541502322787379,3.470494809192608,-2.687178745993199,1.2510027926118825,11.868681282453046,0,,0,0.0,0.0,0.0,0.0,0.0,0.0,0,0,0,0,0,0,106,0,0,0,0,0,0,0,
107,2.14,approach,approach,forward_left,0,0,0,0,0.0,0.0,0,0,1.000000034088913,0.9999999862655242,0.25866722135683,3.2641959519278143,2.9491320658966185,0.3642758764569911,3.690557470709551e-09,8.186660696074687e-13,-3.6905573798751967e-09,-1.5641818210965865e-14,2.886010815187104e-12,4.902754613841944e-12,-5.234772583717122e-11,0.30173901457188884,0.7569316972763471,0.9980439481859437,0.9980439481859437,0.9999999999975285,0,0,0,0,2.4917095,2.5940566,3.693293368082147,-0.8442196941547724,0.3642758764569911,0.7834907034642328,-0.36419011685547553,0.7569316972763471,3.45531202897156,-2.6720920685962746,1.247919836786218,12.08696567561897,0,,0,0.0,0.0,0.0,0.0,0.0,0.0,0,0,0,0,0,0,107,0,0,0,0,0,0,0,
108,2.16,approach,approach,forward_left,0,0,0,0,0.0,0.0,0,0,1.000000034088913,0.9999999862655242,0.25866722135683,3.264195951969534,2.9340942539379395,0.3642758764569909,3.690557570868379e-09,8.189332434098824e-13,-3.690557479981127e-09,-1.4057146648323645e-14,2.8861774662345814e-12,4.90428412502316e-12,-5.2347731244025765e-11,0.30173901457188823,0.7595628481922103,0.9982088320306043,0.9982088320306043,0.9999999999975289,0,0,0,0,2.4728248,2.5803323,3.6932933680821667,-0.8442196942285853,0.3642758764569909,0.797687703311189,-0.3705352790977311,0.7595628481922103,3.4400409289842453,-2.6567931837228698,1.245134157396436,12.289427363181787,0,,0,0.0,0.0,0.0,0.0,0.0,0.0,0,0,0,0,0,0,108,0,0,0,0,0,0,0,
109,2.18,approach,approach,forward_left,0,0,0,0,0.0,0.0,0,0,1.000000034088913,0.9999999862655242,0.25866722135683,3.264195952011253,2.9190820039438203,0.36427587645699067,3.6905576816298975e-09,8.188488304432885e-13,-3.6905575907647636e-09,-1.313846659229395e-14,2.8863935255914242e-12,4.9038046976738894e-12,-5.234773671373483e-11,0.3017390145718876,0.7619000714787713,0.998405267719486,0.998405267719486,0.9999999999975293,0,0,0,0,2.4537542,2.5671637,3.6932933680821862,-0.8442196943023983,0.36427587645699067,0.8118062834290098,-0.3772379743972085,0.7619000714787713,3.424767502839567,-2.6413570025066297,1.2426877850280267,12.527475986984788,0,,0,0.0,0.0,0.0,0.0,0.0,0.0,0,0,0,0,0,0,109,0,0,0,0,0,0,0,
110,2.2,approach,approach,forward_left,0,0,0,0,0.0,0.0,0,0,1.000000034088913,0.9999999862655242,0.25866722135683,3.2641959520529724,2.9040565518462045,0.36427587645699033,3.690557729331759e-09,8.189431901060591e-13,-3.6905576384144523e-09,-2.0079363617333214e-14,2.8862405210425784e-12,4.9043298567791545e-12,-5.2347742458790144e-11,0.3017390145718866,0.763826226600045,0.9986081025420726,0.9986081025420726,0.9999999999975274,0,0,0,0,2.4344387,2.5544584,3.6932933680822058,-0.8442196943762112,0.36427587645699033,0.8258819810150766,-0.38433232377485405,0.763826226600045,3.409450523787784,-2.6257349253053883,1.2405887950293497,12.775951566248285,0,,0,0.0,0.0,0.0,0.0,0.0,0.0,0,0,0,0,0,0,110,0,0,0,0,0,0,0,
111,2.22,approach,approach,forward_left,0,0,0,0,0.0,0.0,0,0,1.000000034088913,0.9999999862655242,0.25866722135683,3.2641959520946915,2.888985977151961,0.36427587645699006,3.690557868201054e-09,8.188395003789158e-13,-3.690557777323162e-09,-1.6796010233640507e-14,2.886621512401439e-12,4.903744400389091e-12,-5.2347747665383714e-11,0.30173901457188584,0.7652523857886019,0.9988128377098702,0.9988128377098702,0.9999999999975281,0,0,0,0,2.4148073,2.5421162,3.6932933680822253,-0.8442196944500242,0.36427587645699006,0.8399465853836113,-0.39183477665972205,0.7652523857886019,3.3940566506937793,-2.6098914290345485,1.238832799385242,13.032169271302122,0,,0,0.0,0.0,0.0,0.0,0.0,0.0,0,0,0,0,0,0,111,0,0,0,0,0,0,0,
112,2.24,approach,approach,forward_left,0,0,0,0,0.0,0.0,0,0,1.000000034088913,0.9999999862655242,0.25866722135683,3.264195952136411,2.873876178111578,0.36427587645698983,3.6905579244548316e-09,8.18837877506812e-13,-3.690557833580326e-09,-1.611753696110388e-14,2.886520366916961e-12,4.903723937400304e-12,-5.234775322179488e-11,0.30173901457188523,0.7660989257488185,0.9990058015499785,0.9990058015499785,0.9999999999975285,0,0,0,0,2.3947806,2.5300353,3.693293368082245,-0.8442196945238372,0.36427587645698983,0.853991316842819,-0.3997783047492147,0.7660989257488185,3.378588600198226,-2.593815129338365,1.2374519634848895,13.287558866220172,0,,0,0.0,0.0,0.0,0.0,0.0,0.0,0,0,0,0,0,0,112,0,0,0,0,0,0,0,
113,2.2600000000000002,approach,approach,forward_left,0,0,0,0,0.0,0.0,0,0,1.000000034088913,0.9999999862655242,0.25866722135683,3.26419595217813,2.858715499474311,0.3642758764569896,3.6905579752698188e-09,8.187527236455029e-13,-3.690557884424128e-09,-1.3658117077207327e-14,2.8864002947954786e-12,4.903247020355986e-12,-5.23477587437006e-11,0.30173901457188457,0.7662509315661812,0.9991675291980463,0.9991675291980463,0.9999999999975292,0,0,0,0,2.374298,2.518084,3.6932933680822644,-0.8442196945976501,0.3642758764569896,0.8680200617140991,-0.40823225067506047,0.7662509315661812,3.363029038418937,-2.577463642103947,1.2365013063344963,13.540637949677953,0,,0,0.0,0.0,0.0,0.0,0.0,0.0,0,0,0,0,0,0,113,0,0,0,0,0,0,0,
114,2.2800000000000002,approach,approach,forward_left,0,0,0,0,0.0,0.0,0,0,1.000000034088913,0.9999999862655242,0.25866722135683,3.2641959522198496,2.8435057145335425,0.3642758764569894,3.690557985289906e-09,8.187176957678098e-13,-3.6905578944560315e-09,-1.2517451550215688e-14,2.8860440090062577e-12,4.903041456804043e-12,-5.234776416305222e-11,0.30173901457188396,0.76548430457446,0.9992794638906494,0.9992794638906494,0.9999999999975295,0,0,0,0,2.3533459,2.506134,3.693293368082284,-0.8442196946714631,0.3642758764569894,0.8820165734768296,-0.41731510029727137,0.76548430457446,3.3473700902736,-2.5607834297030703,1.2360877698380035,13.768576050502732,0,,0,0.0,0.0,0.0,0.0,0.0,0.0,0,0,0,0,0,0,114,0,0,0,0,0,0,0,
115,2.3000000000000003,approach,approach,forward_left,0,0,0,0,0.0,0.0,0,0,1.000000034088913,0.9999999862655242,0.25866722135683,3.2641959522615687,2.828330836880144,0.364275876456989,3.690558133272966e-09,8.189730548655809e-13,-3.6905580423557e-09,-1.8815918333446855e-14,2.8864808577312744e-12,4.904504340507667e-12,-5.234776987017721e-11,0.30173901457188285,0.7635353030478778,0.9992801244719774,0.9992801244719774,0.9999999999975278,0,0,0,0,2.3321047,2.4941404,3.6932933680823035,-0.844219694745276,0.364275876456989,0.8958762601388575,-0.42719110216143164,0.7635353030478778,3.3316812745929236,-2.54376799329636,1.2364059685751057,13.827532321685998,0,,0,0.0,0.0,0.0,0.0,0.0,0.0,0,0,0,0,0,0,115,0,0,0,0,0,0,0,
116,2.32,approach,approach,forward_left,0,0,0,0,0.0,0.0,0,0,1.000000034088913,0.9999999862655242,0.25866722135683,3.264195952303288,2.813028626971072,0.3642758764569888,3.6905582383993085e-09,8.188896678976697e-13,-3.690558147515436e-09,-1.5625333500948573e-14,2.88665605181247e-12,4.904033033008025e-12,-5.2347775321473774e-11,0.3017390145718822,0.7601591976743718,0.9990605421272648,0.9990605421272648,0.9999999999975283,0,0,0,0,2.3109522,2.4820068,3.693293368082323,-0.844219694819089,0.3642758764569888,0.9097431715256108,-0.4380444131883088,0.7601591976743718,3.3157870755907335,-2.526194431359813,1.237526464818197,13.498957750881893,0,,0,0.0,0.0,0.0,0.0,0.0,0.0,0,0,0,0,0,0,116,0,0,0,0,0,0,0,
117,2.34,approach,approach,forward_left,0,0,0,0,0.0,0.0,0,0,1.000000034088913,0.9999999862655242,0.25866722135683,3.2641959523450073,2.7968528116106848,0.36427587645698856,3.6905582222448247e-09,8.188181898895938e-13,-3.6905581313797657e-09,-1.491123511364719e-14,2.8861577720874585e-12,4.903633875177824e-12,-5.2347781140181385e-11,0.30173901457188157,0.7563968037154251,0.9984547659483608,0.9984547659483608,0.9999999999975285,0,0,0,0,2.2910526,2.4695575,3.6932933680823425,-0.8442196948929019,0.36427587645698856,0.9244609138306302,-0.4493114902465169,0.7563968037154251,3.298990638597087,-2.5076850761242038,1.2385076539119733,12.596088752660709,0,,0,0.0,0.0,0.0,0.0,0.0,0.0,0,0,0,0,0,0,117,0,0,0,0,0,0,0,
118,2.36,approach,approach,forward_left,0,0,0,0,0.0,0.0,0,0,1.000000034088913,0.9999999862655242,0.25866722135683,3.2641959523867268,2.7799336906089347,0.36427587645698833,3.6905584028756777e-09,8.188749880422895e-13,-3.6905583120014626e-09,-1.4033600866070153e-14,2.886767553495254e-12,4.903947111647743e-12,-5.2347786182583396e-11,0.30173901457188096,0.7556825345215602,0.9984194825026746,0.9984194825026746,0.999999999997529,0,0,0,0,2.2752337,2.4580953,3.693293368082362,-0.8442196949667149,0.36427587645698833,0.9401228336413084,-0.45940372275639424,0.7556825345215602,3.281538940226864,-2.4890604473114903,1.2379860313477424,11.877811284333884,0,,0,0.0,0.0,0.0,0.0,0.0,0.0,0,0,0,0,0,0,118,0,0,0,0,0,0,0,
119,2.38,approach,approach,forward_left,0,0,0,0,0.0,0.0,0,0,1.000000034088913,0.9999999862655242,0.25866722135683,3.264195952428446,2.764268202147704,0.3642758764569881,3.6905583894198e-09,8.188119541859692e-13,-3.6905582985662483e-09,-1.2151173132882825e-14,2.886275729568385e-12,4.9035947436742506e-12,-5.234779166473115e-11,0.3017390145718803,0.7565835070752751,0.9985075313484266,0.9985075313484266,0.9999999999975271,0,0,0,0,2.262024,2.445823,3.6932933680823816,-0.8442196950405279,0.3642758764569881,0.954726225876997,-0.4681496204029246,0.7565835070752751,3.265418127867295,-2.4720698694540446,1.2369515972512275,11.72620761114263,0,,0,0.0,0.0,0.0,0.0,0.0,0.0,0,0,0,0,0,0,119,0,0,0,0,0,0,0,
120,2.4,approach,approach,forward_left,0,0,0,0,0.0,0.0,0,0,1.000000034088913,0.9999999862655242,0.25866722135683,3.2641959524701654,2.7494250301752676,0.3642758764569877,3.690558345984326e-09,8.188388358241367e-13,-3.690558255095206e-09,-1.913518611583618e-14,2.88562029764392e-12,4.903732726435809e-12,-5.234779742623235e-11,0.3017390145718792,0.758404973177622,0.9986632750178508,0.9986632750178508,0.999999999997528,0,0,0,0,2.2501194,2.4321759,3.693293368082401,-0.8442196951143408,0.3642758764569877,0.9686320375003954,-0.47603681910655365,0.758404973177622,3.250167998167313,-2.4561400179605872,1.2356027714143565,11.690919382118176,0,,0,0.0,0.0,0.0,0.0,0.0,0.0,0,0,0,0,0,0,120,0,0,0,0,0,0,0,
121,2.42,approach,approach,forward_left,0,0,0,0,0.0,0.0,0,0,1.000000034088913,0.9999999862655242,0.25866722135683,3.2641959525118844,2.734986936191806,0.3642758764569875,3.69055851526417e-09,8.187203532177546e-13,-3.6905584244172484e-09,-1.5771301992765023e-14,2.88617068168498e-12,4.903067068898416e-12,-5.2347802898898597e-11,0.30173901457187857,0.7606283904384957,0.9988393456717796,0.9988393456717796,0.9999999999975284,0,0,0,0,2.238766,2.417233,3.6932933680824207,-0.8442196951881538,0.3642758764569875,0.9822211695708778,-0.4833304107841532,0.7606283904384957,3.2353579497331877,-2.4408068379653582,1.2339430784608307,11.664384758389215,0,,0,0.0,0.0,0.0,0.0,0.0,0.0,0,0,0,0,0,0,121,0,0,0,0,0,0,0,
122,2.44,approach,approach,forward_left,0,0,0,0,0.0,0.0,0,0,1.000000034088913,0.9999999862655242,0.25866722135683,3.264195952553604,2.720790247619566,0.3642758764569873,3.6905585479354156e-09,8.1868002113202e-13,-3.6905584571037742e-09,-1.4212560452773472e-14,2.885939731718788e-12,4.902832264006869e-12,-5.2347808248799643e-11,0.3017390145718779,0.7628259954161545,0.9989450204395871,0.9989450204395871,0.999999999997529,0,0,0,0,2.227641,2.4012766,3.6932933680824402,-0.8442196952619667,0.3642758764569873,0.9956264636832668,-0.4902524023504312,0.7628259954161545,3.22081020736744,-2.4258352912186796,1.2320806432290552,11.616328825836701,0,,0,0.0,0.0,0.0,0.0,0.0,0.0,0,0,0,0,0,0,122,0,0,0,0,0,0,0,
123,2.46,approach,approach,forward_left,0,0,0,0,0.0,0.0,0,0,1.000000034088913,0.9999999862655242,0.25866722135683,3.264195952595323,2.7066483488339923,0.36427587645698706,3.690558747422697e-09,8.189203611741443e-13,-3.6905586565415173e-09,-1.3194642415588905e-14,2.886663829942645e-12,4.9042114602319715e-12,-5.234781379553427e-11,0.3017390145718773,0.7647411085741302,0.9990040679653533,0.9990040679653533,0.9999999999975294,0,0,0,0,2.2164931,2.3847022,3.69329336808246,-0.8442196953357797,0.36427587645698706,1.009018887274417,-0.4969218463235956,0.7647411085741302,3.206331866570841,-2.4110170494017034,1.2300171022144701,11.547359153632238,0,,0,0.0,0.0,0.0,0.0,0.0,0.0,0,0,0,0,0,0,123,0,0,0,0,0,0,0,
124,2.48,approach,approach,forward_left,0,0,0,0,0.0,0.0,0,0,1.000000034088913,0.9999999862655242,0.25866722135683,3.2641959526370425,2.6925006358346204,0.3642758764569867,3.6905587951934852e-09,8.188528960785722e-13,-3.690558704301453e-09,-1.9097210220089478e-14,2.886518146659342e-12,4.903829129000838e-12,-5.2347819245831053e-11,0.30173901457187635,0.7662116215184636,0.9990359489194878,0.9990359489194878,0.9999999999975275,0,0,0,0,2.2051878,2.367615,3.6932933680824793,-0.8442196954095926,0.3642758764569867,1.0224561272213226,-0.5033559296629245,0.7662116215184636,3.1918621459968386,-2.3962948046160935,1.2277340442212046,11.487138620724378,0,,0,0.0,0.0,0.0,0.0,0.0,0.0,0,0,0,0,0,0,124,0,0,0,0,0,0,0,
125,2.5,approach,approach,forward_left,0,0,0,0,0.0,0.0,0,0,1.000000034088913,0.9999999862655242,0.25866722135683,3.2641959526787616,2.678310727139844,0.36427587645698645,3.690558843007722e-09,8.189474624487013e-13,-3.6905587521038492e-09,-1.7240306817806022e-14,2.8863724059037243e-12,4.904353656036496e-12,-5.234782490481181e-11,0.3017390145718755,0.7671466342287445,0.999048530772717,0.999048530772717,0.999999999997528,0,0,0,0,2.1936297,2.3500729,3.693293368082499,-0.8442196954834056,0.36427587645698645,1.0359677774613143,-0.5096019186960207,0.7671466342287445,3.1773617245514862,-2.381617434120395,1.2252537486603117,11.442001670911432,0,,0,0.0,0.0,0.0,0.0,0.0,0.0,0,0,0,0,0,0,125,0,0,0,0,0,0,0,
126,2.52,approach,approach,forward_left,0,0,0,0,0.0,0.0,0,0,1.000000034088913,0.9999999862655242,0.25866722135683,3.264195952720481,2.6640337756167503,0.3642758764569862,3.6905589578396855e-09,8.188500800025462e-13,-3.690558866963952e-09,-1.5781067351019813e-14,2.886616998211577e-12,4.903804119786017e-12,-5.234783033345296e-11,0.3017390145718749,0.7675306630889587,0.9990471283832851,0.9990471283832851,0.9999999999975284,0,0,0,0,2.1817958,2.3321478,3.6932933680825184,-0.8442196955572185,0.3642758764569862,1.0495951445063885,-0.515684065393223,0.7675306630889587,3.162784663374024,-2.366937153860998,1.2225728883380471,11.408891144165075,0,,0,0.0,0.0,0.0,0.0,0.0,0.0,0,0,0,0,0,0,126,0,0,0,0,0,0,0,
127,2.54,approach,approach,forward_left,0,0,0,0,0.0,0.0,0,0,1.000000034088913,0.9999999862655242,0.25866722135683,3.2641959527622,2.649614394821026,0.364275876456986,3.6905589226050133e-09,8.188735380284145e-13,-3.6905588317302005e-09,-1.4276647658207715e-14,2.886008204723023e-12,4.903922550944607e-12,-5.234783562666654e-11,0.3017390145718743,0.7673824580257609,0.9990353513506021,0.9990353513506021,0.9999999999975289,0,0,0,0,2.1696877,2.313816,3.693293368082538,-0.8442196956310315,0.364275876456986,1.063391700721519,-0.5216151989876594,0.7673824580257609,3.1480754908624564,-2.352202595387368,1.2196718376250726,11.38886796034069,0,,0,0.0,0.0,0.0,0.0,0.0,0.0,0,0,0,0,0,0,127,0,0,0,0,0,0,0,
128,2.56,approach,approach,forward_left,0,0,0,0,0.0,0.0,0,0,1.000000034088913,0.9999999862655242,0.25866722135683,3.2641959528039197,2.6349828631591214,0.3642758764569858,3.6905591416859864e-09,8.187425162145481e-13,-3.6905590508458834e-09,-1.2736920556595165e-14,2.886826452062616e-12,4.903190229470947e-12,-5.2347841121569604e-11,0.30173901457187363,0.7667271348338366,0.9990122750298981,0.9990122750298981,0.9999999999975294,0,0,0,0,2.1573095,2.2950191,3.6932933680825575,-0.8442196957048445,0.3642758764569858,1.077426359007678,-0.5274003781500498,0.7667271348338366,3.1331651941247536,-2.3373540404841457,1.2165158357270482,11.390286304055985,0,,0,0.0,0.0,0.0,0.0,0.0,0.0,0,0,0,0,0,0,128,0,0,0,0,0,0,0,
129,2.58,approach,approach,forward_left,0,0,0,0,0.0,0.0,0,0,1.000000034088913,0.9999999862655242,0.25866722135683,3.264195952845639,2.620059961026028,0.3642758764569854,3.690559136207508e-09,8.187121976607672e-13,-3.6905590453420085e-09,-1.9983194949958214e-14,2.886373428078054e-12,4.903013601166875e-12,-5.2347846537857394e-11,0.3017390145718725,0.7655906278447748,0.9989752037009327,0.9989752037009327,0.9999999999975276,0,0,0,0,2.1446652,2.2757332,3.693293368082577,-0.8442196957786574,0.3642758764569854,1.0917792101878967,-0.5330311907768767,0.7655906278447748,3.1179764870893734,-2.322330158791343,1.2130526917409183,11.421748643098098,0,,0,0.0,0.0,0.0,0.0,0.0,0.0,0,0,0,0,0,0,129,0,0,0,0,0,0,0,
130,2.6,approach,approach,forward_left,0,0,0,0,0.0,0.0,0,0,1.000000034088913,0.9999999862655242,0.25866722135683,3.264195952887358,2.6047587257544236,0.36427587645698517,3.690559143466291e-09,8.186356588899763e-13,-3.690559052637942e-09,-1.5825179640131778e-14,2.8860209020920605e-12,4.9025834355082245e-12,-5.2347852062068453e-11,0.3017390145718719,0.7639461512244791,0.998911117625912,0.998911117625912,0.999999999997528,0,0,0,0,2.1317284,2.2559478,3.6932933680825966,-0.8442196958524704,0.36427587645698517,1.1065367021094896,-0.5385107322326521,0.7639461512244791,3.1024235171771966,-2.307057873218474,1.209236117974675,11.494170461291866,0,,0,0.0,0.0,0.0,0.0,0.0,0.0,0,0,0,0,0,0,130,0,0,0,0,0,0,0,
131,2.62,approach,approach,forward_left,0,0,0,0,0.0,0.0,0,0,1.000000034088913,0.9999999862655242,0.25866722135683,3.2641959529290774,2.5889974904473094,0.36427587645698495,3.6905593713223727e-09,8.188654250249133e-13,-3.6905592804464284e-09,-1.501807475602442e-14,2.886896366552667e-12,4.903907395394794e-12,-5.234785798328963e-11,0.30173901457187124,0.7616506287639754,0.9987996850327316,0.9987996850327316,0.9999999999975286,0,0,0,0,2.118422,2.2356575,3.693293368082616,-0.8442196959262833,0.36427587645698495,1.121781331371832,-0.5438301977842513,0.7616506287639754,3.0864266563115033,-2.291474090225213,1.2050122403399057,11.613590076099097,0,,0,0.0,0.0,0.0,0.0,0.0,0.0,0,0,0,0,0,0,131,0,0,0,0,0,0,0,
132,2.64,approach,approach,forward_left,0,0,0,0,0.0,0.0,0,0,1.000000034088913,0.9999999862655242,0.25866722135683,3.2641959529707965,2.572697470401611,0.3642758764569847,3.6905593916326156e-09,8.18989157100317e-13,-3.6905593007369992e-09,-1.2965080920786661e-14,2.886595876327479e-12,4.9045863577431934e-12,-5.234786328094513e-11,0.30173901457187063,0.7585167265936282,0.9986609308086318,0.9986609308086318,0.9999999999975289,0,0,0,0,2.1046846,2.215004,3.6932933680826356,-0.8442196960000963,0.3642758764569847,1.1376004297803253,-0.5489132800140023,0.7585167265936282,3.069914840085457,-2.2755498646964254,1.2002687563587284,11.785152346782974,0,,0,0.0,0.0,0.0,0.0,0.0,0.0,0,0,0,0,0,0,132,0,0,0,0,0,0,0,
133,2.66,approach,approach,forward_left,0,0,0,0,0.0,0.0,0,0,1.000000034088913,0.9999999862655242,0.25866722135683,3.264195953012516,2.5557335034735407,0.36427587645698445,3.6905593595566798e-09,8.187483278208129e-13,-3.6905592686947077e-09,-1.7724866174501372e-14,2.8860146896748432e-12,4.903242735752023e-12,-5.234786892637986e-11,0.30173901457186986,0.7544123059933534,0.9985965490654439,0.9985965490654439,0.9999999999975272,0,0,0,0,2.0905087,2.194373,3.693293368082655,-0.8442196960739092,0.36427587645698445,1.1541345310638023,-0.5536235137758557,0.7544123059933534,3.052776558765408,-2.2592463427003926,1.1948136690597575,12.040532195560864,0,,0,0.0,0.0,0.0,0.0,0.0,0.0,0,0,0,0,0,0,133,0,0,0,0,0,0,0,
134,2.68,approach,approach,forward_left,0,0,0,0,0.0,0.0,0,0,1.000000034088913,0.9999999862655242,0.25866722135683,3.264195953054235,2.5378748468606043,0.36427587645698406,3.690559491074446e-09,8.188089509186578e-13,-3.6905594001953175e-09,-1.8481145376763852e-14,2.8863401064404384e-12,4.903583712373601e-12,-5.234787441364687e-11,0.30173901457186875,0.7496333427109743,0.9987920847240173,0.9987920847240173,0.9999999999975279,0,0,0,0,2.0759158,2.174315,3.6932933680826747,-0.8442196961477222,0.36427587645698406,1.171623256364593,-0.5578832052922038,0.7496333427109743,3.0347914948750785,-2.242409708216707,1.1884474909827536,12.596367250923233,0,,0,0.0,0.0,0.0,0.0,0.0,0.0,0,0,0,0,0,0,134,0,0,0,0,0,0,0,
135,2.7,approach,approach,forward_left,0,0,0,0,0.0,0.0,0,0,1.000000034088913,0.9999999862655242,0.25866722135683,3.2641959530959546,2.5204172375501988,0.36427587645698384,3.6905595062103963e-09,8.188292144646928e-13,-3.6905594153419177e-09,-1.51580154240749e-14,2.886015927161624e-12,4.9036784397634334e-12,-5.234787961201336e-11,0.3017390145718681,0.7469982479482913,0.9983663408036547,0.9983663408036547,0.9999999999975283,0,0,0,0,2.0611064,2.1568596,3.6932933680826943,-0.8442196962215351,0.36427587645698384,1.1885668745607207,-0.5634204013696851,0.7469982479482913,3.017090358433998,-2.2253010723774675,1.1834433609665773,13.581312897671381,0,,0,0.0,0.0,0.0,0.0,0.0,0.0,0,0,0,0,0,0,135,0,0,0,0,0,0,0,
136,2.72,approach,approach,forward_left,0,0,0,0,0.0,0.0,0,0,1.000000034088913,0.9999999862655242,0.25866722135683,3.2641959531376736,2.504542255196622,0.3642758764569836,3.6905596006646144e-09,8.187323098749741e-13,-3.6905595098250656e-09,-1.3226293480840868e-14,2.886138841048753e-12,4.9031355947230606e-12,-5.234788527257465e-11,0.30173901457186747,0.7468437246208176,0.9977648714979328,0.9977648714979328,0.9999999999975289,0,0,0,0,2.0457923,2.1409059,3.693293368082714,-0.8442196962953481,0.3642758764569836,1.2038798534365105,-0.5693519805442658,0.7468437246208176,3.0009129399876118,-2.2093150593815554,1.1796859228011738,13.987073525994251,0,,0,0.0,0.0,0.0,0.0,0.0,0.0,0,0,0,0,0,0,136,0,0,0,0,0,0,0,
137,2.74,approach,approach,forward_left,0,0,0,0,0.0,0.0,0,0,1.000000034088913,0.9999999862655242,0.25866722135683,3.264195953179393,2.4895423700790147,0.3642758764569834,3.690559649300532e-09,8.186869394141284e-13,-3.6905595584745166e-09,-1.2220619419195639e-14,2.8860061927130243e-12,4.902870057481243e-12,-5.2347890588187094e-11,0.3017390145718668,0.7480449511455716,0.9974766285610782,0.9974766285610782,0.9999999999975293,0,0,0,0,2.0294647,2.125823,3.6932933680827333,-0.844219696369161,0.3642758764569834,1.218343587435146,-0.5750639873620934,0.7480449511455716,2.9856139081490527,-2.194153814649474,1.1762271252091567,14.244946426837883,0,,0,0.0,0.0,0.0,0.0,0.0,0.0,0,0,0,0,0,0,137,0,0,0,0,0,0,0,
138,2.7600000000000002,approach,approach,forward_left,0,0,0,0,0.0,0.0,0,0,1.000000034088913,0.9999999862655242,0.25866722135683,3.2641959532211122,2.4749048839222394,0.3642758764569831,3.6905598684821134e-09,8.189223924339959e-13,-3.690559777589015e-09,-1.6091923459187096e-14,2.8868317978671188e-12,4.904224043972467e-12,-5.2347896155929354e-11,0.301739014571866,0.7500665435541288,0.9973438365899499,0.9973438365899499,0.9999999999975274,0,0,0,0,2.012362,2.1114345,3.693293368082753,-0.844219696442974,0.3642758764569831,1.2324341488774029,-0.5809212199677213,0.7500665435541288,2.970655559274119,-2.179218424894611,1.1730989903081517,14.53414204450558,0,,0,0.0,0.0,0.0,0.0,0.0,0.0,0,0,0,0,0,0,138,0,0,0,0,0,0,0,
139,2.7800000000000002,approach,approach,forward_left,0,0,0,0,0.0,0.0,0,0,1.000000034088913,0.9999999862655242,0.25866722135683,3.2641959532628317,2.4602668601038604,0.36427587645698284,3.690559848902381e-09,8.188731442218351e-13,-3.690559758017861e-09,-1.6621856356161292e-14,2.886309654266523e-12,4.903943688775641e-12,-5.2347902044187674e-11,0.30173901457186525,0.7525045579919151,0.9973120795862442,0.9973120795862442,0.9999999999975281,0,0,0,0,1.9947222,2.097508,3.6932933680827724,-0.844219696516787,0.36427587645698284,1.2465024893548533,-0.5870671762118762,0.7525045579919151,2.9556666071822373,-2.164138245351679,1.1702216362430944,14.797789896197115,0,,0,0.0,0.0,0.0,0.0,0.0,0.0,0,0,0,0,0,0,139,0,0,0,0,0,0,0,
140,2.8000000000000003,approach,approach,forward_left,0,0,0,0,0.0,0.0,0,0,1.000000034088913,0.9999999862655242,0.25866722135683,3.264195953304551,2.4455498924905386,0.3642758764569826,3.6905600040840654e-09,8.189384566093238e-13,-3.6905599131904935e-09,-1.5367443683706272e-14,2.8867756745612557e-12,4.9043016768159165e-12,-5.2347907234275094e-11,0.3017390145718646,0.755055754297252,0.99741703462638,0.99741703462638,0.9999999999975285,0,0,0,0,1.9768893,2.0841103,3.693293368082792,-0.8442196965905999,0.3642758764569826,1.2606228667889332,-0.5935635400829843,0.755055754297252,2.9405634064549018,-2.1488171552010633,1.1676040040073925,15.021816497532251,0,,0,0.0,0.0,0.0,0.0,0.0,0.0,0,0,0,0,0,0,140,0,0,0,0,0,0,0,
141,2.82,approach,approach,forward_left,0,0,0,0,0.0,0.0,0,0,1.000000034088913,0.9999999862655242,0.25866722135683,3.2641959533462703,2.430859148837384,0.3642758764569824,3.6905600428258375e-09,8.188612038613663e-13,-3.6905599519564084e-09,-1.3582627926118837e-14,2.8865800836205573e-12,4.903868323367101e-12,-5.234791283331009e-11,0.301739014571864,0.7575385945786623,0.9976009052341211,0.9976009052341211,0.999999999997529,0,0,0,0,1.9589386,2.0713923,3.6932933680828115,-0.8442196966644129,0.3642758764569824,1.2746902140995442,-0.6004267824347225,0.7575385945786623,2.925447315392926,-2.133332539684785,1.1653190449865982,15.276116523209613,0,,0,0.0,0.0,0.0,0.0,0.0,0.0,0,0,0,0,0,0,141,0,0,0,0,0,0,0,
142,2.84,approach,approach,forward_left,0,0,0,0,0.0,0.0,0,0,1.000000034088913,0.9999999862655242,0.25866722135683,3.2641959533879894,2.4161716399683617,0.3642758764569822,3.690560062822313e-09,8.187788039329554e-13,-3.690559971973868e-09,-1.2827662690806361e-14,2.8862901624784985e-12,4.903409470482017e-12,-5.2347918306394845e-11,0.3017390145718633,0.7597774013647676,0.9978187309531956,0.9978187309531956,0.9999999999975293,0,0,0,0,1.9407762,2.059263,3.693293368082831,-0.8442196967382258,0.3642758764569822,1.2887264141974257,-0.6076966364044271,0.7597774013647676,2.910290995385443,-2.117643894576532,1.163387179553798,15.55390764656656,0,,0,0.0,0.0,0.0,0.0,0.0,0.0,0,0,0,0,0,0,142,0,0,0,0,0,0,0,
143,2.86,approach,approach,forward_left,0,0,0,0,0.0,0.0,0,0,1.000000034088913,0.9999999862655242,0.25866722135683,3.264195953429709,2.4014672557341363,0.3642758764569818,3.690560130427756e-09,8.187746182135131e-13,-3.6905600395492373e-09,-1.9834068215312284e-14,2.8862563855618772e-12,4.903374289782545e-12,-5.234792381388177e-11,0.3017390145718622,0.7616440593584562,0.9980569613225505,0.9980569613225505,0.9999999999975275,0,0,0,0,1.9222698,2.0476303,3.6932933680828506,-0.8442196968120388,0.3642758764569818,1.302752972339793,-0.615393132174388,0.7616440593584562,2.8950715630859194,-2.1017221591140958,1.1618127845104935,15.836061188093577,0,,0,0.0,0.0,0.0,0.0,0.0,0.0,0,0,0,0,0,0,143,0,0,0,0,0,0,0,
144,2.88,approach,approach,forward_left,0,0,0,0,0.0,0.0,0,0,1.000000034088913,0.9999999862655242,0.25866722135683,3.264195953471428,2.386753863475553,0.3642758764569815,3.6905601854619055e-09,8.186880277149596e-13,-3.6905600946221578e-09,-1.5780253944890154e-14,2.8861558039126684e-12,4.9028903768288294e-12,-5.2347929132672286e-11,0.3017390145718614,0.7630215330978511,0.9983065635018027,0.9983065635018027,0.9999999999975281,0,0,0,0,1.9033049,2.036376,3.69329336808287,-0.8442196968858517,0.3642758764569815,1.3167644468344115,-0.6235292093583713,0.7630215330978511,2.8797942580398286,-2.0855645125669886,1.1606096108238544,16.116756452811376,0,,0,0.0,0.0,0.0,0.0,0.0,0.0,0,0,0,0,0,0,144,0,0,0,0,0,0,0,
145,2.9,approach,approach,forward_left,0,0,0,0,0.0,0.0,0,0,1.000000034088913,0.9999999862655242,0.25866722135683,3.264195953513148,2.372052314831748,0.3642758764569813,3.690560303755714e-09,8.189933361014085e-13,-3.6905602128567266e-09,-1.3649074144839793e-14,2.8864173894735264e-12,4.9046222774818454e-12,-5.2347934907632084e-11,0.3017390145718608,0.763788341099198,0.9985441156487685,0.9985441156487685,0.9999999999975285,0,0,0,0,1.8837912,2.0253606,3.6932933680828897,-0.8442196969596647,0.3642758764569813,1.3307399962157238,-0.6321495449397729,0.763788341099198,2.864474015366509,-2.069162909464794,1.1598262966469772,16.388811547952947,0,,0,0.0,0.0,0.0,0.0,0.0,0.0,0,0,0,0,0,0,145,0,0,0,0,0,0,0,
146,2.92,approach,approach,forward_left,0,0,0,0,0.0,0.0,0,0,1.000000034088913,0.9999999862655242,0.25866722135683,3.2641959535548666,2.357359861897783,0.36427587645698106,3.6905603343101033e-09,8.189328320303983e-13,-3.6905602434286173e-09,-1.2498948741035153e-14,2.8861893052743627e-12,4.904272987938408e-12,-5.2347940256236474e-11,0.30173901457186014,0.7637658444488588,0.9987402580955522,0.9987402580955522,0.9999999999975292,0,0,0,0,1.8636894,2.0144162,3.693293368082909,-0.8442196970334777,0.36427587645698106,1.344679344793718,-0.6413461203999172,0.7637658444488588,2.8490976972693667,-2.0524656091807962,1.1595388918086529,16.654144040227738,0,,0,0.0,0.0,0.0,0.0,0.0,0.0,0,0,0,0,0,0,146,0,0,0,0,0,0,0,
147,2.94,approach,approach,forward_left,0,0,0,0,0.0,0.0,0,0,1.000000034088913,0.9999999862655242,0.25866722135683,3.264195953596586,2.3427197151906314,0.36427587645698084,3.690560466613163e-09,8.188201564884206e-13,-3.6905603757633866e-09,-1.0330912173610452e-14,2.8865189399257587e-12,4.9036463646523804e-12,-5.2347945702537815e-11,0.30173901457185953,0.7626682569626896,0.9988400812160748,0.9988400812160748,0.9999999999975275,0,0,0,0,1.8430619,2.0033991,3.6932933680829287,-0.8442196971072906,0.36427587645698084,1.3585329065287126,-0.6512708668283393,0.7626682569626896,2.8336912533201555,-2.0354276865457095,1.1599007702325466,16.838268115055403,0,,0,0.0,0.0,0.0,0.0,0.0,0.0,0,0,0,0,0,0,147,0,0,0,0,0,0,0,
148,2.96,approach,approach,forward_left,0,0,0,0,0.0,0.0,0,0,1.000000034088913,0.9999999862655242,0.25866722135683,3.264195953638305,2.3281741740729602,0.3642758764569805,3.6905605504598945e-09,8.189043647979803e-13,-3.690560459562095e-09,-1.79805630733934e-14,2.8865691361433533e-12,4.904115756584733e-12,-5.234795121998265e-11,0.3017390145718586,0.7601524436211732,0.998718501488832,0.998718501488832,0.999999999997528,0,0,0,0,1.8222008,1.9922136,3.6932933680829483,-0.8442196971811036,0.3642758764569805,1.372253013980665,-0.6621025386016451,0.7601524436211732,2.8182762837050435,-2.0179874786127314,1.1610863538008451,16.74278303041649,0,,0,0.0,0.0,0.0,0.0,0.0,0.0,0,0,0,0,0,0,148,0,0,0,0,0,0,0,
149,2.98,approach,approach,forward_left,0,0,0,0,0.0,0.0,0,0,1.000000034088913,0.9999999862655242,0.25866722135683,3.2641959536800247,2.3132656129953184,0.3642758764569803,3.6905605626832483e-09,8.18834861034776e-13,-3.6905604718117302e-09,-1.5593106082807075e-14,2.8862384226961072e-12,4.9037223780707325e-12,-5.2347956828197064e-11,0.3017390145718579,0.7563146376659942,0.9981300197906513,0.9981300197906513,0.9999999999975282,0,0,0,0,1.8016546,1.9806107,3.693293368082968,-0.8442196972549165,0.3642758764569803,1.386314925230751,-0.6737841948448673,0.7563146376659942,2.802402775857336,-1.9997850198784515,1.1627801471199737,16.114419603383034,0,,0,0.0,0.0,0.0,0.0,0.0,0.0,0,0,0,0,0,0,149,0,0,0,0,0,0,0,
150,3.0,approach,approach,forward_left,0,0,0,0,0.0,0.0,0,0,1.000000034088913,0.9999999862655242,0.25866722135683,3.2641959537217438,2.297736750299682,0.36427587645698006,3.6905606707406497e-09,8.188201849663182e-13,-3.6905605798738812e-09,-1.523615359677908e-14,2.8864317707709503e-12,4.903627491949523e-12,-5.234796210325062e-11,0.3017390145718573,0.7542058911787475,0.9978521374266642,0.9978521374266642,0.9999999999975288,0,0,0,0,1.7842089,1.9692694,3.6932933680829874,-0.8442196973287295,0.36427587645698006,1.4011316821372495,-0.6842541411607349,0.7542058911787475,2.786019192506829,-1.9816443339442351,1.1630476806324204,15.248455190296555,0,,0,0.0,0.0,0.0,0.0,0.0,0.0,0,0,0,0,0,0,150,0,0,0,0,0,0,0,
151,3.02,approach,approach,forward_left,0,0,0,0,0.0,0.0,0,0,1.000000034088913,0.9999999862655242,0.25866722135683,3.2641959537634633,2.2829917941883315,0.36427587645697984,3.690560667452784e-09,8.187484436651146e-13,-3.6905605766091594e-09,-1.3371434987020317e-14,2.8860046162087098e-12,4.903226769290033e-12,-5.234796776470042e-11,0.30173901457185665,0.754325894507158,0.9978825016646962,0.9978825016646962,0.9999999999975292,0,0,0,0,1.7702856,1.9581336,3.693293368083007,-0.8442196974025424,0.36427587645697984,1.4153050238513454,-0.6931546919381755,0.754325894507158,2.7705531701598343,-1.9649212148649589,1.1623838228850532,14.967788688634844,0,,0,0.0,0.0,0.0,0.0,0.0,0.0,0,0,0,0,0,0,151,0,0,0,0,0,0,0,
152,3.04,approach,approach,forward_left,0,0,0,0,0.0,0.0,0,0,1.000000034088913,0.9999999862655242,0.25866722135683,3.2641959538051823,2.2690659262078876,0.3642758764569795,3.6905607781443207e-09,8.186419736908833e-13,-3.6905606872933282e-09,-2.0187332216439525e-14,2.886217910944355e-12,4.902634487776863e-12,-5.234797337762503e-11,0.3017390145718557,0.7557230153721914,0.9979752307836799,0.9979752307836799,0.9999999999975275,0,0,0,0,1.758222,1.9459366,3.6932933680830264,-0.8442196974763554,0.3642758764569795,1.4287422231955809,-0.7011522669877335,0.7557230153721914,2.7559766686617624,-1.9493156552093889,1.1613908273416187,14.903199567511596,0,,0,0.0,0.0,0.0,0.0,0.0,0.0,0,0,0,0,0,0,152,0,0,0,0,0,0,0,
153,3.06,approach,approach,forward_left,0,0,0,0,0.0,0.0,0,0,1.000000034088913,0.9999999862655242,0.25866722135683,3.264195953846902,2.25552100446236,0.3642758764569792,3.6905608852936237e-09,8.189500325797768e-13,-3.690560794391714e-09,-1.670029231190094e-14,2.886420739544296e-12,4.9043809864240496e-12,-5.234797898415236e-11,0.30173901457185476,0.7578038242140216,0.9980895056905459,0.9980895056905459,0.9999999999975281,0,0,0,0,1.746981,1.93239,3.693293368083046,-0.8442196975501683,0.3642758764569792,1.4418564465252555,-0.7085480725975932,0.7578038242140216,2.7418284470168373,-1.9343165739089718,1.1600837872636394,14.82952612169507,0,,0,0.0,0.0,0.0,0.0,0.0,0.0,0,0,0,0,0,0,153,0,0,0,0,0,0,0,
154,3.08,approach,approach,forward_left,0,0,0,0,0.0,0.0,0,0,1.000000034088913,0.9999999862655242,0.25866722135683,3.264195953888621,2.2421558612025647,0.36427587645697895,3.690560920896832e-09,8.18887965757061e-13,-3.6905608300193435e-09,-1.4153074383739924e-14,2.886205646874245e-12,4.90402752957523e-12,-5.2347984111820813e-11,0.30173901457185415,0.760091242872203,0.9981825628951586,0.9981825628951586,0.9999999999975285,0,0,0,0,1.7361337,1.9177786,3.6932933680830655,-0.8442196976239813,0.36427587645697895,1.4548321227306207,-0.715556731001122,0.760091242872203,2.7278890190266765,-1.9196505401830095,1.1585355883614863,14.729925721669742,0,,0,0.0,0.0,0.0,0.0,0.0,0.0,0,0,0,0,0,0,154,0,0,0,0,0,0,0,
155,3.1,approach,approach,forward_left,0,0,0,0,0.0,0.0,0,0,1.000000034088913,0.9999999862655242,0.25866722135683,3.2641959539303405,2.2288726191263613,0.36427587645697873,3.6905609723240633e-09,8.187974160178911e-13,-3.6905608814731486e-09,-1.234762891292086e-14,2.886094910240648e-12,4.903520992244525e-12,-5.23479897689459e-11,0.3017390145718535,0.7622816987633201,0.9982554616245273,0.9982554616245273,0.9999999999975292,0,0,0,0,1.7254603,1.9025383,3.693293368083085,-0.8442196976977943,0.36427587645697873,1.4677600081250062,-0.7222589826912473,0.7622816987633201,2.714054146733221,-1.9051970537350822,1.1567615738475956,14.626603691243654,0,,0,0.0,0.0,0.0,0.0,0.0,0.0,0,0,0,0,0,0,155,0,0,0,0,0,0,0,
156,3.12,approach,approach,forward_left,0,0,0,0,0.0,0.0,0,0,1.000000034088913,0.9999999862655242,0.25866722135683,3.2641959539720595,2.2156150623996345,0.3642758764569785,3.6905611103630536e-09,8.188664093053342e-13,-3.690561019500326e-09,-1.1255847422600001e-14,2.886456260086921e-12,4.903903083756801e-12,-5.234799525635064e-11,0.30173901457185287,0.7641488682929659,0.9983091939733133,0.9983091939733133,0.9999999999975293,0,0,0,0,1.7148029,1.886876,3.6932933680831046,-0.8442196977716072,0.3642758764569785,1.4806932320481732,-0.7286742835383295,0.7641488682929659,2.7002669346660726,-1.8909012851988818,1.1547477795455399,14.515052645759301,0,,0,0.0,0.0,0.0,0.0,0.0,0.0,0,0,0,0,0,0,156,0,0,0,0,0,0,0,
157,3.14,approach,approach,forward_left,0,0,0,0,0.0,0.0,0,0,1.000000034088913,0.9999999862655242,0.25866722135683,3.264195954013779,2.202356835937734,0.3642758764569782,3.690561194375554e-09,8.188685072600608e-13,-3.6905611034818138e-09,-1.8766476660233094e-14,2.886514106569542e-12,4.903896643259813e-12,-5.2348000708258725e-11,0.3017390145718519,0.7655579730858201,0.9983551443633003,0.9983551443633003,0.9999999999975278,0,0,0,0,1.7039813,1.8708726,3.693293368083124,-0.8442196978454202,0.3642758764569782,1.4936543644321425,-0.7348401457390763,0.7655579730858201,2.6864979793240877,-1.8767234182824908,1.1525124051704394,14.409775789543875,0,,0,0.0,0.0,0.0,0.0,0.0,0.0,0,0,0,0,0,0,157,0,0,0,0,0,0,0,
158,3.16,approach,approach,forward_left,0,0,0,0,0.0,0.0,0,0,1.000000034088913,0.9999999862655242,0.25866722135683,3.264195954055498,2.189077381902303,0.36427587645697795,3.6905611775345807e-09,8.188025289945758e-13,-3.690561086667669e-09,-1.6192723875588482e-14,2.8860159360648347e-12,4.903526192310411e-12,-5.234800612856173e-11,0.30173901457185126,0.7664563394798221,0.9983973318800349,0.9983973318800349,0.999999999997528,0,0,0,0,1.6929232,1.8545605,3.6932933680831437,-0.8442196979192331,0.36427587645697795,1.506660946943171,-0.7407864403287331,0.7664563394798221,2.672724283738087,-1.862632102660934,1.150070186594344,14.315544820717815,0,,0,0.0,0.0,0.0,0.0,0.0,0.0,0,0,0,0,0,0,158,0,0,0,0,0,0,0,
159,3.18,approach,approach,forward_left,0,0,0,0,0.0,0.0,0,0,1.000000034088913,0.9999999862655242,0.25866722135683,3.2641959540972176,2.175731449985355,0.36427587645697773,3.690561306143452e-09,8.187354773086918e-13,-3.6905612152911885e-09,-1.6245204977773672e-14,2.8863225248162504e-12,4.903141949228285e-12,-5.2348011724972225e-11,0.30173901457185065,0.7668489278309443,0.9984378249857347,0.9984378249857347,0.9999999999975285,0,0,0,0,1.6816298,1.8379112,3.693293368083163,-0.8442196979930461,0.36427587645697773,1.5197561523844783,-0.7465298089144786,0.7668489278309443,2.6588997514020702,-1.8485823141369249,1.1474104628752289,14.233141449401106,0,,0,0.0,0.0,0.0,0.0,0.0,0.0,0,0,0,0,0,0,159,0,0,0,0,0,0,0,
160,3.2,approach,approach,forward_left,0,0,0,0,0.0,0.0,0,0,1.000000034088913,0.9999999862655242,0.25866722135683,3.2641959541389367,2.162255317225678,0.3642758764569775,3.6905612835250997e-09,8.186674524475228e-13,-3.6905611926974606e-09,-1.3911529142145162e-14,2.885786235934477e-12,4.902763754035028e-12,-5.234801718589372e-11,0.30173901457185,0.7667631494284198,0.9984770274219977,0.9984770274219977,0.9999999999975292,0,0,0,0,1.6701227,1.8208416,3.6932933680831828,-0.844219698066859,0.3642758764569775,1.5330019050172732,-0.7520847346964291,0.7667631494284198,2.644960171837019,-1.8345147761212655,1.1445101978853056,14.166612971851313,0,,0,0.0,0.0,0.0,0.0,0.0,0.0,0,0,0,0,0,0,160,0,0,0,0,0,0,0,
161,3.22,approach,approach,forward_left,0,0,0,0,0.0,0.0,0,0,1.000000034088913,0.9999999862655242,0.25866722135683,3.2641959541806562,2.148566469981581,0.36427587645697723,3.690561435939673e-09,8.189181606864725e-13,-3.690561345059398e-09,-1.309636247349027e-14,2.8862433049820655e-12,4.90420385988244e-12,-5.234802282883056e-11,0.3017390145718492,0.7662268376681028,0.9985115856447001,0.9985115856447001,0.9999999999975273,0,0,0,0,1.6584184,1.8032933,3.6932933680832023,-0.844219698140672,0.36427587645697723,1.5464791799480528,-0.7574630410431825,0.7662268376681028,2.6308229646679933,-1.820355995904886,1.1413333974357545,14.124193677315036,0,,0,0.0,0.0,0.0,0.0,0.0,0.0,0,0,0,0,0,0,161,0,0,0,0,0,0,0,
162,3.24,approach,approach,forward_left,0,0,0,0,0.0,0.0,0,0,1.000000034088913,0.9999999862655242,0.25866722135683,3.2641959542223753,2.134577821233208,0.3642758764569769,3.6905615606466774e-09,8.188288481006591e-13,-3.6905614697668296e-09,-1.773855427045734e-14,2.886546068447546e-12,4.903694753508679e-12,-5.234802827970574e-11,0.30173901457184826,0.7652523840471437,0.9985354362021945,0.9985354362021945,0.999999999997528,0,0,0,0,1.6465242,1.7852355,3.693293368083222,-0.844219698214485,0.3642758764569769,1.5602740363426872,-0.762666002272045,0.7652523840471437,2.6164021375658493,-1.8060342459622156,1.1378324908844888,14.114301124516581,0,,0,0.0,0.0,0.0,0.0,0.0,0.0,0,0,0,0,0,0,162,0,0,0,0,0,0,0,
163,3.2600000000000002,approach,approach,forward_left,0,0,0,0,0.0,0.0,0,0,1.000000034088913,0.9999999862655242,0.25866722135683,3.264195954264095,2.1201989822540623,0.3642758764569767,3.6905616297667534e-09,8.189174610003372e-13,-3.6905615388732414e-09,-1.6443870707910805e-14,2.8865143179864592e-12,4.904187542317009e-12,-5.234803368427575e-11,0.30173901457184765,0.7638056781333695,0.9985356410076454,0.9985356410076454,0.9999999999975284,0,0,0,0,1.6344273,1.766653,3.6932933680832414,-0.8442196982882979,0.3642758764569767,1.5744757112310768,-0.7676987118684659,0.7638056781333695,2.6016079730008315,-1.7914730189366652,1.1339612633476999,14.148879919956713,0,,0,0.0,0.0,0.0,0.0,0.0,0.0,0,0,0,0,0,0,163,0,0,0,0,0,0,0,
164,3.2800000000000002,approach,approach,forward_left,0,0,0,0,0.0,0.0,0,0,1.000000034088913,0.9999999862655242,0.25866722135683,3.264195954305814,2.1053396757475284,0.36427587645697646,3.6905617128174294e-09,8.188289987694185e-13,-3.6905616219518517e-09,-1.446045801948781e-14,2.8865724894194194e-12,4.903689967833696e-12,-5.234803910752625e-11,0.301739014571847,0.7617490526451685,0.9984903937268249,0.9984903937268249,0.999999999997529,0,0,0,0,1.6220655,1.7475345,3.693293368083261,-0.8442196983621109,0.36427587645697646,1.5891735173739039,-0.772562150765634,0.7617490526451685,2.5863512958687345,-1.7765980685137968,1.1296700638813775,14.23645680170637,0,,0,0.0,0.0,0.0,0.0,0.0,0.0,0,0,0,0,0,0,164,0,0,0,0,0,0,0,
165,3.3000000000000003,approach,approach,forward_left,0,0,0,0,0.0,0.0,0,0,1.000000034088913,0.9999999862655242,0.25866722135683,3.2641959543475334,2.08991540781542,0.36427587645697623,3.6905617593883203e-09,8.187392754505896e-13,-3.6905616685439743e-09,-1.4118395086995938e-14,2.886428635424412e-12,4.903190616168131e-12,-5.2348044676730367e-11,0.3017390145718464,0.7589025859186056,0.9984028811150258,0.9984028811150258,0.9999999999975292,0,0,0,0,1.6093749,1.7280035,3.6932933680832805,-0.8442196984359238,0.36427587645697623,1.6044528854997966,-0.7771984320744764,0.7589025859186056,2.570555423203046,-1.7613716108493587,1.1248628628940633,14.386032725039623,0,,0,0.0,0.0,0.0,0.0,0.0,0.0,0,0,0,0,0,0,165,0,0,0,0,0,0,0,
166,3.3200000000000003,approach,approach,forward_left,0,0,0,0,0.0,0.0,0,0,1.000000034088913,0.9999999862655242,0.25866722135683,3.2641959543892525,2.0738124140298644,0.36427587645697596,3.690561910094509e-09,8.187121131731259e-13,-3.6905618192424915e-09,-1.733368518581696e-14,2.8868624976328707e-12,4.903026034752292e-12,-5.2348050206499653e-11,0.30173901457184554,0.755119004875921,0.9983361192147567,0.9983361192147567,0.9999999999975274,0,0,0,0,1.5963187,1.7084196,3.6932933680833,-0.8442196985097368,0.36427587645697596,1.6204298790572704,-0.7814910412053603,0.755119004875921,2.554121768902962,-1.745763710726927,1.1193779499763803,14.62598948935538,0,,0,0.0,0.0,0.0,0.0,0.0,0.0,0,0,0,0,0,0,166,0,0,0,0,0,0,0,
167,3.34,approach,approach,forward_left,0,0,0,0,0.0,0.0,0,0,1.000000034088913,0.9999999862655242,0.25866722135683,3.264195954430972,2.0568177335486912,0.3642758764569756,3.690561870819932e-09,8.186963403854406e-13,-3.690561779969232e-09,-1.7791924436623192e-14,2.886218060706144e-12,4.902928038774424e-12,-5.234805577812452e-11,0.3017390145718446,0.7504658259664612,0.9984851402036219,0.9984851402036219,0.999999999997528,0,0,0,0,1.5828543,1.6892834,3.6932933680833195,-0.8442196985835497,0.3642758764569756,1.6373194093163514,-0.785310701711611,0.7504658259664612,2.5368555893254827,-1.7296700836832384,1.1129872374163123,15.11709006226696,0,,0,0.0,0.0,0.0,0.0,0.0,0.0,0,0,0,0,0,0,167,0,0,0,0,0,0,0,
168,3.36,approach,approach,forward_left,0,0,0,0,0.0,0.0,0,0,1.000000034088913,0.9999999862655242,0.25866722135683,3.264195954472691,2.0399363639575236,0.3642758764569754,3.6905620464777826e-09,8.189435680767535e-13,-3.6905619555818163e-09,-1.567895733705171e-14,2.8868246675857038e-12,4.9043409657550925e-12,-5.2348061169105965e-11,0.301739014571844,0.7475273544656006,0.9980250360531034,0.9980250360531034,0.9999999999975284,0,0,0,0,1.5692589,1.672746,3.693293368083339,-0.8442196986573627,0.3642758764569754,1.6540763178099227,-0.7900515265409896,0.7475273544656006,2.519587734648106,-1.7131654396299387,1.1074315082450026,16.026518518114976,0,,0,0.0,0.0,0.0,0.0,0.0,0.0,0,0,0,0,0,0,168,0,0,0,0,0,0,0,
169,3.38,approach,approach,forward_left,0,0,0,0,0.0,0.0,0,0,1.000000034088913,0.9999999862655242,0.25866722135683,3.2641959545144106,2.024049259847817,0.3642758764569752,3.690562118285462e-09,8.188695440429834e-13,-3.6905620274120197e-09,-1.4171338136585016e-14,2.88680429318215e-12,4.903924690323865e-12,-5.234806686858234e-11,0.3017390145718433,0.7477894187823616,0.9975007923790523,0.9975007923790523,0.9999999999975289,0,0,0,0,1.5558443,1.658426,3.6932933680833586,-0.8442196987311756,0.3642758764569752,1.6698353563856725,-0.7953005696818863,0.7477894187823616,2.5032363274301725,-1.6971970042505513,1.1028588917234372,16.474774334812455,0,,0,0.0,0.0,0.0,0.0,0.0,0.0,0,0,0,0,0,0,169,0,0,0,0,0,0,0,
170,3.4,approach,approach,forward_left,0,0,0,0,0.0,0.0,0,0,1.000000034088913,0.9999999862655242,0.25866722135683,3.2641959545561297,2.009421974457133,0.36427587645697496,3.690562129429424e-09,8.189736193821547e-13,-3.69056203853712e-09,-1.3022716953049527e-14,2.8864555253087282e-12,4.9045017321516894e-12,-5.234807229019406e-11,0.3017390145718427,0.7493765893519228,0.9972957827784918,0.9972957827784918,0.9999999999975294,0,0,0,0,1.5413046,1.644579,3.693293368083378,-0.8442196988049886,0.36427587645697496,1.6843478567568146,-0.8004635112190596,0.7493765893519228,2.4881344378071297,-1.682305735609635,1.0989195072279534,16.702349636439475,0,,0,0.0,0.0,0.0,0.0,0.0,0.0,0,0,0,0,0,0,170,0,0,0,0,0,0,0,
171,3.42,approach,approach,forward_left,0,0,0,0,0.0,0.0,0,0,1.000000034088913,0.9999999862655242,0.25866722135683,3.264195954597849,1.9954614839691767,0.36427587645697457,3.6905622073278636e-09,8.187029878979906e-13,-3.6905621164631863e-09,-2.0221199918431123e-14,2.8865015917180213e-12,4.9029894919900175e-12,-5.2348077807843276e-11,0.3017390145718416,0.7517013661797269,0.9972276427965219,0.9972276427965219,0.9999999999975276,0,0,0,0,1.5257565,1.631315,3.6932933680833977,-0.8442196988788015,0.36427587645697457,1.6982025544293213,-0.8057595990663485,0.7517013661797269,2.473668678097293,-1.6678819954501283,1.095461630207907,16.95568168070655,0,,0,0.0,0.0,0.0,0.0,0.0,0.0,0,0,0,0,0,0,171,0,0,0,0,0,0,0,
172,3.44,approach,approach,forward_left,0,0,0,0,0.0,0.0,0,0,1.000000034088913,0.9999999862655242,0.25866722135683,3.2641959546395682,1.9816910788597273,0.36427587645697435,3.690562263912741e-09,8.187832197312745e-13,-3.6905621730457846e-09,-1.715678978613772e-14,2.886401438138854e-12,4.903441698655348e-12,-5.234808326744507e-11,0.301739014571841,0.7543489790683217,0.9972188396765,0.9972188396765,0.999999999997528,0,0,0,0,1.5094733,1.6184021,3.6932933680834172,-0.8442196989526145,0.36427587645697435,1.7118753199403791,-0.811325162548182,0.7543489790683217,2.4593497640942017,-1.6534561182890697,1.0923288867940235,17.19651471099901,0,,0,0.0,0.0,0.0,0.0,0.0,0.0,0,0,0,0,0,0,172,0,0,0,0,0,0,0,
173,3.46,approach,approach,forward_left,0,0,0,0,0.0,0.0,0,0,1.000000034088913,0.9999999862655242,0.25866722135683,3.2641959546812873,1.9679222448636413,0.3642758764569741,3.6905623433773547e-09,8.187861425726833e-13,-3.6905622525178696e-09,-1.531118838815875e-14,2.8864379923727263e-12,4.903439498514645e-12,-5.234808851135915e-11,0.3017390145718403,0.7570205504887859,0.9972947510849708,0.9972947510849708,0.9999999999975286,0,0,0,0,1.4928551,1.6058631,3.693293368083437,-0.8442196990264275,0.3642758764569741,1.7255566967090241,-0.8171946373706178,0.7570205504887859,2.444985590084186,-1.638851430809237,1.089442035889781,17.4029360022415,0,,0,0.0,0.0,0.0,0.0,0.0,0.0,0,0,0,0,0,0,173,0,0,0,0,0,0,0,
174,3.48,approach,approach,forward_left,0,0,0,0,0.0,0.0,0,0,1.000000034088913,0.9999999862655242,0.25866722135683,3.264195954723007,1.954193888334318,0.3642758764569739,3.6905622567774055e-09,8.187376371388606e-13,-3.690562165932458e-09,-1.4371527042676907e-14,2.8855359740841325e-12,4.9031703485532185e-12,-5.2348094246412746e-11,0.3017390145718397,0.759557125163324,0.9974276853018039,0.9974276853018039,0.9999999999975291,0,0,0,0,1.4760807,1.5939301,3.6932933680834563,-0.8442196991002404,0.3642758764569739,1.7392105367246924,-0.8233860390253102,0.759557125163324,2.430611053121511,-1.6240875803211419,1.0868363651671855,17.625204995247184,0,,0,0.0,0.0,0.0,0.0,0.0,0.0,0,0,0,0,0,0,174,0,0,0,0,0,0,0,
175,3.5,approach,approach,forward_left,0,0,0,0,0.0,0.0,0,0,1.000000034088913,0.9999999862655242,0.25866722135683,3.264195954764726,1.9405061970798587,0.3642758764569737,3.6905624024924578e-09,8.18666708779908e-13,-3.6905623116679637e-09,-1.3104966160702794e-14,2.8859530281652777e-12,4.9027604183067035e-12,-5.234809963729761e-11,0.30173901457183905,0.7618151584136339,0.9975764983488753,0.9975764983488753,0.9999999999975274,0,0,0,0,1.4590894,1.5825614,3.693293368083476,-0.8442196991740534,0.3642758764569737,1.752839796787341,-0.8299284938570897,0.7618151584136339,2.416221127973119,-1.6091456712348682,1.084534236274458,17.87248829260729,0,,0,0.0,0.0,0.0,0.0,0.0,0.0,0,0,0,0,0,0,175,0,0,0,0,0,0,0,
176,3.52,approach,approach,forward_left,0,0,0,0,0.0,0.0,0,0,1.000000034088913,0.9999999862655242,0.25866722135683,3.2641959548064454,1.9268240186353152,0.36427587645697324,3.6905626575321786e-09,8.188918192565294e-13,-3.6905625666266295e-09,-2.003573729611094e-14,2.886977952549169e-12,4.90405683031419e-12,-5.2348105260724056e-11,0.30173901457183777,0.7636910491946989,0.9977298145077564,0.9977298145077564,0.9999999999975279,0,0,0,0,1.4418085,1.5716978,3.6932933680834954,-0.8442196992478663,0.36427587645697324,1.7664834882049754,-0.8368382635833843,0.7636910491946989,2.4017771668486123,-1.593984327641271,1.082527026001638,18.138394740195476,0,,0,0.0,0.0,0.0,0.0,0.0,0.0,0,0,0,0,0,0,176,0,0,0,0,0,0,0,
177,3.54,approach,approach,forward_left,0,0,0,0,0.0,0.0,0,0,1.000000034088913,0.9999999862655242,0.25866722135683,3.2641959548481645,1.9131388115043437,0.364275876456973,3.6905626263598557e-09,8.188460059735844e-13,-3.6905625354865195e-09,-1.5449460852208177e-14,2.886397827803213e-12,4.90379390225905e-12,-5.2348110858308634e-11,0.30173901457183716,0.7651071265056809,0.9978888335052291,0.9978888335052291,0.9999999999975283,0,0,0,0,1.4241575,1.561291,3.693293368083515,-0.8442196993216793,0.364275876456973,1.7801545582635179,-0.8441394199482715,0.7651071265056809,2.387265654529158,-1.5785792665547966,1.0808272809693384,18.41740965004656,0,,0,0.0,0.0,0.0,0.0,0.0,0.0,0,0,0,0,0,0,177,0,0,0,0,0,0,0,
178,3.56,approach,approach,forward_left,0,0,0,0,0.0,0.0,0,0,1.000000034088913,0.9999999862655242,0.25866722135683,3.264195954889884,1.899473085961592,0.3642758764569728,3.6905627433355007e-09,8.189214688499861e-13,-3.690562652450296e-09,-1.42379678862302e-14,2.8866476641754154e-12,4.904209317833418e-12,-5.234811624702053e-11,0.30173901457183655,0.7659699129112826,0.9980494326835768,0.9980494326835768,0.9999999999975289,0,0,0,0,1.4060402,1.5512435,3.6932933680835345,-0.8442196993954922,0.3642758764569728,1.793835694407242,-0.8518715099460192,0.7659699129112826,2.3727015565316867,-1.562922429159484,1.079477412789481,18.697031186801368,0,,0,0.0,0.0,0.0,0.0,0.0,0.0,0,0,0,0,0,0,178,0,0,0,0,0,0,0,
179,3.58,approach,approach,forward_left,0,0,0,0,0.0,0.0,0,0,1.000000034088913,0.9999999862655242,0.25866722135683,3.264195954931603,1.8858358131829358,0.36427587645697257,3.6905627572391135e-09,8.188512049730871e-13,-3.6905626663761075e-09,-1.2407612579862276e-14,2.8863101179285583e-12,4.9038160038230225e-12,-5.234812189831384e-11,0.3017390145718359,0.7661634801868108,0.9981859975280729,0.9981859975280729,0.9999999999975293,0,0,0,0,1.3873907,1.5414206,3.693293368083554,-0.8442196994693052,0.36427587645697257,1.807524533752258,-0.8601136526632264,0.7661634801868108,2.3580807629751876,-1.546971064027544,1.078544037740154,18.975002139533583,0,,0,0.0,0.0,0.0,0.0,0.0,0.0,0,0,0,0,0,0,179,0,0,0,0,0,0,0,
180,3.6,approach,approach,forward_left,0,0,0,0,0.0,0.0,0,0,1.000000034088913,0.9999999862655242,0.25866722135683,3.2641959549733226,1.872239223130968,0.36427587645697224,3.6905627991731314e-09,8.18854502408255e-13,-3.6905627082823545e-09,-1.880253035786589e-14,2.8861451023613036e-12,4.903818495666922e-12,-5.234812732379991e-11,0.30173901457183494,0.7654408078422859,0.9982761605794515,0.9982761605794515,0.9999999999975275,0,0,0,0,1.3681798,1.5316488,3.6932933680835736,-0.8442196995431182,0.36427587645697224,1.8212180616612277,-0.8689937931436889,0.7654408078422859,2.34339510483842,-1.530655371591474,1.0781344267057873,19.22863992636124,0,,0,0.0,0.0,0.0,0.0,0.0,0.0,0,0,0,0,0,0,180,0,0,0,0,0,0,0,
181,3.62,approach,approach,forward_left,0,0,0,0,0.0,0.0,0,0,1.000000034088913,0.9999999862655242,0.25866722135683,3.2641959550150417,1.8587702616917583,0.36427587645697196,3.690562912543106e-09,8.187522585623183e-13,-3.6905628216913385e-09,-1.526622364294255e-14,2.886370291995892e-12,4.903247165764396e-12,-5.2348132705263606e-11,0.30173901457183416,0.7634740052009402,0.9982107219326019,0.9982107219326019,0.9999999999975281,0,0,0,0,1.3485552,1.521793,3.693293368083593,-0.8442196996169311,0.36427587645697196,1.8348425866544151,-0.8786809641747737,0.7634740052009402,2.3287038465785463,-1.5139406539273343,1.078429683445204,19.317593750714433,0,,0,0.0,0.0,0.0,0.0,0.0,0.0,0,0,0,0,0,0,181,0,0,0,0,0,0,0,
182,3.64,approach,approach,forward_left,0,0,0,0,0.0,0.0,0,0,1.000000034088913,0.9999999862655242,0.25866722135683,3.264195955056761,1.845217013020025,0.36427587645697174,3.6905629745617562e-09,8.186577565910098e-13,-3.690562883731464e-09,-1.5142524757252942e-14,2.8863092759765704e-12,4.9027225421234434e-12,-5.234813822080767e-11,0.3017390145718335,0.7599941440593426,0.9978048179423079,0.9978048179423079,0.9999999999975283,0,0,0,0,1.3288283,1.5116304,3.6932933680836126,-0.8442196996907441,0.36427587645697174,1.8486275712449673,-0.8893187364009512,0.7599941440593426,2.313771366776074,-1.4965564659766173,1.0794186255953342,18.997369763816966,0,,0,0.0,0.0,0.0,0.0,0.0,0.0,0,0,0,0,0,0,182,0,0,0,0,0,0,0,
183,3.66,approach,approach,forward_left,0,0,0,0,0.0,0.0,0,0,1.000000034088913,0.9999999862655242,0.25866722135683,3.2641959550984803,1.8309394845005633,0.3642758764569715,3.690563094746784e-09,8.18962505239668e-13,-3.6905630038563783e-09,-1.3189362583373122e-14,2.8865846174024295e-12,4.904450461446731e-12,-5.234814384017909e-11,0.3017390145718329,0.7566905552330391,0.9970321321895456,0.9970321321895456,0.999999999997529,0,0,0,0,1.3106575,1.5012246,3.693293368083632,-0.844219699764557,0.3642758764569715,1.8632026800137074,-0.8999643797164385,0.7566905552330391,2.2980876580281597,-1.4785158982528752,1.079967654384465,18.19759115197844,0,,0,0.0,0.0,0.0,0.0,0.0,0.0,0,0,0,0,0,0,183,0,0,0,0,0,0,0,
184,3.68,approach,approach,forward_left,0,0,0,0,0.0,0.0,0,0,1.000000034088913,0.9999999862655242,0.25866722135683,3.2641959551402,1.8163467658399097,0.3642758764569713,3.6905631336400122e-09,8.188997597170832e-13,-3.6905630427665937e-09,-1.2302598142582549e-14,2.886391659578499e-12,4.904092259793164e-12,-5.234814942490989e-11,0.3017390145718322,0.7568087238432005,0.9971193430996155,0.9971193430996155,0.9999999999975271,0,0,0,0,1.2965453,1.4919183,3.6932933680836517,-0.84421969983837,0.3642758764569713,1.8781128650048815,-0.9092989977740623,0.7568087238432005,2.2822465024377094,-1.4609395673746004,1.0792456412960005,17.59554619581356,0,,0,0.0,0.0,0.0,0.0,0.0,0.0,0,0,0,0,0,0,184,0,0,0,0,0,0,0,
185,3.7,approach,approach,forward_left,0,0,0,0,0.0,0.0,0,0,1.000000034088913,0.9999999862655242,0.25866722135683,3.264195955181919,1.8030779896891642,0.3642758764569709,3.690563262277771e-09,8.187891119787935e-13,-3.6905631714009867e-09,-1.8905679795550496e-14,2.8867069151112526e-12,4.9034753703061355e-12,-5.2348154798615784e-11,0.3017390145718311,0.7583019844465173,0.9972521549904743,0.9972521549904743,0.9999999999975275,0,0,0,0,1.2846912,1.481378,3.6932933680836713,-0.8442196999121829,0.3642758764569709,1.8916972147583313,-0.9173055208684812,0.7583019844465173,2.2678885618335634,-1.4452075381763534,1.0781768910989338,17.472295775783103,0,,0,0.0,0.0,0.0,0.0,0.0,0.0,0,0,0,0,0,0,185,0,0,0,0,0,0,0,
186,3.72,approach,approach,forward_left,0,0,0,0,0.0,0.0,0,0,1.000000034088913,0.9999999862655242,0.25866722135683,3.2641959552236384,1.7904579417004989,0.3642758764569707,3.6905632943875774e-09,8.188866156118939e-13,-3.6905632035051165e-09,-1.5480638191502336e-14,2.8864662381825898e-12,4.904019283461662e-12,-5.234816029207731e-11,0.3017390145718305,0.7605695795472768,0.9974556044487115,0.9974556044487115,0.9999999999975282,0,0,0,0,1.2740161,1.46928,3.693293368083691,-0.8442196999859959,0.3642758764569707,1.90463325992477,-0.9244360230088349,0.7605695795472768,2.2542838201315027,-1.430505364280268,1.076751616559624,17.424342534541736,0,,0,0.0,0.0,0.0,0.0,0.0,0.0,0,0,0,0,0,0,186,0,0,0,0,0,0,0,
187,3.74,approach,approach,forward_left,0,0,0,0,0.0,0.0,0,0,1.000000034088913,0.9999999862655242,0.25866722135683,3.2641959552653574,1.778157277906287,0.36427587645697046,3.6905634028854276e-09,8.187909950149306e-13,-3.690563312030668e-09,-1.3849233533942477e-14,2.8866781219559173e-12,4.903478973194722e-12,-5.2348165713464255e-11,0.3017390145718299,0.7630940394944951,0.9976873613935519,0.9976873613935519,0.9999999999975288,0,0,0,0,1.2637641,1.4559332,3.6932933680837103,-0.8442197000598088,0.36427587645697046,1.9172529721577902,-0.9309596390175795,0.7630940394944951,2.241069184827191,-1.4164070783735558,1.0750043224584658,17.394375176298837,0,,0,0.0,0.0,0.0,0.0,0.0,0.0,0,0,0,0,0,0,187,0,0,0,0,0,0,0,
188,3.7600000000000002,approach,approach,forward_left,0,0,0,0,0.0,0.0,0,0,1.000000034088913,0.9999999862655242,0.25866722135683,3.264195955307077,1.7661054515609897,0.36427587645697024,3.6905634112054956e-09,8.188025251402362e-13,-3.6905633203522805e-09,-1.2709072410976889e-14,2.8863063532438845e-12,4.9035322734758485e-12,-5.2348171415752223e-11,0.3017390145718292,0.7654643696392739,0.9978246595009851,0.9978246595009851,0.9999999999975292,0,0,0,0,1.2536792,1.4416254,3.69329336808373,-0.8442197001336218,0.36427587645697024,1.9296318139065634,-0.9370980525674854,0.7654643696392739,2.228144104706364,-1.402725168458432,1.0730752852464318,17.347738584191088,0,,0,0.0,0.0,0.0,0.0,0.0,0.0,0,0,0,0,0,0,188,0,0,0,0,0,0,0,
189,3.7800000000000002,approach,approach,forward_left,0,0,0,0,0.0,0.0,0,0,1.000000034088913,0.9999999862655242,0.25866722135683,3.264195955348796,1.7541267417262834,0.36427587645697,3.6905634865807895e-09,8.18710184842638e-13,-3.6905633957520694e-09,-1.148651701240358e-14,2.8863219532527307e-12,4.903015618746956e-12,-5.234817667253785e-11,0.3017390145718286,0.7674628963900136,0.9979084004960468,0.9979084004960468,0.9999999999975275,0,0,0,0,1.2435607,1.4267901,3.6932933680837494,-0.8442197002074348,0.36427587645697,1.9419479033921516,-0.9429602154149156,0.7674628963900136,2.2153186791499784,-1.389251112865032,1.0709537671825702,17.277222123593074,0,,0,0.0,0.0,0.0,0.0,0.0,0.0,0,0,0,0,0,0,189,0,0,0,0,0,0,0,
190,3.8000000000000003,approach,approach,forward_left,0,0,0,0,0.0,0.0,0,0,1.000000034088913,0.9999999862655242,0.25866722135683,3.2641959553905155,1.742194486551115,0.3642758764569697,3.690563487495e-09,8.186324913651455e-13,-3.6905633966603153e-09,-1.741193838164705e-14,2.8859206973090004e-12,4.902584477038491e-12,-5.234818228085331e-11,0.30173901457182767,0.7689811283078136,0.9979790579684507,0.9979790579684507,0.9999999999975278,0,0,0,0,1.2332895,1.411678,3.693293368083769,-0.8442197002812477,0.3642758764569697,1.9542251842840168,-0.9485436240213684,0.7689811283078136,2.202567786941352,-1.3759665700932902,1.0686241747943048,17.22460210469461,0,,0,0.0,0.0,0.0,0.0,0.0,0.0,0,0,0,0,0,0,190,0,0,0,0,0,0,0,
191,3.8200000000000003,approach,approach,forward_left,0,0,0,0,0.0,0.0,0,0,1.000000034088913,0.9999999862655242,0.25866722135683,3.2641959554322346,1.7303151425515184,0.36427587645696946,3.6905636810589214e-09,8.189180474950808e-13,-3.690563590161214e-09,-1.7343007896016176e-14,2.8866044326522466e-12,4.904205848897038e-12,-5.234818789232081e-11,0.301739014571827,0.7699720122062957,0.998041980923769,0.998041980923769,0.9999999999975282,0,0,0,0,1.2227657,1.3963555,3.6932933680837885,-0.8442197003550607,0.36427587645696946,1.9664574709567941,-0.9538932018797677,0.7699720122062957,2.1898919794521046,-1.3628512628414324,1.0661270693095615,17.179284019715354,0,,0,0.0,0.0,0.0,0.0,0.0,0.0,0,0,0,0,0,0,191,0,0,0,0,0,0,0,
192,3.84,approach,approach,forward_left,0,0,0,0,0.0,0.0,0,0,1.000000034088913,0.9999999862655242,0.25866722135683,3.264195955473954,1.718449295797074,0.36427587645696924,3.6905637482313957e-09,8.188472415729707e-13,-3.690563657358404e-09,-1.5307714849396985e-14,2.8865782431834613e-12,4.9038002051198064e-12,-5.234819334035631e-11,0.3017390145718264,0.7704519731891614,0.9980995193202045,0.9980995193202045,0.9999999999975289,0,0,0,0,1.2119896,1.3808498,3.693293368083808,-0.8442197004288736,0.36427587645696924,1.9786837892465745,-0.9590324801402972,0.7704519731891614,2.1772491010292145,-1.3498596960973288,1.0634598173309073,17.136161720716103,0,,0,0.0,0.0,0.0,0.0,0.0,0.0,0,0,0,0,0,0,192,0,0,0,0,0,0,0,
193,3.86,approach,approach,forward_left,0,0,0,0,0.0,0.0,0,0,1.000000034088913,0.9999999862655242,0.25866722135683,3.264195955515673,1.7065324687608627,0.364275876456969,3.690563702718131e-09,8.189679032939252e-13,-3.6905636118226874e-09,-1.4227223218095767e-14,2.8859060687338842e-12,4.904471651071682e-12,-5.234819874316252e-11,0.3017390145718257,0.7704615674905271,0.9981571564288083,0.9981571564288083,0.9999999999975292,0,0,0,0,1.2010165,1.365111,3.6932933680838276,-0.8442197005026866,0.364275876456969,1.990968311243541,-0.9639797430409232,0.7704615674905271,2.1645725945549446,-1.3369285910575262,1.060601248984737,17.09833604495255,0,,0,0.0,0.0,0.0,0.0,0.0,0.0,0,0,0,0,0,0,193,0,0,0,0,0,0,0,
194,3.88,approach,approach,forward_left,0,0,0,0,0.0,0.0,0,0,1.000000034088913,0.9999999862655242,0.25866722135683,3.2641959555573927,1.6944908734923376,0.36427587645696874,3.6905639793236703e-09,8.188254930473512e-13,-3.6905638884462495e-09,-1.7397584758029917e-14,2.8870611939928196e-12,4.903668675209532e-12,-5.234820424860875e-11,0.30173901457182495,0.7700492844235909,0.9982164192960842,0.9982164192960842,0.9999999999975274,0,0,0,0,1.189913,1.3490671,3.693293368083847,-0.8442197005764995,0.36427587645696874,2.0033841969599413,-0.9687440504047123,0.7700492844235909,2.1517878685945426,-1.323992464619834,1.0575175052824055,17.07052943046767,0,,0,0.0,0.0,0.0,0.0,0.0,0.0,0,0,0,0,0,0,194,0,0,0,0,0,0,0,
195,3.9,approach,approach,forward_left,0,0,0,0,0.0,0.0,0,0,1.000000034088913,0.9999999862655242,0.25866722135683,3.264195955599112,1.682239875316074,0.3642758764569684,3.690564073380125e-09,8.188153751118035e-13,-3.690563982503309e-09,-1.7742454703141785e-14,2.887162585841712e-12,4.903602907948512e-12,-5.2348209650827146e-11,0.301739014571824,0.7692582479397844,0.9982710672304942,0.9982710672304942,0.999999999997528,0,0,0,0,1.1787293,1.3326684,3.6932933680838667,-0.8442197006503125,0.3642758764569684,2.0160154828729238,-0.973331643884655,0.7692582479397844,2.1388097846677248,-1.3109784517154175,1.0541662569259593,17.061728332901602,0,,0,0.0,0.0,0.0,0.0,0.0,0.0,0,0,0,0,0,0,195,0,0,0,0,0,0,0,
196,3.92,approach,approach,forward_left,0,0,0,0,0.0,0.0,0,0,1.000000034088913,0.9999999862655242,0.25866722135683,3.2641959556408313,1.669686467365807,0.3642758764569682,3.690563970410363e-09,8.187710799489327e-13,-3.6905638795529205e-09,-1.563062391633452e-14,2.8861779719210493e-12,4.903355671298124e-12,-5.2348215217058296e-11,0.30173901457182334,0.7681071597022203,0.9983122771892943,0.9983122771892943,0.9999999999975284,0,0,0,0,1.1674906,1.3158766,3.693293368083886,-0.8442197007241254,0.3642758764569682,2.028954585416641,-0.9777461618253629,0.7681071597022203,2.125545098903169,-1.2978082437879757,1.050498292078801,17.08172930329169,0,,0,0.0,0.0,0.0,0.0,0.0,0.0,0,0,0,0,0,0,196,0,0,0,0,0,0,0,
197,3.94,approach,approach,forward_left,0,0,0,0,0.0,0.0,0,0,1.000000034088913,0.9999999862655242,0.25866722135683,3.2641959556825504,1.656739163576642,0.36427587645696796,3.69056400927088e-09,8.186826708882086e-13,-3.690563918438465e-09,-1.429539844983807e-14,2.885997239446058e-12,4.902862157643129e-12,-5.234822062791983e-11,0.30173901457182273,0.7665526109806182,0.9983240374877911,0.9983240374877911,0.9999999999975286,0,0,0,0,1.1561848,1.2986507,3.6932933680839057,-0.8442197007979384,0.36427587645696796,2.0422927779537488,-0.981993818536011,0.7665526109806182,2.111901507690505,-1.2844030200516343,1.046467170154359,17.14141661721022,0,,0,0.0,0.0,0.0,0.0,0.0,0.0,0,0,0,0,0,0,197,0,0,0,0,0,0,0,
198,3.96,approach,approach,forward_left,0,0,0,0,0.0,0.0,0,0,1.000000034088913,0.9999999862655242,0.25866722135683,3.2641959557242695,1.6432916451662158,0.36427587645696774,3.6905641991625713e-09,8.189687987620904e-13,-3.690564108270026e-09,-1.3403214936896907e-14,2.8866574071938608e-12,4.9044878381220546e-12,-5.234822622607868e-11,0.3017390145718221,0.7644889384750126,0.9982937017279905,0.9982937017279905,0.9999999999975293,0,0,0,0,1.1447614,1.28096,3.6932933680839253,-0.8442197008717514,0.36427587645696774,2.056135880264814,-0.9860745250791283,0.7644889384750126,2.0977727478506725,-1.270675518683522,1.042013031248387,17.243344426037044,0,,0,0.0,0.0,0.0,0.0,0.0,0.0,0,0,0,0,0,0,198,0,0,0,0,0,0,0,
199,3.98,approach,approach,forward_left,0,0,0,0,0.0,0.0,0,0,1.000000034088913,0.9999999862655242,0.25866722135683,3.264195955765989,1.629249516913449,0.36427587645696735,3.6905641977632273e-09,8.189171217486997e-13,-3.6905641068465063e-09,-2.1041143747392772e-14,2.886242835474693e-12,4.904190140590876e-12,-5.234823174970614e-11,0.301739014571821,0.7617639699578758,0.9982184430404809,0.9982184430404809,0.9999999999975274,0,0,0,0,1.1331521,1.2628541,3.693293368083945,-0.8442197009455643,0.36427587645696735,2.070575160798386,-0.9899578500577614,0.7617639699578758,2.0830694607445435,-1.2565676272035045,1.0370592011196182,17.40484713139335,0,,0,0.0,0.0,0.0,0.0,0.0,0.0,0,0,0,0,0,0,199,0,0,0,0,0,0,0,
200,4.0,approach,approach,forward_left,0,0,0,0,0.0,0.0,0,0,1.000000034088913,0.9999999862655242,0.25866722135683,3.264195955807708,1.6145219115482676,0.3642758764569671,3.690564301059e-09,8.188127802587691e-13,-3.6905642101923952e-09,-1.561143980407539e-14,2.8864177186001747e-12,4.9036079239928785e-12,-5.234823714368873e-11,0.3017390145718202,0.7582065410602387,0.9981329002361189,0.9981329002361189,0.9999999999975281,0,0,0,0,1.1212792,1.2445645,3.6932933680839644,-0.8442197010193773,0.3642758764569671,2.085692903271975,-0.9935574002307526,0.7582065410602387,2.0677154768694774,-1.2420602640146357,1.031487907551691,17.641464774558543,0,,0,0.0,0.0,0.0,0.0,0.0,0.0,0,0,0,0,0,0,200,0,0,0,0,0,0,0,
201,4.0200000000000005,approach,approach,forward_left,0,0,0,0,0.0,0.0,0,0,1.000000034088913,0.9999999862655242,0.25866722135683,3.2641959558494276,1.5989782266486883,0.36427587645696685,3.690564387870601e-09,8.188961045482982e-13,-3.6905642969907805e-09,-1.431150466308148e-14,2.8864902552003075e-12,4.904070819133653e-12,-5.2348242735892926e-11,0.30173901457181956,0.7537277107685612,0.9981475628534502,0.9981475628534502,0.9999999999975286,0,0,0,0,1.1090937,1.226541,3.693293368083984,-0.8442197010931902,0.36427587645696685,2.1016053826515892,-0.9967343768681767,0.7537277107685612,2.051604462322472,-1.2271359095680845,1.0251189339511264,18.010196863263555,0,,0,0.0,0.0,0.0,0.0,0.0,0.0,0,0,0,0,0,0,201,0,0,0,0,0,0,0,
202,4.04,approach,approach,forward_left,0,0,0,0,0.0,0.0,0,0,1.000000034088913,0.9999999862655242,0.25866722135683,3.2641959558911466,1.5825171053493352,0.36427587645696663,3.6905644473215618e-09,8.188137636907814e-13,-3.690564356465387e-09,-1.2850925189273755e-14,2.8864174997502204e-12,4.903607376782087e-12,-5.2348248289405353e-11,0.3017390145718189,0.7488139842036096,0.998332000992662,0.998332000992662,0.9999999999975291,0,0,0,0,1.0965625,1.2095077,3.6932933680840034,-0.8442197011670032,0.36427587645696663,2.118424546761593,-0.9996178489995972,0.7488139842036096,2.034613621705147,-1.2116292735499068,1.0179955266110776,18.74563354864745,0,,0,0.0,0.0,0.0,0.0,0.0,0.0,0,0,0,0,0,0,202,0,0,0,0,0,0,0,
203,4.0600000000000005,approach,approach,forward_left,0,0,0,0,0.0,0.0,0,0,1.000000034088913,0.9999999862655242,0.25866722135683,3.264195955932866,1.5670622011231552,0.36427587645696635,3.6905645009604906e-09,8.188131354522383e-13,-3.6905644100890407e-09,-1.6701359518774052e-14,2.8863120710537883e-12,4.903589485600784e-12,-5.2348253715509115e-11,0.3017390145718181,0.7471840468753245,0.9976298616899429,0.9976298616899429,0.9999999999975274,0,0,0,0,1.0842698,1.1959168,3.693293368084023,-0.8442197012408161,0.36427587645696635,2.1343996219772587,-1.004014039495234,0.7471840468753245,2.0183520059786644,-1.1959644344083178,1.0125971626561772,19.489059791508122,0,,0,0.0,0.0,0.0,0.0,0.0,0.0,0,0,0,0,0,0,203,0,0,0,0,0,0,0,
204,4.08,approach,approach,forward_left,0,0,0,0,0.0,0.0,0,0,1.000000034088913,0.9999999862655242,0.25866722135683,3.2641959559745852,1.5528207742303195,0.364275876456966,3.6905646022017053e-09,8.187135140878251e-13,-3.6905645113483385e-09,-1.756734114899251e-14,2.8864672883287154e-12,4.903033693690259e-12,-5.23482592364963e-11,0.3017390145718172,0.7479039448328663,0.9970555343426895,0.9970555343426895,0.999999999997528,0,0,0,0,1.0718485,1.1833642,3.6932933680840425,-0.8442197013146291,0.364275876456966,2.1491724958166767,-1.0083632016718416,0.7479039448328663,2.0032978488194857,-1.1813181038213911,1.007839220543179,19.784521375813377,0,,0,0.0,0.0,0.0,0.0,0.0,0.0,0,0,0,0,0,0,204,0,0,0,0,0,0,0,
205,4.1,approach,approach,forward_left,0,0,0,0,0.0,0.0,0,0,1.000000034088913,0.9999999862655242,0.25866722135683,3.2641959560163047,1.539544418954522,0.3642758764569658,3.6905645577480928e-09,8.186938073137652e-13,-3.6905644669101057e-09,-1.5078226359955222e-14,2.885804817648555e-12,4.902914116902652e-12,-5.234826458588939e-11,0.30173901457181657,0.7498020545536593,0.9968288787275131,0.9968288787275131,0.9999999999975284,0,0,0,0,1.0584414,1.1714123,3.693293368084062,-0.844219701388442,0.3642758764569658,2.1629830985542804,-1.0125868505170779,0.7498020545536593,1.989217771247448,-1.167536657738768,1.0035213853078588,20.000101942841617,0,,0,0.0,0.0,0.0,0.0,0.0,0.0,0,0,0,0,0,0,205,0,0,0,0,0,0,0,
206,4.12,approach,approach,forward_left,0,0,0,0,0.0,0.0,0,0,1.000000034088913,0.9999999862655242,0.25866722135683,3.264195956058024,1.5267399847725787,0.3642758764569656,3.690564770600199e-09,8.189310777795692e-13,-3.6905646797146896e-09,-1.3769578376215854e-14,2.8866030958834852e-12,4.904276270465144e-12,-5.2348270125694e-11,0.3017390145718159,0.7523360643933534,0.9967170165471402,0.9967170165471402,0.9999999999975289,0,0,0,0,1.0441895,1.1598821,3.6932933680840816,-0.844219701462255,0.3642758764569656,2.176361003196881,-1.0169946460031187,0.7523360643933534,1.9755616902132447,-1.154008191577126,0.9995999574211002,20.247086344359715,0,,0,0.0,0.0,0.0,0.0,0.0,0.0,0,0,0,0,0,0,206,0,0,0,0,0,0,0,
207,4.14,approach,approach,forward_left,0,0,0,0,0.0,0.0,0,0,1.000000034088913,0.9999999862655242,0.25866722135683,3.2641959560997433,1.5140130124071907,0.36427587645696535,3.6905648098483983e-09,8.188655292646657e-13,-3.6905647189816667e-09,-1.2584219580851054e-14,2.8864160341841563e-12,4.9039030410757235e-12,-5.2348275811420894e-11,0.3017390145718153,0.7550994482766635,0.9966676658155073,0.9966676658155073,0.9999999999975292,0,0,0,0,1.0293566,1.1486021,3.693293368084101,-0.844219701536068,0.36427587645696535,2.1897174267448594,-1.021687417935725,0.7550994482766635,1.961913731087231,-1.1403364422639284,0.9959258005409554,20.43854052516908,0,,0,0.0,0.0,0.0,0.0,0.0,0.0,0,0,0,0,0,0,207,0,0,0,0,0,0,0,
208,4.16,approach,approach,forward_left,0,0,0,0,0.0,0.0,0,0,1.000000034088913,0.9999999862655242,0.25866722135683,3.264195956141463,1.5013038055702208,0.364275876456965,3.6905648526067088e-09,8.18777745309093e-13,-3.690564761728715e-09,-1.9627902138970536e-14,2.8862452934473965e-12,4.9034154846333934e-12,-5.2348281204183894e-11,0.30173901457181435,0.7578340690872027,0.9967220405966506,0.9967220405966506,0.9999999999975274,0,0,0,0,1.0143157,1.1377811,3.6932933680841207,-0.8442197016098809,0.364275876456965,2.203117425950885,-1.0266718271303874,0.7578340690872027,1.9482103278501561,-1.1264639681112596,0.9924676544687299,20.617608139054934,0,,0,0.0,0.0,0.0,0.0,0.0,0.0,0,0,0,0,0,0,208,0,0,0,0,0,0,0,
209,4.18,approach,approach,forward_left,0,0,0,0,0.0,0.0,0,0,1.000000034088913,0.9999999862655242,0.25866722135683,3.264195956183182,1.4887131359773662,0.36427587645696474,3.690564962104326e-09,8.188544616299989e-13,-3.6905648712254574e-09,-1.631251555668641e-14,2.8864509849935614e-12,4.903839648625658e-12,-5.234828672106115e-11,0.3017390145718135,0.7603879569521501,0.9968116286290284,0.9968116286290284,0.999999999997528,0,0,0,0,0.9991638,1.1275764,3.69329336808414,-0.8442197016836939,0.36427587645696474,2.2164649164727015,-1.0319549560780796,0.7603879569521501,1.9345489016554003,-1.1124660469677747,0.9892856491304508,20.852271428555213,0,,0,0.0,0.0,0.0,0.0,0.0,0.0,0,0,0,0,0,0,209,0,0,0,0,0,0,0,
210,4.2,approach,approach,forward_left,0,0,0,0,0.0,0.0,0,0,1.000000034088913,0.9999999862655242,0.25866722135683,3.2641959562249014,1.4761970156040896,0.3642758764569645,3.6905649942738245e-09,8.18870502380626e-13,-3.6905649033963064e-09,-1.5161362641472273e-14,2.8862178255586888e-12,4.903911399385695e-12,-5.234829225675797e-11,0.3017390145718129,0.762630317741036,0.9968912872267808,0.9968912872267808,0.9999999999975284,0,0,0,0,0.98381406,1.1179512,3.6932933680841598,-0.8442197017575068,0.3642758764569645,2.2298159078474153,-1.0375881383169117,0.762630317741036,1.9208726760951462,-1.0982674626277336,0.9863904953980752,21.11619174584964,0,,0,0.0,0.0,0.0,0.0,0.0,0.0,0,0,0,0,0,0,210,0,0,0,0,0,0,0,
211,4.22,approach,approach,forward_left,0,0,0,0,0.0,0.0,0,0,1.000000034088913,0.9999999862655242,0.25866722135683,3.2641959562666205,1.463707262012278,0.3642758764569643,3.69056511296911e-09,8.187671243200331e-13,-3.6905650221229807e-09,-1.2942194802874971e-14,2.8864799307462827e-12,4.903331304289154e-12,-5.2348297888904905e-11,0.30173901457181224,0.7644820672939513,0.9969620498678158,0.9969620498678158,0.9999999999975291,0,0,0,0,0.96819013,1.108886,3.6932933680841793,-0.8442197018313198,0.3642758764569643,2.243226914266724,-1.043584263327963,0.7644820672939513,1.9071273376288596,-1.0838143027853309,0.9837608987683066,21.404781907470973,0,,0,0.0,0.0,0.0,0.0,0.0,0.0,0,0,0,0,0,0,211,0,0,0,0,0,0,0,
212,4.24,approach,approach,forward_left,0,0,0,0,0.0,0.0,0,0,1.000000034088913,0.9999999862655242,0.25866722135683,3.26419595630834,1.4512458060084552,0.3642758764569641,3.6905650655952386e-09,8.187025588954262e-13,-3.690564974764115e-09,-1.2745730227252372e-14,2.885801559374277e-12,4.9029753334450576e-12,-5.2348303142655635e-11,0.3017390145718116,0.7658844307431134,0.997034580034937,0.997034580034937,0.9999999999975272,0,0,0,0,0.9522053,1.1003634,3.693293368084199,-0.8442197019051327,0.3642758764569641,2.2567054145509604,-1.049960901523276,0.7658844307431134,1.8933076628132663,-1.0690904696457284,0.9814071311997922,21.714316189179556,0,,0,0.0,0.0,0.0,0.0,0.0,0.0,0,0,0,0,0,0,212,0,0,0,0,0,0,0,
213,4.26,approach,approach,forward_left,0,0,0,0,0.0,0.0,0,0,1.000000034088913,0.9999999862655242,0.25866722135683,3.264195956350059,1.4388461438510345,0.3642758764569637,3.6905652539787877e-09,8.186195545635238e-13,-3.6905651631408453e-09,-1.867422430602625e-14,2.8864505930798397e-12,4.90249965314074e-12,-5.234830870503334e-11,0.3017390145718105,0.7667530465616422,0.9971153394857405,0.9971153394857405,0.9999999999975279,0,0,0,0,0.93578655,1.0922986,3.6932933680842184,-0.8442197019789457,0.3642758764569637,2.2702309780423184,-1.0567559570584664,0.7667530465616422,1.8794357588194772,-1.0540914053221384,0.9793720104745647,22.03176084490061,0,,0,0.0,0.0,0.0,0.0,0.0,0.0,0,0,0,0,0,0,213,0,0,0,0,0,0,0,
214,4.28,approach,approach,forward_left,0,0,0,0,0.0,0.0,0,0,1.000000034088913,0.9999999862655242,0.25866722135683,3.2641959563917786,1.426531167905792,0.36427587645696347,3.6905653026967194e-09,8.189014392655748e-13,-3.690565211810855e-09,-1.551969354943161e-14,2.886321351423276e-12,4.904113769145301e-12,-5.23483141772762e-11,0.3017390145718099,0.7669775180665058,0.9971821109021267,0.9971821109021267,0.9999999999975283,0,0,0,0,0.9188648,1.0845562,3.693293368084238,-0.8442197020527586,0.36427587645696347,2.2838019201809723,-1.0640492526009462,0.7669775180665058,1.865513847258654,-1.038773401188292,0.9777223501538511,22.3494303188695,0,,0,0.0,0.0,0.0,0.0,0.0,0.0,0,0,0,0,0,0,214,0,0,0,0,0,0,0,
215,4.3,approach,approach,forward_left,0,0,0,0,0.0,0.0,0,0,1.000000034088913,0.9999999862655242,0.25866722135683,3.2641959564334977,1.4143260935987165,0.36427587645696324,3.690565402677835e-09,8.188187821327172e-13,-3.6905653118136973e-09,-1.4692763343774636e-14,2.8864872778746592e-12,4.9036412429479216e-12,-5.234831979777869e-11,0.30173901457180924,0.7663158455101513,0.9972071451698484,0.9972071451698484,0.9999999999975286,0,0,0,0,0.9013945,1.0769498,3.6932933680842575,-0.8442197021265716,0.36427587645696324,2.2974247041249467,-1.0719673080649308,0.7663158455101513,1.8515355535374947,-1.0230596427083554,0.9765588904391059,22.647475365775506,0,,0,0.0,0.0,0.0,0.0,0.0,0.0,0,0,0,0,0,0,215,0,0,0,0,0,0,0,
216,4.32,approach,approach,forward_left,0,0,0,0,0.0,0.0,0,0,1.000000034088913,0.9999999862655242,0.25866722135683,3.2641959564752168,1.40228717654962,0.364275876456963,3.6905655254622246e-09,8.188935225034742e-13,-3.690565434585806e-09,-1.3570037390538934e-14,2.8867547184514347e-12,4.904056797249159e-12,-5.234832532218711e-11,0.30173901457180863,0.7643820115525369,0.9970715686194888,0.9970715686194888,0.9999999999975291,0,0,0,0,0.88343865,1.0692464,3.693293368084277,-0.8442197022003846,0.364275876456963,2.3110834924924215,-1.0806624761053034,0.7643820115525369,1.8375184782812248,-1.0068771204631306,0.9760162856240565,22.79782293252439,0,,0,0.0,0.0,0.0,0.0,0.0,0.0,0,0,0,0,0,0,216,0,0,0,0,0,0,0,
217,4.34,approach,approach,forward_left,0,0,0,0,0.0,0.0,0,0,1.000000034088913,0.9999999862655242,0.25866722135683,3.2641959565169363,1.3901846727025966,0.3642758764569628,3.6905654944415413e-09,8.188351179282535e-13,-3.690565403583435e-09,-1.2025937639956773e-14,2.886169539224974e-12,4.9037287385167995e-12,-5.2348330764614956e-11,0.30173901457180796,0.7608714609480429,0.9965570235224969,0.9965570235224969,0.9999999999975275,0,0,0,0,0.8652396,1.0611321,3.6932933680842965,-0.8442197022741975,0.3642758764569628,2.325048951126558,-1.090229132339803,0.7608714609480429,1.823199805228896,-0.9899491868813253,0.976019483212414,22.54561965858917,0,,0,0.0,0.0,0.0,0.0,0.0,0.0,0,0,0,0,0,0,217,0,0,0,0,0,0,0,
218,4.36,approach,approach,forward_left,0,0,0,0,0.0,0.0,0,0,1.000000034088913,0.9999999862655242,0.25866722135683,3.2641959565586554,1.377686197736382,0.3642758764569624,3.6905655685026496e-09,8.188301286151496e-13,-3.6905654776185244e-09,-1.8570357902617502e-14,2.8861802603708636e-12,4.903685965892641e-12,-5.234833626980653e-11,0.30173901457180685,0.7576875509238072,0.9958907160852073,0.9958907160852073,0.9999999999975279,0,0,0,0,0.8484931,1.0527264,3.693293368084316,-0.8442197023480105,0.3642758764569624,2.3393974341723522,-1.099141375749823,0.7576875509238072,1.808563437349188,-0.9730749522572557,0.9752663209210439,21.662461146173158,0,,0,0.0,0.0,0.0,0.0,0.0,0.0,0,0,0,0,0,0,218,0,0,0,0,0,0,0,
219,4.38,approach,approach,forward_left,0,0,0,0,0.0,0.0,0,0,1.000000034088913,0.9999999862655242,0.25866722135683,3.264195956600375,1.3654227548149713,0.3642758764569622,3.690565630534664e-09,8.187407574743351e-13,-3.690565539683085e-09,-1.584277977925462e-14,2.8861206438567548e-12,4.903186151568971e-12,-5.234834174696053e-11,0.30173901457180624,0.7568620935086807,0.995834083100281,0.995834083100281,0.9999999999975283,0,0,0,0,0.83512825,1.04461,3.6932933680843356,-0.8442197024218234,0.3642758764569622,2.3533100973435137,-1.1065632434157546,0.7568620935086807,1.7944419430306842,-0.95740235231021,0.9735296786217572,21.17092488350409,0,,0,0.0,0.0,0.0,0.0,0.0,0.0,0,0,0,0,0,0,219,0,0,0,0,0,0,0,
220,4.4,approach,approach,forward_left,0,0,0,0,0.0,0.0,0,0,1.000000034088913,0.9999999862655242,0.25866722135683,3.264195956642094,1.3540543785124397,0.36427587645696197,3.6905656339373964e-09,8.187078891485278e-13,-3.690565543102236e-09,-1.355093007084764e-14,2.8857263073789123e-12,4.9029929393835855e-12,-5.2348347312602457e-11,0.3017390145718056,0.7575622779304634,0.9959110755099638,0.9959110755099638,0.999999999997529,0,0,0,0,0.82420015,1.0353504,3.693293368084355,-0.8442197024956364,0.36427587645696197,2.366156987416667,-1.1128687059871396,0.7575622779304634,1.781439620740626,-0.9432398748870878,0.9714740338226753,21.072772224496035,0,,0,0.0,0.0,0.0,0.0,0.0,0.0,0,0,0,0,0,0,220,0,0,0,0,0,0,0,
221,4.42,approach,approach,forward_left,0,0,0,0,0.0,0.0,0,0,1.000000034088913,0.9999999862655242,0.25866722135683,3.2641959566838135,1.34313463478027,0.36427587645696174,3.6905657356628774e-09,8.186054552428351e-13,-3.690565644855442e-09,-1.2112873332704234e-14,2.8858909281791496e-12,4.9024210046354125e-12,-5.2348352669470464e-11,0.30173901457180496,0.7591626695835851,0.9960602009441519,0.9960602009441519,0.9999999999975292,0,0,0,0,0.8145009,1.0245358,3.6932933680843747,-0.8442197025694493,0.36427587645696174,2.378441182104287,-1.1183991623575844,0.7591626695835851,1.7690359369833273,-0.9299795447201344,0.9690968442567858,21.016943996401583,0,,0,0.0,0.0,0.0,0.0,0.0,0.0,0,0,0,0,0,0,221,0,0,0,0,0,0,0,
222,4.44,approach,approach,forward_left,0,0,0,0,0.0,0.0,0,0,1.000000034088913,0.9999999862655242,0.25866722135683,3.2641959567255325,1.33242898171939,0.36427587645696147,3.6905659594246473e-09,8.18837259410823e-13,-3.6905658685469758e-09,-1.6900209278680563e-14,2.8867558859254885e-12,4.903752965011286e-12,-5.234835824935031e-11,0.3017390145718042,0.7611697416409287,0.9962167164081954,0.9962167164081954,0.9999999999975275,0,0,0,0,0.8053521,1.0124046,3.6932933680843942,-0.8442197026432623,0.36427587645696147,2.390446179136736,-1.123426066426316,0.7611697416409287,1.7569361056990231,-0.9172340801664357,0.9664619151870409,20.934049103560778,0,,0,0.0,0.0,0.0,0.0,0.0,0.0,0,0,0,0,0,0,222,0,0,0,0,0,0,0,
223,4.46,approach,approach,forward_left,0,0,0,0,0.0,0.0,0,0,1.000000034088913,0.9999999862655242,0.25866722135683,3.264195956767252,1.321834135485985,0.36427587645696113,3.690566087977212e-09,8.18931007882098e-13,-3.6905659970744028e-09,-1.7822595754499992e-14,2.8870529816209968e-12,4.904266734936279e-12,-5.23483638531655e-11,0.30173901457180324,0.763248607899562,0.9963650751211783,0.9963650751211783,0.999999999997528,0,0,0,0,0.7964492,0.9993517,3.6932933680844138,-0.8442197027170752,0.36427587645696113,2.4022963343435966,-1.128072024547271,0.763248607899562,1.7450100992628632,-0.9048316043576402,0.9636001502135418,20.843976542808655,0,,0,0.0,0.0,0.0,0.0,0.0,0.0,0,0,0,0,0,0,223,0,0,0,0,0,0,0,
224,4.48,approach,approach,forward_left,0,0,0,0,0.0,0.0,0,0,1.000000034088913,0.9999999862655242,0.25866722135683,3.264195956808971,1.3112870188460275,0.3642758764569609,3.690565977572541e-09,8.188963779113349e-13,-3.6905658866885153e-09,-1.5352579006021696e-14,2.886019288751894e-12,4.904071510963306e-12,-5.234836916765622e-11,0.3017390145718026,0.7651498937996843,0.9964990034189698,0.9964990034189698,0.9999999999975283,0,0,0,0,0.7875873,0.9857691,3.6932933680844333,-0.8442197027908882,0.3642758764569609,2.4140606256859924,-1.1323815263724764,0.7651498937996843,1.733185714242473,-0.8926900675091712,0.9605092863499934,20.741684094694968,0,,0,0.0,0.0,0.0,0.0,0.0,0.0,0,0,0,0,0,0,224,0,0,0,0,0,0,0,
225,4.5,approach,approach,forward_left,0,0,0,0,0.0,0.0,0,0,1.000000034088913,0.9999999862655242,0.25866722135683,3.2641959568506906,1.3007780499889166,0.3642758764569607,3.6905660599956323e-09,8.188881485001636e-13,-3.690565969117752e-09,-1.4277029940751553e-14,2.8860812428461976e-12,4.9040094206454715e-12,-5.2348374689604034e-11,0.30173901457180197,0.7667127908019583,0.9966408690546211,0.9966408690546211,0.999999999997529,0,0,0,0,0.778574,0.9719078,3.693293368084453,-0.8442197028647012,0.3642758764569607,2.4257530494479917,-1.1363927268829137,0.7667127908019583,1.7214463500380652,-0.8807763642967363,0.9572128976508786,20.635879749952178,0,,0,0.0,0.0,0.0,0.0,0.0,0.0,0,0,0,0,0,0,225,0,0,0,0,0,0,0,
226,4.5200000000000005,approach,approach,forward_left,0,0,0,0,0.0,0.0,0,0,1.000000034088913,0.9999999862655242,0.25866722135683,3.2641959568924097,1.2903016040443525,0.36427587645696047,3.690566189003229e-09,8.18689498928403e-13,-3.690566098176695e-09,-1.2254281397738145e-14,2.88640333089949e-12,4.902913537798698e-12,-5.23483800509415e-11,0.3017390145718013,0.7678522200252632,0.9967920704170188,0.9967920704170188,0.9999999999975296,0,0,0,0,0.7693007,0.95786923,3.6932933680844724,-0.8442197029385141,0.36427587645696047,2.437385587003173,-1.140148536982911,0.7678522200252632,1.7097778308210017,-0.8690563648795822,0.9537396206836097,20.526129357745216,0,,0,0.0,0.0,0.0,0.0,0.0,0.0,0,0,0,0,0,0,226,0,0,0,0,0,0,0,
227,4.54,approach,approach,forward_left,0,0,0,0,0.0,0.0,0,0,1.000000034088913,0.9999999862655242,0.25866722135683,3.2641959569341292,1.2798202144847397,0.3642758764569601,3.6905662066634916e-09,8.186933364330986e-13,-3.6905661158030147e-09,-1.9860098911747484e-14,2.886088079640406e-12,4.9029271602953415e-12,-5.2348385793422497e-11,0.3017390145718002,0.7685477029727015,0.996948174204439,0.996948174204439,0.9999999999975278,0,0,0,0,0.7597687,0.9436685,3.693293368084492,-0.8442197030123271,0.3642758764569601,2.4489974409776005,-1.1436649019869751,0.7685477029727015,1.6981393838798027,-0.8574887142544652,0.9500804630819377,20.413456453402166,0,,0,0.0,0.0,0.0,0.0,0.0,0.0,0,0,0,0,0,0,227,0,0,0,0,0,0,0,
228,4.5600000000000005,approach,approach,forward_left,0,0,0,0,0.0,0.0,0,0,1.000000034088913,0.9999999862655242,0.25866722135683,3.2641959569758483,1.2692678887505602,0.36427587645695986,3.6905663104353872e-09,8.186388295407108e-13,-3.690566219607887e-09,-1.5501026212329885e-14,2.8862589004234507e-12,4.90260879524768e-12,-5.2348391124773036e-11,0.3017390145717996,0.7688162546849736,0.9971094390460873,0.9971094390460873,0.9999999999975284,0,0,0,0,0.75004476,0.9292559,3.6932933680845115,-0.84421970308614,0.36427587645695986,2.4606559767142775,-1.146950664187394,0.7688162546849736,1.686462300250464,-0.8460128334116191,0.9462046602697264,20.299232793573005,0,,0,0.0,0.0,0.0,0.0,0.0,0.0,0,0,0,0,0,0,228,0,0,0,0,0,0,0,
229,4.58,approach,approach,forward_left,0,0,0,0,0.0,0.0,0,0,1.000000034088913,0.9999999862655242,0.25866722135683,3.264195957017568,1.2585661983363825,0.36427587645695964,3.6905664188670696e-09,8.189041846805996e-13,-3.690566327984034e-09,-1.4686360446360646e-14,2.88647113651602e-12,4.90412801103016e-12,-5.234839669272924e-11,0.3017390145717989,0.768690027322868,0.9972718437805923,0.9972718437805923,0.9999999999975289,0,0,0,0,0.74020183,0.914569,3.693293368084531,-0.844219703159953,0.36427587645695964,2.472440840848871,-1.1500104524268284,0.768690027322868,1.674665729395282,-0.834560390560126,0.942071032408398,20.187788548041542,0,,0,0.0,0.0,0.0,0.0,0.0,0.0,0,0,0,0,0,0,229,0,0,0,0,0,0,0,
230,4.6000000000000005,approach,approach,forward_left,0,0,0,0,0.0,0.0,0,0,1.000000034088913,0.9999999862655242,0.25866722135683,3.264195957059287,1.2476230199209986,0.3642758764569594,3.690566490058962e-09,8.188299020972425e-13,-3.6905663991968545e-09,-1.3523462928842326e-14,2.8864627851192456e-12,4.903706068957552e-12,-5.2348402184317593e-11,0.3017390145717983,0.7681999964017794,0.9974270767254361,0.9974270767254361,0.999999999997529,0,0,0,0,0.7303008,0.8995648,3.6932933680845506,-0.8442197032337659,0.3642758764569594,2.4844439791011474,-1.1528397845493628,0.7681999964017794,1.6626566268091079,-0.8230580534867707,0.9376239333695364,20.089086699275686,0,,0,0.0,0.0,0.0,0.0,0.0,0.0,0,0,0,0,0,0,230,0,0,0,0,0,0,0,
231,4.62,approach,approach,forward_left,0,0,0,0,0.0,0.0,0,0,1.000000034088913,0.9999999862655242,0.25866722135683,3.2641959571010064,1.236336730039749,0.36427587645695914,3.6905665208743074e-09,8.189292450766531e-13,-3.690566429974517e-09,-1.7272197665248605e-14,2.8862193841996477e-12,4.904258041119423e-12,-5.234840782026247e-11,0.3017390145717975,0.7673605387430684,0.9975692771414726,0.9975692771414726,0.9999999999975276,0,0,0,0,0.7203877,0.8842157,3.69329336808457,-0.8442197033075789,0.36427587645695914,2.496764860810917,-1.1554238827892545,0.7673605387430684,1.6503344567207974,-0.8114320990859545,0.9327949713727777,20.01642974492652,0,,0,0.0,0.0,0.0,0.0,0.0,0.0,0,0,0,0,0,0,231,0,0,0,0,0,0,0,
232,4.64,approach,approach,forward_left,0,0,0,0,0.0,0.0,0,0,1.000000034088913,0.9999999862655242,0.25866722135683,3.2641959571427255,1.2246134082688769,0.36427587645695875,3.6905666888361196e-09,8.188177790076435e-13,-3.690566597956499e-09,-1.8221927991234503e-14,2.8867643435512787e-12,4.9036288164689825e-12,-5.234841317176935e-11,0.3017390145717964,0.7661431255668044,0.997690047160662,0.997690047160662,0.9999999999975278,0,0,0,0,0.71046954,0.8684995,3.6932933680845896,-0.8442197033813919,0.36427587645695875,2.5094953609529225,-1.1577484548907364,0.7661431255668044,1.637606263846173,-0.7996147960693684,0.9275204459303619,19.98574949370803,0,,0,0.0,0.0,0.0,0.0,0.0,0.0,0,0,0,0,0,0,232,0,0,0,0,0,0,0,
233,4.66,approach,approach,forward_left,0,0,0,0,0.0,0.0,0,0,1.000000034088913,0.9999999862655242,0.25866722135683,3.264195957184445,1.212360134916837,0.3642758764569585,3.6905667288440293e-09,8.188204901428423e-13,-3.690566637979915e-09,-1.459968022761262e-14,2.886566521217162e-12,4.903633778340823e-12,-5.234841879491117e-11,0.30173901457179575,0.7644659204615699,0.9977749605432267,0.9977749605432267,0.9999999999975282,0,0,0,0,0.7005031,0.8524122,3.693293368084609,-0.8442197034552048,0.3642758764569585,2.522725870698237,-1.1597966842351348,0.7644659204615699,1.6243805794101833,-0.7875410636630833,0.9217354120245085,20.012281557701957,0,,0,0.0,0.0,0.0,0.0,0.0,0.0,0,0,0,0,0,0,233,0,0,0,0,0,0,0,
234,4.68,approach,approach,forward_left,0,0,0,0,0.0,0.0,0,0,1.000000034088913,0.9999999862655242,0.25866722135683,3.264195957226164,1.1994881146588976,0.3642758764569583,3.6905666982527904e-09,8.187573086496773e-13,-3.690566607410561e-09,-1.2452912364284273e-14,2.885989977148127e-12,4.903280113116943e-12,-5.2348424225562033e-11,0.30173901457179514,0.7621848333855148,0.9978075600303137,0.9978075600303137,0.9999999999975289,0,0,0,0,0.69039774,0.83601344,3.6932933680846287,-0.8442197035290178,0.3642758764569583,2.5365378612361633,-1.161534113198208,0.7621848333855148,1.6105748041840535,-0.7751631478768605,0.9153654086656287,20.117336400455272,0,,0,0.0,0.0,0.0,0.0,0.0,0.0,0,0,0,0,0,0,234,0,0,0,0,0,0,0,
235,4.7,approach,approach,forward_left,0,0,0,0,0.0,0.0,0,0,1.000000034088913,0.9999999862655242,0.25866722135683,3.2641959572678836,1.1859113684897378,0.3642758764569581,3.690566851691759e-09,8.186379130762312e-13,-3.6905667608789374e-09,-1.1555919883154369e-14,2.886443889900706e-12,4.902615190087721e-12,-5.234842979263743e-11,0.3017390145717945,0.7591326155537735,0.9977915060293946,0.9977915060293946,0.9999999999975293,0,0,0,0,0.6800461,0.8195293,3.6932933680846483,-0.8442197036028307,0.3642758764569581,2.55099512905555,-1.1628739159148982,0.7591326155537735,1.59612373763222,-0.7624774653816764,0.9083027516738771,20.319384048712195,0,,0,0.0,0.0,0.0,0.0,0.0,0.0,0,0,0,0,0,0,235,0,0,0,0,0,0,0,
236,4.72,approach,approach,forward_left,0,0,0,0,0.0,0.0,0,0,1.000000034088913,0.9999999862655242,0.25866722135683,3.2641959573096027,1.1715153103208822,0.36427587645695786,3.6905669173201105e-09,8.189579168559405e-13,-3.6905668264209977e-09,-1.569843285415047e-14,2.8864051419011167e-12,4.9044309806572894e-12,-5.234843541821521e-11,0.30173901457179386,0.7551819113383306,0.9977658249545186,0.9977658249545186,0.9999999999975274,0,0,0,0,0.66936225,0.8034157,3.693293368084668,-0.8442197036766437,0.36427587645695786,2.566170662128915,-1.16366066541326,0.7551819113383306,1.5809525263457997,-0.749511607493577,0.9003779609411966,20.68261377765845,0,,0,0.0,0.0,0.0,0.0,0.0,0.0,0,0,0,0,0,0,236,0,0,0,0,0,0,0,
237,4.74,approach,approach,forward_left,0,0,0,0,0.0,0.0,0,0,1.000000034088913,0.9999999862655242,0.25866722135683,3.264195957351322,1.156318950085956,0.3642758764569576,3.6905670440821132e-09,8.188712984736128e-13,-3.690566953194881e-09,-1.7338820312972694e-14,2.8867239831229022e-12,4.903933781025212e-12,-5.234844063864845e-11,0.3017390145717931,0.7510034040057048,0.9976780771614934,0.9976780771614934,0.9999999999975281,0,0,0,0,0.65837705,0.7885929,3.6932933680846873,-0.8442197037504566,0.3642758764569576,2.5820938568954737,-1.1640777357908298,0.7510034040057048,1.5650319490537863,-0.7361377156647313,0.8917257302017245,21.403022685732278,0,,0,0.0,0.0,0.0,0.0,0.0,0.0,0,0,0,0,0,0,237,0,0,0,0,0,0,0,
238,4.76,approach,approach,forward_left,0,0,0,0,0.0,0.0,0,0,1.000000034088913,0.9999999862655242,0.25866722135683,3.2641959573930412,1.142320229081778,0.36427587645695736,3.6905671551245906e-09,8.189491309554703e-13,-3.690567064225625e-09,-1.611791657994936e-14,2.8869221202297637e-12,4.904367265500691e-12,-5.2348446211666045e-11,0.3017390145717924,0.7502087354117061,0.9970538331504931,0.9970538331504931,0.9999999999975282,0,0,0,0,0.647794,0.77710027,3.693293368084707,-0.8442197038242696,0.36427587645695736,2.597200016381448,-1.1658948040750692,0.7502087354117061,1.5499378013971628,-0.7226469840276599,0.8846902521477067,22.057460130939724,0,,0,0.0,0.0,0.0,0.0,0.0,0.0,0,0,0,0,0,0,238,0,0,0,0,0,0,0,
239,4.78,approach,approach,forward_left,0,0,0,0,0.0,0.0,0,0,1.000000034088913,0.9999999862655242,0.25866722135683,3.2641959574347608,1.1295439809153733,0.36427587645695714,3.6905671581493895e-09,8.188817559697506e-13,-3.6905670672678005e-09,-1.5552381789831303e-14,2.8865312341022665e-12,4.903987992332232e-12,-5.234845177989925e-11,0.3017390145717918,0.7511871141794677,0.9966210341276083,0.9966210341276083,0.9999999999975291,0,0,0,0,0.6367884,0.76632774,3.6932933680847264,-0.8442197038980825,0.36427587645695714,2.6110823778660093,-1.16777646471753,0.7511871141794677,1.5360703346139877,-0.7101295164172527,0.8783994960922668,22.251111818612298,0,,0,0.0,0.0,0.0,0.0,0.0,0.0,0,0,0,0,0,0,239,0,0,0,0,0,0,0,
240,4.8,approach,approach,forward_left,0,0,0,0,0.0,0.0,0,0,1.000000034088913,0.9999999862655242,0.25866722135683,3.26419595747648,1.1175255426148354,0.3642758764569569,3.690567203225159e-09,8.187926489209796e-13,-3.6905671123692473e-09,-1.4081439076035922e-14,2.886382187340205e-12,4.903491318778219e-12,-5.234845717341891e-11,0.30173901457179114,0.7530058658409807,0.9964283180142065,0.9964283180142065,0.9999999999975295,0,0,0,0,0.6248836,0.7560343,3.693293368084746,-0.8442197039718955,0.3642758764569569,2.6242232442890447,-1.1697230200902209,0.7530058658409807,1.5229475535191348,-0.6981871930666688,0.8725812179013873,22.39992684299875,0,,0,0.0,0.0,0.0,0.0,0.0,0.0,0,0,0,0,0,0,240,0,0,0,0,0,0,0,
241,4.82,approach,approach,forward_left,0,0,0,0,0.0,0.0,0,0,1.000000034088913,0.9999999862655242,0.25866722135683,3.2641959575181994,1.1058840925697944,0.3642758764569565,3.6905672789125014e-09,8.187858830970443e-13,-3.69056718802708e-09,-2.0668723499195445e-14,2.8863983859095593e-12,4.90344033482324e-12,-5.234846257247457e-11,0.30173901457179003,0.7552854719184285,0.9963006737847998,0.9963006737847998,0.9999999999975276,0,0,0,0,0.6122909,0.74620456,3.6932933680847655,-0.8442197040457085,0.3642758764569565,2.6370645914770483,-1.171878669533733,0.7552854719184285,1.510129425479814,-0.6863738686373408,0.8671046872498891,22.578884125591596,0,,0,0.0,0.0,0.0,0.0,0.0,0.0,0,0,0,0,0,0,241,0,0,0,0,0,0,0,
242,4.84,approach,approach,forward_left,0,0,0,0,0.0,0.0,0,0,1.000000034088913,0.9999999862655242,0.25866722135683,3.2641959575599184,1.0943227198389183,0.36427587645695625,3.6905673621490415e-09,8.186914955977792e-13,-3.6905672713051376e-09,-1.659277015251371e-14,2.8864535101657344e-12,4.902913402757649e-12,-5.234846810909693e-11,0.30173901457178925,0.7577163032889883,0.9962159193274067,0.9962159193274067,0.9999999999975281,0,0,0,0,0.59928143,0.7368053,3.693293368084785,-0.8442197041195214,0.36427587645695625,2.6499291937494385,-1.1742703288260474,0.7577163032889883,1.4972945705951093,-0.6744080145254043,0.8618097499445858,22.71831623242576,0,,0,0.0,0.0,0.0,0.0,0.0,0.0,0,0,0,0,0,0,242,0,0,0,0,0,0,0,
243,4.86,approach,approach,forward_left,0,0,0,0,0.0,0.0,0,0,1.000000034088913,0.9999999862655242,0.25866722135683,3.2641959576016375,1.082773182642263,0.364275876456956,3.690567273456249e-09,8.18683456046057e-13,-3.6905671826229495e-09,-1.4498119238057123e-14,2.88553982785985e-12,4.902860147691922e-12,-5.234847376685723e-11,0.30173901457178864,0.7601110199057213,0.9962269939031991,0.9962269939031991,0.9999999999975288,0,0,0,0,0.5861742,0.7279977,3.6932933680848046,-0.8442197041933344,0.364275876456956,2.662894572516833,-1.1768998616138353,0.7601110199057213,1.4843668149363232,-0.6622246147590438,0.856654145298143,22.85770111943659,0,,0,0.0,0.0,0.0,0.0,0.0,0.0,0,0,0,0,0,0,243,0,0,0,0,0,0,0,
244,4.88,approach,approach,forward_left,0,0,0,0,0.0,0.0,0,0,1.000000034088913,0.9999999862655242,0.25866722135683,3.264195957643357,1.0713301374854418,0.3642758764569558,3.6905673757528746e-09,8.185809560636035e-13,-3.690567284944616e-09,-1.3899788357618788e-14,2.8857171349789093e-12,4.9022852750664295e-12,-5.234847904999292e-11,0.301739014571788,0.7623399811201554,0.996261711914972,0.996261711914972,0.9999999999975291,0,0,0,0,0.5730328,0.71984476,3.693293368084824,-0.8442197042671473,0.3642758764569558,2.675874611059064,-1.1797898703080711,0.7623399811201554,1.4714341348818885,-0.6498819543736691,0.8517051771969194,23.064073232719462,0,,0,0.0,0.0,0.0,0.0,0.0,0.0,0,0,0,0,0,0,244,0,0,0,0,0,0,0,
245,4.9,approach,approach,forward_left,0,0,0,0,0.0,0.0,0,0,1.000000034088913,0.9999999862655242,0.25866722135683,3.264195957685076,1.0599965910404843,0.3642758764569556,3.690567572495556e-09,8.188200928377783e-13,-3.690567481640329e-09,-1.2180212374829356e-14,2.8864139271433666e-12,4.903662847793535e-12,-5.2348484650210415e-11,0.30173901457178737,0.7642990586526016,0.9962784556929091,0.9962784556929091,0.9999999999975273,0,0,0,0,0.55973566,0.71230835,3.6932933680848437,-0.8442197043409603,0.3642758764569556,2.688886495972313,-1.1829815798089212,0.7642990586526016,1.4584819472314667,-0.6373425612569491,0.8469871502141457,23.306680769109064,0,,0,0.0,0.0,0.0,0.0,0.0,0.0,0,0,0,0,0,0,245,0,0,0,0,0,0,0,
246,4.92,approach,approach,forward_left,0,0,0,0,0.0,0.0,0,0,1.000000034088913,0.9999999862655242,0.25866722135683,3.2641959577267956,1.048733397966523,0.3642758764569552,3.6905676762163998e-09,8.189206857076832e-13,-3.690567585313979e-09,-1.822010482026301e-14,2.886590143668523e-12,4.904209792174521e-12,-5.234849023029089e-11,0.30173901457178626,0.7659324737635996,0.9962809289714967,0.9962809289714967,0.9999999999975279,0,0,0,0,0.5461857,0.70539093,3.693293368084863,-0.8442197044147732,0.3642758764569552,2.701982610552362,-1.186483815899966,0.7659324737635996,1.4454604076873514,-0.6245582274375219,0.8424777507747669,23.579545993004984,0,,0,0.0,0.0,0.0,0.0,0.0,0.0,0,0,0,0,0,0,246,0,0,0,0,0,0,0,
247,4.94,approach,approach,forward_left,0,0,0,0,0.0,0.0,0,0,1.000000034088913,0.9999999862655242,0.25866722135683,3.2641959577685147,1.037525347111303,0.364275876456955,3.6905677426350313e-09,8.188373266370382e-13,-3.690567651764103e-09,-1.536420298148511e-14,2.886554696288086e-12,4.903739818548481e-12,-5.234849573096555e-11,0.3017390145717856,0.7671935180462396,0.9962859969246497,0.9962859969246497,0.9999999999975281,0,0,0,0,0.53227997,0.699076,3.6932933680848827,-0.8442197044885862,0.364275876456955,2.7151936706176714,-1.1903119287771127,0.7671935180462396,1.4323418852299916,-0.6114949366234338,0.8381722903928125,23.880395786915432,0,,0,0.0,0.0,0.0,0.0,0.0,0.0,0,0,0,0,0,0,247,0,0,0,0,0,0,0,
248,4.96,approach,approach,forward_left,0,0,0,0,0.0,0.0,0,0,1.000000034088913,0.9999999862655242,0.25866722135683,3.264195957810234,1.0263969664255397,0.36427587645695475,3.6905677561511286e-09,8.188483534193063e-13,-3.6905676652808256e-09,-1.4607738357325235e-14,2.886214607708601e-12,4.903789837537569e-12,-5.234850106525208e-11,0.301739014571785,0.7680165349719502,0.996303705729551,0.996303705729551,0.9999999999975288,0,0,0,0,0.51794565,0.6932905,3.6932933680849023,-0.8442197045623991,0.36427587645695475,2.72851763460233,-1.1945031851473602,0.7680165349719502,1.4191326163242604,-0.5981333182070814,0.8341026713409667,24.200626034650437,0,,0,0.0,0.0,0.0,0.0,0.0,0.0,0,0,0,0,0,0,248,0,0,0,0,0,0,0,
249,4.98,approach,approach,forward_left,0,0,0,0,0.0,0.0,0,0,1.000000034088913,0.9999999862655242,0.25866722135683,3.2641959578519533,1.0153749388580426,0.36427587645695453,3.690567833888876e-09,8.187551781926252e-13,-3.6905677430459564e-09,-1.2800982732882046e-14,2.8862437430515437e-12,4.903268372998185e-12,-5.234850673209895e-11,0.30173901457178437,0.7683042392007641,0.9963241796853117,0.9963241796853117,0.9999999999975292,0,0,0,0,0.50312495,0.6879055,3.693293368084922,-0.8442197046362121,0.36427587645695453,2.7419628124866926,-1.199123128747812,0.7683042392007641,1.405830252671607,-0.5844294844234013,0.8303182788530981,24.53186173508868,0,,0,0.0,0.0,0.0,0.0,0.0,0.0,0,0,0,0,0,0,249,0,0,0,0,0,0,0,
250,5.0,approach,approach,forward_left,0,0,0,0,0.0,0.0,0,0,1.000000034088913,0.9999999862655242,0.25866722135683,3.264195957893673,1.0044796026047496,0.3642758764569542,3.690567842849705e-09,8.187209810058603e-13,-3.690567751984875e-09,-1.9534252126613555e-14,2.885884624589545e-12,4.903066566405561e-12,-5.234851208414585e-11,0.30173901457178337,0.7678697874769441,0.996325929082686,0.996325929082686,0.9999999999975273,0,0,0,0,0.48777673,0.6827405,3.6932933680849414,-0.844219704710025,0.3642758764569542,2.755562707274289,-1.204275922299186,0.7678697874769441,1.392410107615017,-0.5702969415813335,0.8268861290842727,24.87184491195852,0,,0,0.0,0.0,0.0,0.0,0.0,0.0,0,0,0,0,0,0,250,0,0,0,0,0,0,0,
251,5.0200000000000005,approach,approach,forward_left,0,0,0,0,0.0,0.0,0,0,1.000000034088913,0.9999999862655242,0.25866722135683,3.264195957935392,0.9937334342837794,0.36427587645695386,3.6905679975353188e-09,8.185589209553292e-13,-3.6905679067230756e-09,-1.608731982591042e-14,2.886351215088195e-12,4.902174332090763e-12,-5.2348517462955006e-11,0.3017390145717824,0.7663594105005503,0.9962293048631934,0.9962293048631934,0.999999999997528,0,0,0,0,0.47191176,0.677543,3.693293368084961,-0.844219704783838,0.36427587645695386,2.769361329102472,-1.2100826924651489,0.7663594105005503,1.3788401556399008,-0.5556309421742102,0.8238812987997932,25.13513398908845,0,,0,0.0,0.0,0.0,0.0,0.0,0.0,0,0,0,0,0,0,251,0,0,0,0,0,0,0,
252,5.04,approach,approach,forward_left,0,0,0,0,0.0,0.0,0,0,1.000000034088913,0.9999999862655242,0.25866722135683,3.2641959579771114,0.9830105491207997,0.36427587645695364,3.6905680663753867e-09,8.188752527154604e-13,-3.690567975501635e-09,-1.3958576154891227e-14,2.886330434143441e-12,4.903971718278711e-12,-5.234852341535902e-11,0.3017390145717818,0.7633310317442287,0.995869383667111,0.995869383667111,0.9999999999975283,0,0,0,0,0.45567235,0.6719228,3.6932933680849804,-0.844219704857651,0.36427587645695364,2.7835436193418586,-1.216597381880056,0.7633310317442287,1.3649479825695725,-0.5402484140345191,0.8212438071705398,25.11086423150654,0,,0,0.0,0.0,0.0,0.0,0.0,0.0,0,0,0,0,0,0,252,0,0,0,0,0,0,0,
253,5.0600000000000005,approach,approach,forward_left,0,0,0,0,0.0,0.0,0,0,1.000000034088913,0.9999999862655242,0.25866722135683,3.2641959580188304,0.9718124734706138,0.3642758764569534,3.6905681573210665e-09,8.188034744055676e-13,-3.690568066470507e-09,-1.1883877592863292e-14,2.886453070593875e-12,4.9035550655228085e-12,-5.2348532946798934e-11,0.30173901457178115,0.7596370308459933,0.9950425023096375,0.9950425023096375,0.999999999997529,0,0,0,0,0.4400773,0.6657894,3.693293368085,-0.8442197049314639,0.3642758764569534,2.798482029664094,-1.2233399394566866,0.7596370308459933,1.3503496134139792,-0.524113268049282,0.8183671339000451,24.510005569744443,0,,0,0.0,0.0,0.0,0.0,0.0,0.0,0,0,0,0,0,0,253,0,0,0,0,0,0,0,
254,5.08,approach,approach,forward_left,0,0,0,0,0.0,0.0,0,0,1.000000034088913,0.9999999862655242,0.25866722135683,3.26419595806055,0.9601650579826728,0.3642758764569532,3.690568254483061e-09,8.188792954686688e-13,-3.6905681636158137e-09,-1.1842630798913367e-14,2.8865658712065803e-12,4.903980479312883e-12,-5.234853442567795e-11,0.30173901457178054,0.7587005034367067,0.9950421600963283,0.9950421600963283,0.9999999999975274,0,0,0,0,0.427776,0.66003704,3.6932933680850195,-0.8442197050052769,0.3642758764569532,2.813513630070323,-1.2288033124948075,0.7587005034367067,1.3356284227357889,-0.5086239500443842,0.8143823524684932,23.796728902284194,0,,0,0.0,0.0,0.0,0.0,0.0,0.0,0,0,0,0,0,0,254,0,0,0,0,0,0,0,
255,5.1000000000000005,approach,approach,forward_left,0,0,0,0,0.0,0.0,0,0,1.000000034088913,0.9999999862655242,0.25866722135683,3.264195958102269,0.9496905656956766,0.36427587645695286,3.6905682851852207e-09,8.188045156889029e-13,-3.6905681943101276e-09,-1.7906131597368807e-14,2.8863260729461926e-12,4.903561094423267e-12,-5.234853962047294e-11,0.3017390145717796,0.75937276098395,0.9951764901241783,0.9951764901241783,0.9999999999975279,0,0,0,0,0.4180584,0.6532628,3.693293368085039,-0.8442197050790898,0.36427587645695286,2.826938162769169,-1.233245191125275,0.75937276098395,1.3224801323987452,-0.4950377545618438,0.8104627024914484,23.579019206244546,0,,0,0.0,0.0,0.0,0.0,0.0,0.0,0,0,0,0,0,0,255,0,0,0,0,0,0,0,
256,5.12,approach,approach,forward_left,0,0,0,0,0.0,0.0,0,0,1.000000034088913,0.9999999862655242,0.25866722135683,3.2641959581439886,0.9399131877383778,0.36427587645695264,3.6905683092483266e-09,8.1881246832417e-13,-3.690568218379676e-09,-1.6126380875299687e-14,2.886061687715777e-12,4.903589632183177e-12,-5.2348545274186164e-11,0.30173901457177893,0.7610791683246729,0.9954497890387396,0.9954497890387396,0.9999999999975283,0,0,0,0,0.40996358,0.64505005,3.6932933680850586,-0.8442197051529028,0.36427587645695264,2.8393482120820095,-1.2369212088722636,0.7610791683246729,1.3103168479045604,-0.4827213103800224,0.8064843067224019,23.528743376862998,0,,0,0.0,0.0,0.0,0.0,0.0,0.0,0,0,0,0,0,0,256,0,0,0,0,0,0,0,
257,5.14,approach,approach,forward_left,0,0,0,0,0.0,0.0,0,0,1.000000034088913,0.9999999862655242,0.25866722135683,3.2641959581857076,0.9305081306596071,0.3642758764569524,3.6905683716775272e-09,8.187236956149424e-13,-3.690568280830316e-09,-1.5722368928200895e-14,2.8860041409112137e-12,4.9030929456496624e-12,-5.2348550658838025e-11,0.3017390145717783,0.7632679722441277,0.995797495227501,0.995797495227501,0.9999999999975288,0,0,0,0,0.40261298,0.6354573,3.693293368085078,-0.8442197052267157,0.3642758764569524,2.851152468335217,-1.2400025828150865,0.7632679722441277,1.2987340450807054,-0.4712406714800498,0.802357533003005,23.508787683959625,0,,0,0.0,0.0,0.0,0.0,0.0,0.0,0,0,0,0,0,0,257,0,0,0,0,0,0,0,
258,5.16,approach,approach,forward_left,0,0,0,0,0.0,0.0,0,0,1.000000034088913,0.9999999862655242,0.25866722135683,3.264195958227427,0.9213629176668134,0.3642758764569522,3.6905684690343465e-09,8.186652590873304e-13,-3.690568378208361e-09,-1.3646291838673446e-14,2.8861365684398043e-12,4.9027566389658635e-12,-5.234855606938223e-11,0.3017390145717777,0.7654982280259872,0.9960766360791801,0.9960766360791801,0.9999999999975291,0,0,0,0,0.3955026,0.624682,3.6932933680850977,-0.8442197053005287,0.3642758764569522,2.8625517583390634,-1.2426892824178677,0.7654982280259872,1.287539707092416,-0.46031715571647397,0.7981339124511617,23.472490390923927,0,,0,0.0,0.0,0.0,0.0,0.0,0.0,0,0,0,0,0,0,258,0,0,0,0,0,0,0,
259,5.18,approach,approach,forward_left,0,0,0,0,0.0,0.0,0,0,1.000000034088913,0.9999999862655242,0.25866722135683,3.264195958269146,0.9123433782429364,0.36427587645695186,3.690568561174188e-09,8.18935092522888e-13,-3.6905684702692858e-09,-1.807907854492075e-14,2.8862525691556168e-12,4.9043024917904096e-12,-5.234856157873074e-11,0.3017390145717767,0.7675274092130109,0.9962984982737335,0.9962984982737335,0.9999999999975275,0,0,0,0,0.38829994,0.6131127,3.693293368085117,-0.8442197053743417,0.36427587645695186,2.8737145181144674,-1.2450450395343982,0.7675274092130109,1.2765671922996518,-0.44977577875643737,0.7937708666030607,23.431940040994554,0,,0,0.0,0.0,0.0,0.0,0.0,0.0,0,0,0,0,0,0,259,0,0,0,0,0,0,0,
260,5.2,approach,approach,forward_left,0,0,0,0,0.0,0.0,0,0,1.000000034088913,0.9999999862655242,0.25866722135683,3.2641959583108657,0.9034024836190095,0.3642758764569516,3.6905686812774927e-09,8.188481494702577e-13,-3.690568590397281e-09,-1.694190226899988e-14,2.886524547063434e-12,4.903807935438097e-12,-5.2348567255947297e-11,0.30173901457177593,0.7692024876157247,0.9964964231698935,0.9964964231698935,0.9999999999975279,0,0,0,0,0.38088,0.6011876,3.6932933680851368,-0.8442197054481546,0.3642758764569516,2.8846893408139582,-1.2470789544295153,0.7692024876157247,1.2657663618115709,-0.4395713048042776,0.7892484497302859,23.416758278450846,0,,0,0.0,0.0,0.0,0.0,0.0,0.0,0,0,0,0,0,0,260,0,0,0,0,0,0,0,
261,5.22,approach,approach,forward_left,0,0,0,0,0.0,0.0,0,0,1.000000034088913,0.9999999862655242,0.25866722135683,3.264195958352585,0.8945286324189382,0.36427587645695136,3.690568732242618e-09,8.187575831385812e-13,-3.6905686413863487e-09,-1.6081855033249335e-14,2.8864027690432037e-12,4.903304088416515e-12,-5.234857282434682e-11,0.3017390145717753,0.7704396552027801,0.996682891327188,0.996682891327188,0.9999999999975283,0,0,0,0,0.37314332,0.5891549,3.6932933680851563,-0.8442197055219676,0.36427587645695136,2.8955143347053,-1.2488554529749054,0.7704396552027801,1.2551019697138264,-0.4296358910565725,0.7845982891475871,23.41267379746884,0,,0,0.0,0.0,0.0,0.0,0.0,0.0,0,0,0,0,0,0,261,0,0,0,0,0,0,0,
262,5.24,approach,approach,forward_left,0,0,0,0,0.0,0.0,0,0,1.000000034088913,0.9999999862655242,0.25866722135683,3.2641959583943043,0.8856875490045872,0.36427587645695114,3.690568723519176e-09,8.189573105502993e-13,-3.6905686326282062e-09,-1.3698694744033533e-14,2.8859318593050353e-12,4.904403282683572e-12,-5.234857799540167e-11,0.30173901457177466,0.7712206002001624,0.996859185888516,0.996859185888516,0.9999999999975288,0,0,0,0,0.36506152,0.5771362,3.693293368085176,-0.8442197055957805,0.36427587645695114,2.9062411268893116,-1.2504107986669115,0.7712206002001624,1.2445238170572268,-0.41990645160085127,0.7798211374191745,23.40413262294136,0,,0,0.0,0.0,0.0,0.0,0.0,0.0,0,0,0,0,0,0,262,0,0,0,0,0,0,0,
263,5.26,approach,approach,forward_left,0,0,0,0,0.0,0.0,0,0,1.000000034088913,0.9999999862655242,0.25866722135683,3.2641959584360234,0.8768224417986544,0.3642758764569509,3.690568922465072e-09,8.188426097629613e-13,-3.6905688315982754e-09,-1.4040014031125987e-14,2.8866468565439363e-12,4.903752857200635e-12,-5.234858371203133e-11,0.30173901457177404,0.7715624806620516,0.9970289805382195,0.9970289805382195,0.9999999999975292,0,0,0,0,0.35667902,0.5651677,3.6932933680851954,-0.8442197056695935,0.3642758764569509,2.916934592448925,-1.2517545458174095,0.7715624806620516,1.2339667986997354,-0.41032405986501713,0.7748882244153957,23.388340741864866,0,,0,0.0,0.0,0.0,0.0,0.0,0.0,0,0,0,0,0,0,263,0,0,0,0,0,0,0,
264,5.28,approach,approach,forward_left,0,0,0,0,0.0,0.0,0,0,1.000000034088913,0.9999999862655242,0.25866722135683,3.264195958477743,0.8678633384344869,0.36427587645695064,3.690568955580696e-09,8.187567505391655e-13,-3.690568864718257e-09,-1.7480514460809937e-14,2.8864200370334388e-12,4.903276745828988e-12,-5.234858919538153e-11,0.30173901457177327,0.7715064973886065,0.9971948480826868,0.9971948480826868,0.9999999999975273,0,0,0,0,0.34807956,0.5532459,3.693293368085215,-0.8442197057434064,0.36427587645695064,2.9276662488819927,-1.2528783512401436,0.7715064973886065,1.2233579348076002,-0.40083442041642137,0.7697522598915085,23.366562688442144,0,,0,0.0,0.0,0.0,0.0,0.0,0.0,0,0,0,0,0,0,264,0,0,0,0,0,0,0,
265,5.3,approach,approach,forward_left,0,0,0,0,0.0,0.0,0,0,1.000000034088913,0.9999999862655242,0.25866722135683,3.264195958519462,0.8587273696134068,0.36427587645695025,3.6905689704846672e-09,8.186759554049735e-13,-3.6905688796371245e-09,-1.8108454757045494e-14,2.8860991451231704e-12,4.902828168396086e-12,-5.234859448887394e-11,0.30173901457177216,0.7710997436489192,0.9973530363035836,0.9973530363035836,0.999999999997528,0,0,0,0,0.33935243,0.5413323,3.6932933680852345,-0.8442197058172194,0.36427587645695025,2.9385180159994446,-1.253764408147664,0.7710997436489192,1.2126131687935227,-0.3913800016439166,0.7643522680259204,23.343899159527425,0,,0,0.0,0.0,0.0,0.0,0.0,0.0,0,0,0,0,0,0,265,0,0,0,0,0,0,0,
266,5.32,approach,approach,forward_left,0,0,0,0,0.0,0.0,0,0,1.000000034088913,0.9999999862655242,0.25866722135683,3.2641959585611815,0.8493194904720069,0.36427587645695003,3.690569056084509e-09,8.186203824717032e-13,-3.690568965266229e-09,-1.424533715977021e-14,2.886166471669672e-12,4.9025075838301786e-12,-5.234860023206951e-11,0.3017390145717715,0.7703801964683623,0.997496019233099,0.997496019233099,0.9999999999975285,0,0,0,0,0.33057147,0.52937937,3.693293368085254,-0.8442197058910323,0.36427587645695003,2.9495811623344617,-1.2543852235944597,0.7703801964683623,1.2016383527484353,-0.38190103081849325,0.7586139990505064,23.32814637819632,0,,0,0.0,0.0,0.0,0.0,0.0,0.0,0,0,0,0,0,0,266,0,0,0,0,0,0,0,
267,5.34,approach,approach,forward_left,0,0,0,0,0.0,0.0,0,0,1.000000034088913,0.9999999862655242,0.25866722135683,3.2641959586029006,0.8395400782568465,0.3642758764569498,3.690569155252959e-09,8.18888503570248e-13,-3.690569064381106e-09,-1.262244793319368e-14,2.8863271295141567e-12,4.904042897321933e-12,-5.2348605597752074e-11,0.3017390145717709,0.7693660104755149,0.9976184980153322,0.9976184980153322,0.9999999999975292,0,0,0,0,0.32178792,0.51735365,3.6932933680852735,-0.8442197059648453,0.3642758764569498,2.9609467586271734,-1.2547023324117352,0.7693660104755149,1.1903386284159574,-0.37234409754515524,0.7524542617480454,23.333020092699986,0,,0,0.0,0.0,0.0,0.0,0.0,0.0,0,0,0,0,0,0,267,0,0,0,0,0,0,0,
268,5.36,approach,approach,forward_left,0,0,0,0,0.0,0.0,0,0,1.000000034088913,0.9999999862655242,0.25866722135683,3.26419595864462,0.8292944093587403,0.3642758764569496,3.690569265056059e-09,8.188032851626323e-13,-3.6905691742082886e-09,-1.1006724761238758e-14,2.88653710856705e-12,4.90355925054387e-12,-5.2348611206988124e-11,0.3017390145717702,0.7680250820869271,0.9977124025337579,0.9977124025337579,0.9999999999975296,0,0,0,0,0.31300822,0.5052329,3.693293368085293,-0.8442197060386583,0.3642758764569496,2.9727048709187147,-1.2546846072724593,0.7680250820869271,1.1786207784947682,-0.3626524746417735,0.745796487005577,23.376234273250294,0,,0,0.0,0.0,0.0,0.0,0.0,0.0,0,0,0,0,0,0,268,0,0,0,0,0,0,0,
269,5.38,approach,approach,forward_left,0,0,0,0,0.0,0.0,0,0,1.000000034088913,0.9999999862655242,0.25866722135683,3.264195958686339,0.8184858561274984,0.36427587645694925,3.690569290458364e-09,8.187202048807452e-13,-3.6905691995994495e-09,-1.8424330460580575e-14,2.8862686484560234e-12,4.9030981355478975e-12,-5.234861659830215e-11,0.30173901457176927,0.7662779635206761,0.9977691693008938,0.9977691693008938,0.9999999999975278,0,0,0,0,0.30418792,0.49301788,3.6932933680853126,-0.8442197061124712,0.36427587645694925,2.984945002934371,-1.2542949312465341,0.7662779635206761,1.1663917471841998,-0.35277328292604215,0.7385594813786811,23.468914701236738,0,,0,0.0,0.0,0.0,0.0,0.0,0.0,0,0,0,0,0,0,269,0,0,0,0,0,0,0,
270,5.4,approach,approach,forward_left,0,0,0,0,0.0,0.0,0,0,1.000000034088913,0.9999999862655242,0.25866722135683,3.2641959587280587,0.8070243344990421,0.36427587645694903,3.6905694365161498e-09,8.187867594097386e-13,-3.6905693456519365e-09,-1.6419832213246107e-14,2.8866825083356325e-12,4.903464568162046e-12,-5.234862200607109e-11,0.30173901457176866,0.7640120525647722,0.9977817547027523,0.9977817547027523,0.9999999999975284,0,0,0,0,0.29525432,0.48077598,3.693293368085332,-0.8442197061862842,0.36427587645694903,2.9977408187709083,-1.253481147829432,0.7640120525647722,1.1535731476941604,-0.3426752096430835,0.7306585913884067,23.636250951309258,0,,0,0.0,0.0,0.0,0.0,0.0,0.0,0,0,0,0,0,0,270,0,0,0,0,0,0,0,
271,5.42,approach,approach,forward_left,0,0,0,0,0.0,0.0,0,0,1.000000034088913,0.9999999862655242,0.25866722135683,3.2641959587697778,0.7948355632584686,0.3642758764569488,3.6905694493952204e-09,8.188086623363477e-13,-3.6905693585305302e-09,-1.5403424123176e-14,2.8863365136552623e-12,4.9035704394931124e-12,-5.234862762681869e-11,0.301739014571768,0.7610625782194536,0.9977463773989939,0.9977463773989939,0.9999999999975286,0,0,0,0,0.28610393,0.4686887,3.6932933680853517,-0.8442197062600971,0.3642758764569488,3.011130187183626,-1.2521620640049709,0.7610625782194536,1.1401200563221994,-0.33237288200702536,0.7220054292917409,23.904693722261662,0,,0,0.0,0.0,0.0,0.0,0.0,0.0,0,0,0,0,0,0,271,0,0,0,0,0,0,0,
272,5.44,approach,approach,forward_left,0,0,0,0,0.0,0.0,0,0,1.000000034088913,0.9999999862655242,0.25866722135683,3.2641959588114973,0.7818333217991037,0.3642758764569486,3.6905695054266202e-09,8.187219294463216e-13,-3.6905694145880607e-09,-1.3653944086425124e-14,2.8862497856597053e-12,4.9030827175702925e-12,-5.2348633114733885e-11,0.3017390145717674,0.7572502340019421,0.9976778436099382,0.9976778436099382,0.999999999997529,0,0,0,0,0.2766429,0.45715448,3.6932933680853712,-0.8442197063339101,0.3642758764569486,3.025124970275401,-1.2501930247225426,0.7572502340019421,1.1260086178789293,-0.3219382404201785,0.712473938071127,24.315533841194025,0,,0,0.0,0.0,0.0,0.0,0.0,0.0,0,0,0,0,0,0,272,0,0,0,0,0,0,0,
273,5.46,approach,approach,forward_left,0,0,0,0,0.0,0.0,0,0,1.000000034088913,0.9999999862655242,0.25866722135683,3.2641959588532163,0.7679378524652662,0.3642758764569483,3.6905695637789685e-09,8.186742641177538e-13,-3.690569472936252e-09,-1.7180525778153547e-14,2.8861644047276062e-12,4.902806325323288e-12,-5.234863869723575e-11,0.3017390145717666,0.7527556107497602,0.9976275755384378,0.9976275755384378,0.9999999999975272,0,0,0,0,0.2668234,0.4468968,3.6932933680853908,-0.844219706407723,0.3642758764569483,3.0397696311627094,-1.2475003413600834,0.7527556107497602,1.111189632593645,-0.31137623121330393,0.7019781961602255,25.054157616540444,0,,0,0.0,0.0,0.0,0.0,0.0,0.0,0,0,0,0,0,0,273,0,0,0,0,0,0,0,
274,5.48,approach,approach,forward_left,0,0,0,0,0.0,0.0,0,0,1.000000034088913,0.9999999862655242,0.25866722135683,3.264195958894936,0.754842852381249,0.3642758764569479,3.6905695943291466e-09,8.189610969378542e-13,-3.690569503416533e-09,-1.8476145084803475e-14,2.885931137239905e-12,4.9044487387060045e-12,-5.23486442417749e-11,0.3017390145717655,0.7513386129317787,0.9969078366642691,0.9969078366642691,0.9999999999975279,0,0,0,0,0.25729942,0.43967277,3.6932933680854103,-0.844219706481536,0.3642758764569479,3.0543223591890887,-1.2460950373754303,0.7513386129317787,1.0965704406000045,-0.3001627267332988,0.6925966136728443,25.83425366780868,0,,0,0.0,0.0,0.0,0.0,0.0,0.0,0,0,0,0,0,0,274,0,0,0,0,0,0,0,
275,5.5,approach,lift,forward_left,0,0,0,0,0.0,0.0,0,0,1.000000034088913,0.9999999862655242,0.25866722135683,3.264195958936655,0.742560966098614,0.3642758764569477,3.6905697812692903e-09,8.188555756093049e-13,-3.6905696903975025e-09,-1.459061725801234e-14,2.8865784113579547e-12,4.903849756188581e-12,-5.234864962828246e-11,0.30173901457176483,0.7525395013055499,0.9964422276064925,0.9964422276064925,0.9999999999975282,0,0,0,0,0.24828592,0.43331116,3.69329336808543,-0.844219706555349,0.3642758764569477,3.0681152099531745,-1.2449054424727481,0.7525395013055499,1.082726441402837,-0.2894543259450397,0.6838223318706473,26.10323943879188,0,,0,0.0,0.0,0.0,0.0,0.0,0.0,0,0,0,0,0,0,0,0,0,0,0,0,0,0,
276,5.5200000000000005,lift,lift,lift,0,0,0,0,0.0,0.0,0,0,1.000000034088913,0.9999999862655242,0.25866722135683,3.2641959589783744,0.7317355713921998,0.3642758764569475,3.690569868735156e-09,8.189387072954461e-13,-3.690569777848967e-09,-1.3529434955991556e-14,2.886651364087524e-12,4.9043112329775435e-12,-5.234865521051736e-11,0.3017390145717642,0.7546106976697811,0.9961295416882254,0.9961295416882254,0.9999999999975289,0,0,0,0,0.23854715,0.42435962,3.6932933680854494,-0.8442197066291619,0.3642758764569475,3.080754262439545,-1.2445105889824635,0.7546106976697811,1.0700984753219387,-0.27924890949606274,0.6763556704766576,25.459939821785735,0,,0,0.0,0.0,0.0,0.0,0.0,0.0,0,0,0,0,0,0,1,0,0,0,0,0,0,0,
277,5.54,lift,lift,lift,0,0,0,0,0.0,0.0,0,0,1.000000034088913,0.9999999862655242,0.25866722135683,3.2641959590200935,0.722832770218619,0.36427587645694726,3.6905698539961343e-09,8.188768424518005e-13,-3.6905697631297406e-09,-1.175822666149243e-14,2.886160116411852e-12,4.903962947726679e-12,-5.23486606805295e-11,0.30173901457176355,0.7572237509958738,0.9958692805806687,0.9958692805806687,0.9999999999975293,0,0,0,0,0.22864455,0.41238204,3.693293368085469,-0.8442197067029749,0.36427587645694726,3.0917839747027585,-1.245060901410164,0.7572237509958738,1.0591545249933418,-0.2698373582835888,0.670578119070744,24.035189335458217,0,,0,0.0,0.0,0.0,0.0,0.0,0.0,0,0,0,0,0,0,2,0,0,0,0,0,0,0,
278,5.5600000000000005,lift,lift,lift,0,0,0,0,0.0,0.0,0,0,1.000000034088913,0.9999999862655242,0.25866722135683,3.264195959061813,0.7156463154175479,0.3642758764569469,3.6905699479787457e-09,8.188653111322626e-13,-3.69056985708693e-09,-1.856883938882009e-14,2.8862789275366324e-12,4.903884685916687e-12,-5.234866606328366e-11,0.3017390145717626,0.759759774222097,0.9958343168570245,0.9958343168570245,0.9999999999975274,0,0,0,0,0.21896237,0.39855957,3.6932933680854885,-0.8442197067767878,0.3642758764569469,3.101210678007111,-1.2461994785069885,0.759759774222097,1.0498606335930651,-0.2614160919979272,0.6661916207933296,22.45619772258375,0,,0,0.0,0.0,0.0,0.0,0.0,0.0,0,0,0,0,0,0,3,0,0,0,0,0,0,0,
279,5.58,lift,lift,lift,0,0,0,0,0.0,0.0,0,0,1.000000034088913,0.9999999862655242,0.25866722135683,3.264195959103532,0.709840296667551,0.36427587645694665,3.69056999213419e-09,8.186907818254568e-13,-3.6905699012958566e-09,-1.5357384577884645e-14,2.886124653191467e-12,4.902924049685474e-12,-5.234867179512465e-11,0.30173901457176183,0.7618471861147155,0.9960104758864194,0.9960104758864194,0.9999999999975283,0,0,0,0,0.20946968,0.38370883,3.693293368085508,-0.8442197068506008,0.36427587645694665,3.109471692529888,-1.2479838681186677,0.7618471861147155,1.041788935696586,-0.25359176342431555,0.6629965794002433,20.854643305064574,0,,0,0.0,0.0,0.0,0.0,0.0,0.0,0,0,0,0,0,0,4,0,0,0,0,0,0,0,
280,5.6000000000000005,lift,lift,lift,0,0,0,0,0.0,0.0,0,0,1.000000034088913,0.9999999862655242,0.25866722135683,3.2641959591452516,0.7051484385728194,0.3642758764569464,3.6905701056783853e-09,8.18667874059105e-13,-3.690570014846649e-09,-1.498944439666567e-14,2.886351621141187e-12,4.902786671584786e-12,-5.234867707614325e-11,0.30173901457176117,0.7634047413429804,0.996394127495722,0.996394127495722,0.9999999999975285,0,0,0,0,0.20014335,0.3678361,3.6932933680855276,-0.8442197069244137,0.3642758764569464,3.116930500099868,-1.2504710636348013,0.7634047413429804,1.0345867819779644,-0.24603226274712256,0.6608346586773548,19.26273898280259,0,,0,0.0,0.0,0.0,0.0,0.0,0.0,0,0,0,0,0,0,5,0,0,0,0,0,0,0,
281,5.62,lift,lift,lift,0,0,0,0,0.0,0.0,0,0,1.000000034088913,0.9999999862655242,0.25866722135683,3.2641959591869707,0.7014034179987606,0.3642758764569462,3.6905700686581262e-09,8.186512821775344e-13,-3.6905699778387863e-09,-1.2662794526816451e-14,2.885730247434516e-12,4.902681584315124e-12,-5.234868254897332e-11,0.30173901457176056,0.7643233751376508,0.9968961479720029,0.9968961479720029,0.9999999999975291,0,0,0,0,0.19066128,0.35082293,3.693293368085547,-0.8442197069982267,0.3642758764569462,3.1238135470606827,-1.253682145111703,0.7643233751376508,1.0280367101832013,-0.2385388388217782,0.659595313168538,17.699122435097816,0,,0,0.0,0.0,0.0,0.0,0.0,0.0,0,0,0,0,0,0,6,0,0,0,0,0,0,0,
282,5.64,lift,lift,lift,0,0,0,0,0.0,0.0,0,0,1.000000034088913,0.9999999862655242,0.25866722135683,3.26419595922869,0.6984634984134855,0.364275876456946,3.6905702731106025e-09,8.188908761076306e-13,-3.690570182239751e-09,-1.217583716244415e-14,2.886479722715338e-12,4.904056652866758e-12,-5.23486883716649e-11,0.30173901457175994,0.7645030488486264,0.997371110879944,0.997371110879944,0.9999999999975273,0,0,0,0,0.18079469,0.3326506,3.6932933680855666,-0.8442197070720396,0.364275876456946,3.1303251561110907,-1.2576420709110883,0.7645030488486264,1.0219456651654364,-0.23092880357674592,0.6591836969272054,16.224250535950283,0,,0,0.0,0.0,0.0,0.0,0.0,0.0,0,0,0,0,0,0,7,0,0,0,0,0,0,0,
283,5.66,lift,lift,lift,0,0,0,0,0.0,0.0,0,0,1.000000034088913,0.9999999862655242,0.25866722135683,3.2641959592704093,0.6961124371568851,0.3642758764569456,3.690570318198713e-09,8.18824033320459e-13,-3.6905702273161815e-09,-1.8545620335446414e-14,2.886320424880896e-12,4.903677718118465e-12,-5.23486938530866e-11,0.30173901457175883,0.7638016818111446,0.9976619679392066,0.9976619679392066,0.9999999999975276,0,0,0,0,0.17036508,0.31328896,3.693293368085586,-0.8442197071458526,0.3642758764569456,3.1367444801096345,-1.2623415320452829,0.7638016818111446,1.0160449403613123,-0.22297708697211344,0.6594344120910955,14.923243296905179,0,,0,0.0,0.0,0.0,0.0,0.0,0.0,0,0,0,0,0,0,8,0,0,0,0,0,0,0,
284,5.68,lift,lift,lift,0,0,0,0,0.0,0.0,0,0,1.000000034088913,0.9999999862655242,0.25866722135683,3.264195959312129,0.6941636437538024,0.36427587645694537,3.690570411800758e-09,8.189055647394127e-13,-3.690570320915596e-09,-1.5160763279473928e-14,2.88644241358877e-12,4.9041261808173846e-12,-5.234869930663535e-11,0.30173901457175817,0.762042208741745,0.9974921660502517,0.9974921660502517,0.9999999999975281,0,0,0,0,0.15931287,0.29217032,3.6932933680856057,-0.8442197072196655,0.36427587645694537,3.143301998337733,-1.2677438004096688,0.762042208741745,1.0101132918615976,-0.21451427098719683,0.6601869370507017,13.858009643016487,0,,0,0.0,0.0,0.0,0.0,0.0,0.0,0,0,0,0,0,0,9,0,0,0,0,0,0,0,
285,5.7,lift,lift,lift,0,0,0,0,0.0,0.0,0,0,1.000000034088913,0.9999999862655242,0.25866722135683,3.264195959353848,0.6924288784441001,0.36427587645694515,3.6905704859538484e-09,8.188195730072927e-13,-3.6905703950921134e-09,-1.406322878298008e-14,2.886446758077169e-12,4.903643717375427e-12,-5.234870486719478e-11,0.30173901457175756,0.7590394598963807,0.9964320430743967,0.9964320430743967,0.9999999999975288,0,0,0,0,0.14776976,0.26930135,3.6932933680856253,-0.8442197072934785,0.36427587645694515,3.1501900184295057,-1.2737502688320692,0.7590394598963807,1.0039615953200793,-0.20543739379480455,0.661251260062431,13.065505507947407,0,,0,0.0,0.0,0.0,0.0,0.0,0.0,0,0,0,0,0,0,10,0,0,0,0,0,0,0,
286,5.72,lift,lift,lift,0,0,0,0,0.0,0.0,0,0,1.000000034088913,0.9999999862655242,0.25866722135683,3.264195959395567,0.6907159491945,0.3642758764569449,3.690570575927035e-09,8.187182692309947e-13,-3.6905704850944582e-09,-1.2184327550266954e-14,2.8865448410037225e-12,4.90307999537361e-12,-5.234871018616351e-11,0.3017390145717569,0.754686398585562,0.9939812020692795,0.9939812020692795,0.9999999999975291,0,0,0,0,0.1360517,0.245413,3.693293368085645,-0.8442197073672915,0.3642758764569449,3.1575967922806583,-1.2802445932883493,0.754686398585562,0.9974021604050327,-0.19565686100815155,0.6624250261064237,12.550035783967036,0,,0,0.0,0.0,0.0,0.0,0.0,0.0,0,0,0,0,0,0,11,0,0,0,0,0,0,0,
287,5.74,lift,lift,lift,0,0,0,0,0.0,0.0,0,0,1.000000034088913,0.9999999862655242,0.25866722135683,3.2641959594372865,0.6888325113909578,0.3642758764569447,3.6905705822422117e-09,8.187303852528723e-13,-3.6905704914108053e-09,-1.0953590666251092e-14,2.886163291997089e-12,4.903137054028796e-12,-5.234871561795367e-11,0.3017390145717563,0.7489371218718063,0.9897018154520938,0.9897018154520938,0.9999999999975273,0,0,0,0,0.12472993,0.2216571,3.6932933680856643,-0.8442197074411044,0.3642758764569447,3.1657278794500705,-1.2871247581572383,0.7489371218718063,0.9902307818477948,-0.18506070233610994,0.6635079239918991,12.248835826042496,0,,0,0.0,0.0,0.0,0.0,0.0,0.0,0,0,0,0,0,0,12,0,0,0,0,0,0,0,
288,5.76,lift,lift,lift,0,0,0,0,0.0,0.0,0,0,1.000000034088913,0.9999999862655242,0.25866722135683,3.2641959594790055,0.6866211103110074,0.36427587645694437,3.690570594183018e-09,8.187011917661087e-13,-3.6905705033279136e-09,-1.8512225212055784e-14,2.885830359130108e-12,4.902957344905749e-12,-5.234872109251555e-11,0.30173901457175534,0.7417841176108031,0.9834134018037749,0.9834134018037749,0.9999999999975278,0,0,0,0,0.11472669,0.1993567,3.693293368085684,-0.8442197075149174,0.36427587645694437,3.1747757843509854,-1.2943175463040528,0.7417841176108031,0.9822592033677365,-0.17353144861445358,0.6643307801588678,12.050496664955736,0,,0,0.0,0.0,0.0,0.0,0.0,0.0,0,0,0,0,0,0,13,0,0,0,0,0,0,0,
289,5.78,lift,lift,lift,0,0,0,0,0.0,0.0,0,0,1.000000034088913,0.9999999862655242,0.25866722135683,3.264195959520725,0.683928602464652,0.36427587645694415,3.690570727560836e-09,8.185903674130835e-13,-3.690570636738962e-09,-1.6700372554993532e-14,2.8861640948201423e-12,4.9023403520784085e-12,-5.234872639628828e-11,0.30173901457175467,0.7331977041751085,0.9752451455691716,0.9752451455691716,0.9999999999975281,0,0,0,0,0.10736652,0.17916054,3.6932933680857034,-0.8442197075887303,0.36427587645694415,3.184951534995293,-1.3017641469599603,0.7331977041751085,0.9732827756984724,-0.1609282074564281,0.6647258422192663,11.812640958437544,0,,0,0.0,0.0,0.0,0.0,0.0,0.0,0,0,0,0,0,0,14,0,0,0,0,0,0,0,
290,5.8,lift,lift,lift,0,0,0,0,0.0,0.0,0,0,1.000000034088913,0.9999999862655242,0.25866722135683,3.264195959562444,0.6806834918795825,0.3642758764569439,3.6905708309973794e-09,8.18854233690628e-13,-3.69057074012461e-09,-1.4917098836021856e-14,2.8863487309303807e-12,4.90385338451179e-12,-5.234873225699076e-11,0.30173901457175406,0.7231174365255786,0.9654859165720359,0.9654859165720359,0.9999999999975288,0,0,0,0,0.10323179,0.16131791,3.693293368085723,-0.8442197076625433,0.3642758764569439,3.196415043838198,-1.3094529255332723,0.7231174365255786,0.9631553276279303,-0.14712560820062237,0.6645931624151566,11.465305318727449,0,,0,0.0,0.0,0.0,0.0,0.0,0.0,0,0,0,0,0,0,15,0,0,0,0,0,0,0,
291,5.82,lift,lift,lift,0,0,0,0,0.0,0.0,0,0,1.000000034088913,0.9999999862655242,0.25866722135683,3.2641959596041636,0.6768739169604859,0.3642758764569437,3.690570922655375e-09,8.187740165618962e-13,-3.6905708318024727e-09,-1.439655484538357e-14,2.8864585836314287e-12,4.903397410995564e-12,-5.234873775911766e-11,0.3017390145717534,0.7113979604926044,0.9544172171596124,0.9544172171596124,0.9999999999975292,0,0,0,0,0.10072753,0.14557514,3.6932933680857425,-0.8442197077363562,0.3642758764569437,3.2092898871804874,-1.3173993035908553,0.7113979604926044,0.9517733826125134,-0.1320129748983952,0.6638756464277827,11.019214912567564,0,,0,0.0,0.0,0.0,0.0,0.0,0.0,0,0,0,0,0,0,16,0,0,0,0,0,0,0,
292,5.84,lift,lift,lift,0,0,0,0,0.0,0.0,0,0,1.000000034088913,0.9999999862655242,0.25866722135683,3.2641959596458827,0.6725106168965468,0.3642758764569434,3.6905710243490464e-09,8.188540946743734e-13,-3.69057093346711e-09,-1.7042497335496848e-14,2.886610420949227e-12,4.903841960381675e-12,-5.234874304494133e-11,0.3017390145717526,0.6976087480036437,0.941989493486884,0.941989493486884,0.9999999999975275,0,0,0,0,0.099221855,0.13132945,3.693293368085762,-0.8442197078101692,0.3642758764569434,3.2237401551837284,-1.3256657692666436,0.6976087480036437,0.9390059119520004,-0.11541961167475862,0.6625321449404714,10.422351065268595,0,,0,0.0,0.0,0.0,0.0,0.0,0.0,0,0,0,0,0,0,17,0,0,0,0,0,0,0,
293,5.86,lift,lift,lift,0,0,0,0,0.0,0.0,0,0,1.000000034088913,0.9999999862655242,0.25866722135683,3.2641959596876022,0.6677672802441165,0.3642758764569431,3.6905709862492695e-09,8.18889763213956e-13,-3.6905708953560714e-09,-1.775232456973446e-14,2.8859810504035357e-12,4.904024212969451e-12,-5.234874868460163e-11,0.3017390145717517,0.6809896447305009,0.9280954121101135,0.9280954121101135,0.9999999999975282,0,0,0,0,0.098306,0.1179463,3.6932933680857816,-0.8442197078839822,0.3642758764569431,3.2397693005259716,-1.334351384791963,0.6809896447305009,0.9248937840544973,-0.09728670110729282,0.660642443650334,9.55274116678856,0,,0,0.0,0.0,0.0,0.0,0.0,0.0,0,0,0,0,0,0,18,0,0,0,0,0,0,0,
294,5.88,lift,lift,lift,0,0,0,0,0.0,0.0,0,0,1.000000034088913,0.9999999862655242,0.25866722135683,3.2641959597293213,0.6646357472662311,0.36427587645694287,3.690571150271266e-09,8.187736969024552e-13,-3.6905710594139923e-09,-1.549485406240206e-14,2.8864998823054328e-12,4.9033723448685896e-12,-5.234875417324649e-11,0.30173901457175106,0.6632036155357209,0.9149696625132205,0.9149696625132205,0.9999999999975286,0,0,0,0,0.096693546,0.104510814,3.693293368085801,-0.8442197079577951,0.36427587645694287,3.255147454445456,-1.3439884894001823,0.6632036155357209,0.9117616791188065,-0.0791533481503674,0.6599056175096013,9.331471184157815,0,,0,0.0,0.0,0.0,0.0,0.0,0.0,0,0,0,0,0,0,19,0,0,0,0,0,0,0,
295,5.9,lift,lift,lift,0,0,0,0,0.0,0.0,0,0,1.000000034088913,0.9999999862655242,0.25866722135683,3.264195959771041,0.664058313772649,0.36427587645694265,3.6905711229729178e-09,8.187038403382233e-13,-3.690571032134888e-09,-1.4575026278799848e-14,2.8859343050665165e-12,4.902986589537003e-12,-5.234875961196572e-11,0.3017390145717504,0.6470915658893235,0.9028454209090162,0.9028454209090162,0.999999999997529,0,0,0,0,0.094771355,0.09151751,3.6932933680858206,-0.8442197080316081,0.36427587645694265,3.2680019966515466,-1.3542203879077512,0.6470915658893235,0.9013968295439373,-0.06276618201935208,0.6610853579419889,9.395419311987922,0,,0,0.0,0.0,0.0,0.0,0.0,0.0,0,0,0,0,0,0,20,0,0,0,0,0,0,0,
296,5.92,lift,lift,lift,0,0,0,0,0.0,0.0,0,0,1.000000034088913,0.9999999862655242,0.25866722135683,3.26419595981276,0.664158507565974,0.3642758764569424,3.6905712647365225e-09,8.186328294145308e-13,-3.6905711739178637e-09,-1.3628886004730907e-14,2.8863234031813953e-12,4.902577968662344e-12,-5.234876504165949e-11,0.3017390145717498,0.6296260433583466,0.8872038654643573,0.8872038654643573,0.9999999999975294,0,0,0,0,0.09445128,0.07757598,3.69329336808584,-0.844219708105421,0.3642758764569424,3.2799707373220475,-1.3640955837437887,0.6296260433583466,0.8919916418468667,-0.04731142359309731,0.662471246447615,9.087282573808707,0,,0,0.0,0.0,0.0,0.0,0.0,0.0,0,0,0,0,0,0,21,0,0,0,0,0,0,0,
297,5.94,lift,lift,lift,0,0,0,0,0.0,0.0,0,0,1.000000034088913,0.9999999862655242,0.25866722135683,3.2641959598544794,0.6647570363114671,0.364275876456942,3.690571398501962e-09,8.188918655585214e-13,-3.6905713075981515e-09,-1.97511710260104e-14,2.8866829824329728e-12,4.904060803248364e-12,-5.234877078381687e-11,0.3017390145717485,0.6094178741378664,0.86782302971273,0.86782302971273,0.9999999999975275,0,0,0,0,0.09178412,0.063352495,3.6932933680858597,-0.844219708179234,0.364275876456942,3.29104359109982,-1.3734616511885598,0.6094178741378664,0.8835008664609019,-0.032883512465053,0.6639432143892774,8.409187981971291,0,,0,0.0,0.0,0.0,0.0,0.0,0.0,0,0,0,0,0,0,22,0,0,0,0,0,0,0,
298,5.96,lift,lift,lift,0,0,0,0,0.0,0.0,0,0,1.000000034088913,0.9999999862655242,0.25866722135683,3.2641959598961985,0.6651754973112493,0.36427587645694176,3.6905714684187534e-09,8.188178552281614e-13,-3.690571377552015e-09,-1.541735346763485e-14,2.886653432579474e-12,4.903644056659213e-12,-5.234877613464198e-11,0.30173901457174784,0.5872273579166366,0.8461383479796231,0.8461383479796231,0.9999999999975282,0,0,0,0,0.081885636,0.060438942,3.6932933680858793,-0.8442197082530469,0.36427587645694176,3.3016021941737024,-1.3818408262372353,0.5872273579166366,0.8754082935065429,-0.01943748919706334,0.6648914394372827,7.70810196878818,0,,0,0.0,0.0,0.0,0.0,0.0,0.0,0,0,0,0,0,0,23,0,0,0,0,0,0,0,
299,5.98,lift,lift,lift,0,0,0,0,0.0,0.0,0,0,1.000000034088913,0.9999999862655242,0.25866722135683,3.264195959937918,0.6647977907117852,0.36427587645694154,3.690571474484886e-09,8.189239556215111e-13,-3.690571383600163e-09,-1.4024258450835471e-14,2.886278696196447e-12,4.9042319360402285e-12,-5.234878177210937e-11,0.30173901457174723,0.5649190767329269,0.8276055188787651,0.8276055188787651,0.9999999999975286,0,0,0,0,0.06290048,0.065001905,3.693293368085899,-0.8442197083268599,0.36427587645694154,3.311823634697181,-1.388679941074497,0.5649190767329269,0.8673579703312699,-0.007139769238100169,0.6647594498993582,7.1281985575332705,0,,0,0.0,0.0,0.0,0.0,0.0,0.0,0,0,0,0,0,0,24,0,0,0,0,0,0,0,
300,6.0,lift,lift,lift,0,0,0,0,0.0,0.0,0,0,1.000000034088913,0.9999999862655242,0.25866722135683,3.264195959979637,0.6633670680784193,0.3642758764569413,3.690571522849116e-09,8.18844311979115e-13,-3.6905714319890174e-09,-1.2056834558096258e-14,2.886151317020359e-12,4.903781501146333e-12,-5.2348787126682604e-11,0.3017390145717466,0.5441667231449698,0.81362769405385,0.81362769405385,0.9999999999975291,0,0,0,0,0.035360392,0.06259039,3.6932933680859183,-0.8442197084006728,0.3642758764569413,3.321652708418095,-1.3937095509752406,0.5441667231449698,0.8592804048450734,0.0038118662365863587,0.6633561160393054,6.765375913121021,0,,0,0.0,0.0,0.0,0.0,0.0,0.0,0,0,0,0,0,0,25,0,0,0,0,0,0,0,
301,6.0200000000000005,lift,lift,lift,0,0,0,0,0.0,0.0,0,0,1.000000034088913,0.9999999862655242,0.25866722135683,3.2646191514134966,0.6614955109086137,0.3649284514679699,3.690571735004526e-09,8.188009866082887e-13,-3.6905716441377293e-09,-1.630332872865968e-14,2.8869309477115384e-12,4.903525341952808e-12,-5.234879279630192e-11,0.3036035146032569,0.5272433616508577,0.8048574614398871,0.8048574614398871,0.9999999999975274,1,0,1,0,-0.00037280098,0.054847043,3.6938764118208365,-0.8441172185980143,0.3649284514679699,3.330877009473842,-1.397116083739682,0.5272433616508577,0.8520280551285412,0.012840458387385345,0.6613708744574784,6.824885655606586,0,,0,0.0,0.0,0.0,0.0,0.0,0.0,0,0,0,0,0,0,26,0,0,0,0,0,0,0,
302,6.04,lift,lift,lift,0,0,0,0,0.0,0.0,0,0,1.000000034088913,0.9999999862655242,0.25866722135683,3.275627000506244,0.6602418018158189,0.3650017819503491,0.7206048885831018,0.6385218224053715,-0.3216397426744205,-0.09005089502231742,-0.2297639684335172,-0.06570684883992484,-2.0283347692182074,0.3038130302671974,0.5165351216180101,0.802630263196243,0.802630263196243,0.9999969599525843,1,0,1,0,-0.0026554354,0.033141684,3.70409769921113,-0.8486719867805622,0.3650017819503491,3.339918196668163,-1.399391994400184,0.5165351216180101,0.8527770435352025,0.010173228076690244,0.6601634209008393,6.650868665515073,0,,0,0.0,0.0,0.0,0.0,0.0,0.0,0,0,0,0,0,0,27,0,0,0,0,0,0,0,
303,6.0600000000000005,lift,lift,lift,0,0,0,0,0.0,0.0,0,0,1.000000034088913,0.9999999862655242,0.25866722135683,3.2856706050446287,0.6582871410006339,0.36805545317958505,0.38478927898516235,0.3421104141984511,0.00062865859458122,0.17613307045315707,-0.1398130502669867,-0.3529666887791919,-1.4839094680289273,0.31253780520787156,0.5137139916722581,0.8049836835827816,0.8049836835827816,0.9999797780884048,1,1,1,1,-0.0026125498,-0.010940749,3.7136134396652056,-0.8525478835426953,0.36805545317958505,3.3489224923715586,-1.4005829854922427,0.5137139916722581,0.8527960055720328,0.007800848079248857,0.6582409184911198,6.942328942416431,0,,0,0.0,0.0,0.0,0.0,0.0,0.0,0,0,0,0,0,0,28,0,0,0,0,0,0,0,
304,6.08,lift,lift,lift,0,0,0,0,0.0,0.0,0,0,1.000000034088913,0.9999999862655242,0.25866722135683,3.2836695394248046,0.6515099139421273,0.37421201612294047,0.3767806907266024,-0.12933928856752416,-0.09314311172822326,0.3414079642815118,0.3050150981848706,-0.4120989317982982,-0.6563663959236671,0.3301279850460299,0.5175907665593332,0.8114644940567826,0.8114644940567826,0.9998639299737003,1,1,1,1,-0.0008726306,-0.014030863,3.711022882216471,-0.8527927061522357,0.37421201612294047,3.3571517228537244,-1.3998213804794084,0.5175907665593332,0.8419121356158108,0.01649920351609352,0.6513009628798446,8.146643906878026,0,,0,0.0,0.0,0.0,0.0,0.0,0.0,0,0,0,0,0,0,29,0,0,0,0,0,0,0,
305,6.1000000000000005,lift,lift,lift,0,0,0,0,0.0,0.0,0,0,1.000000034088913,0.9999999862655242,0.25866722135683,3.2857419394220155,0.6372573672491194,0.38553167038713,0.7325901802391516,-0.12952268592396218,-0.40028187188211417,0.5997388340406397,0.3289342804547714,0.004981954890532873,-0.4233863087644022,0.3624698543722857,0.5260906280439069,0.8228044656027276,0.8228044656027276,0.999756020287756,1,1,1,1,-0.0005152263,-0.009754498,3.7084467285604843,-0.8602195157510435,0.38553167038713,3.3650775090163783,-1.3970570434844822,0.5260906280439069,0.8280206514758345,0.020889775311648373,0.6369148839528779,8.837451135450209,0,,0,0.0,0.0,0.0,0.0,0.0,0.0,0,0,0,0,0,0,30,0,0,0,0,0,0,0,
306,6.12,lift,lift,lift,0,0,0,0,0.0,0.0,0,0,1.000000034088913,0.9999999862655242,0.25866722135683,3.2896970546970508,0.6195610246945041,0.401733165205512,0.9962418105279162,-0.11056323109523124,-0.5238026868262516,0.8401810889607804,0.07384005696823323,-0.023880832837183508,-0.4557300889817896,0.4087598395676628,0.5381850015750561,0.8406891945100714,0.8406891945100714,0.9996863069895948,1,1,1,1,-0.00043653324,-0.0069934614,3.7062038667760118,-0.8704458235969554,0.401733165205512,3.3723687215401466,-1.392374898401045,0.5381850015750561,0.8136390361101544,0.022133983852948624,0.6191655272052066,8.953419792744553,0,,0,0.0,0.0,0.0,0.0,0.0,0.0,0,0,0,0,0,0,31,0,0,0,0,0,0,0,
307,6.140000000000001,lift,lift,lift,0,0,0,0,0.0,0.0,0,0,1.000000034088913,0.9999999862655242,0.25866722135683,3.2944902399541305,0.6002479714196742,0.4222757609708043,1.1979652697494645,-0.09405070652769344,-0.5613127336828647,1.0541362659224935,-0.2622106287270626,-0.07394582133788627,-0.46680064306090335,0.4674529703256409,0.5525765332705175,0.8617242381173584,0.8617242381173584,0.9997287855662411,1,1,1,1,-0.000256259,-0.0054754503,3.7043062955507766,-0.8815933771823762,0.4222757609708043,3.3788707409329817,-1.3859636052728557,0.5525765332705175,0.7998615120866125,0.02092653515995624,0.5998830780407405,8.400711829167308,0,,0,0.0,0.0,0.0,0.0,0.0,0.0,0,0,0,0,0,0,32,0,0,0,0,0,0,0,
308,6.16,lift,lift,lift,0,0,0,0,0.0,0.0,0,0,1.000000034088913,0.9999999862655242,0.25866722135683,3.299061353546236,0.581298114021464,0.44628030554203735,1.3286462131031989,-0.08565843346015493,-0.5174874329515265,1.2207252553739776,-0.23879582417254908,-0.26571589952375807,-0.4051258352366291,0.5360373833863067,0.5681849590516729,0.8812364137434311,0.8812364137434311,0.9997225001013853,1,1,1,1,-0.00039591268,-0.004644174,3.7025795029459214,-0.892054460354575,0.44628030554203735,3.38484836970314,-1.3788341069434282,0.5681849590516729,0.7871647018113642,0.018890208715578838,0.5809910992257908,7.593955012071293,0,,0,0.0,0.0,0.0,0.0,0.0,0.0,0,0,0,0,0,0,33,1,0,0,0,0,0,0,
309,6.18,lift,lift,lift,0,0,0,0,0.0,0.0,0,0,1.000000034088913,0.9999999862655242,0.25866722135683,3.302473255564599,0.5638902134191645,0.4726233860045029,1.401202715396229,-0.10099277541983842,-0.432482178500937,1.3289577398193846,-0.026376973935358938,-0.5559037164466176,-0.25323907358787173,0.6113033275647797,0.5842816147980006,0.898476304981461,0.898476304981461,0.9995155283125721,1,1,1,1,-0.00095780566,-0.0040221103,3.700542743440357,-0.9008941924535869,0.4726233860045029,3.390212627439555,-1.3717098590289885,0.5842816147980006,0.7755746497550725,0.01723285040655259,0.563626828368537,6.728107554951676,0,,0,0.0,0.0,0.0,0.0,0.0,0.0,0,0,0,0,0,0,34,2,0,0,0,0,0,0,
310,6.2,lift,lift,lift,0,0,0,0,0.0,0.0,0,0,1.000000034088913,0.9999999862655242,0.25866722135683,3.3040731807311916,0.5480213971726247,0.5002745427430285,1.436625108322277,-0.15181744488526894,-0.34056931537824886,1.387391691885638,0.13762013772652162,-0.7750059175599862,-0.07624423436538637,0.6903066325319958,0.600181845297208,0.9123585366950802,0.9123585366950802,0.9989824590539125,1,1,1,1,-0.0016924031,-0.0034861006,3.697547666579419,-0.9079141507102465,0.5002745427430285,3.3950296717564044,-1.3648718233313528,0.600181845297208,0.7643672362956586,0.016881981669792434,0.5477613079197329,6.026699454704695,0,,0,0.0,0.0,0.0,0.0,0.0,0.0,0,0,0,0,0,0,35,3,0,0,0,0,0,0,
311,6.22,lift,lift,lift,0,0,0,0,0.0,0.0,0,0,1.000000034088913,0.9999999862655242,0.25866722135683,3.303768201771477,0.5328925173907897,0.5281361334297949,1.4321494329372206,-0.21563038638826054,-0.26394180860430216,1.3910033272422975,0.2688492535319403,-0.9316984838384189,0.18567939953119905,0.7699111773513284,0.6153160851019456,0.9222029459926012,0.9222029459926012,0.9980063277310535,1,1,1,1,-0.0024124868,-0.002921436,3.6932924060223464,-0.9133898146693303,0.5281361334297949,3.399706550686699,-1.3581164505232326,0.6153160851019456,0.7526108178687032,0.01822853810735947,0.5325806563231167,5.60132295302171,0,,0,0.0,0.0,0.0,0.0,0.0,0.0,0,0,0,0,0,0,36,4,0,0,0,0,0,0,
312,6.24,lift,transport,lift,0,0,0,0,0.0,0.0,0,0,1.000000034088913,0.9999999862655242,0.25866722135683,3.301393535895803,0.518121116095506,0.5554813952372268,1.4040337595148575,-0.28939027411877394,-0.18763761614185923,1.3610129287084256,0.4104579568946288,-1.0232213851318364,0.43844390524261023,0.8480404968011338,0.6295589418101383,0.9297795847899573,0.9297795847899573,0.996463546207084,1,1,1,1,-0.0030481108,-0.0023249425,3.6875533933408544,-0.9173565846487634,0.5554813952372268,3.404454085683505,-1.35129698717886,0.6295589418101383,0.7397532311235974,0.02155877089659089,0.5176723967351178,5.438042400201234,0,,0,0.0,0.0,0.0,0.0,0.0,0.0,0,0,0,0,0,0,0,5,0,0,0,0,0,0,
313,6.26,transport,transport,transport_left,0,0,0,0,0.45,0.55,0,0,1.000000034088913,0.9999999862655242,0.25866722135683,3.2972904335448967,0.5023920340661877,0.5821040897051495,1.390748595150414,-0.37889317754110835,-0.17401397791432788,1.3267783350718703,0.46744856005341234,-1.232195255418175,0.7983517338927861,0.9241053381380557,0.6429286988586914,0.9366751410728734,0.9366751410728734,0.9941065741216258,1,1,1,1,-0.0036168732,-0.0018063523,3.6800027863451517,-0.9208616566035499,0.5821040897051495,3.409465870555173,-1.3441907639042496,0.6429286988586914,0.7249146826721489,0.026724053399545117,0.5016807559225884,4.897273926090678,0,,0,0.0,0.0,0.0,0.0,0.0,0.0,0,0,0,0,0,0,1,5,0,0,0,0,0,0,
314,6.28,transport,transport,transport_left,0,0,0,0,0.45,0.55,0,0,1.000000034088913,0.9999999862655242,0.25866722135683,3.2914375560136246,0.4856200355883104,0.607566714965331,1.3523626206788442,-0.4664237806603429,-0.14057735183001838,1.2615750167137596,0.5345798561475446,-1.351484502144531,1.2433094622340581,0.9968556960242886,0.6555344690811921,0.9436857769344071,0.9436857769344071,0.9906784428500733,1,1,1,1,-0.0043976046,-0.0011138208,3.670681349430175,-0.923804186987047,0.607566714965331,3.4152152436921366,-1.3367979978169833,0.6555344690811921,0.7076811389238399,0.03410384052386228,0.48442104312913037,3.8999656913725578,0,,0,0.0,0.0,0.0,0.0,0.0,0.0,0,0,0,0,0,0,2,5,0,0,0,0,0,0,
315,6.3,transport,transport,transport_left,0,0,0,0,0.45,0.55,0,0,1.000000034088913,0.9999999862655242,0.25866722135683,3.2824399972429577,0.46829058546578023,0.6315528108095049,1.347523617768774,-0.6277258931615809,-0.057531889732363804,1.1909954597574934,0.3788851240264685,-1.4510442030480246,1.4416157870134019,1.0,0.6675378873688482,0.950765922962856,0.950765922962856,0.9861640256740765,1,1,1,1,-0.005587358,9.551272e-05,3.658500739617755,-0.9253016353519816,0.6315528108095049,3.421278707713049,-1.3290611925328437,0.6675378873688482,0.6874831893558628,0.04469357889906761,0.4661529324600201,3.2147253482216107,0,,0,0.0,0.0,0.0,0.0,0.0,0.0,0,0,0,0,0,0,3,5,0,0,0,0,0,0,
316,6.32,transport,transport,transport_left,0,0,0,0,0.45,0.55,0,0,1.000000034088913,0.9999999862655242,0.25866722135683,3.2702926867288453,0.4507820961738129,0.6541705808686904,1.3525326374706261,-0.7564209471045754,0.0027267447332079238,1.1212334507442352,0.28552106013698586,-1.3695442633042176,1.6014385233382384,1.0,0.6790590633262312,0.9576422731936319,0.9576422731936319,0.9810152941742736,1,1,1,1,-0.006359283,0.0008460544,3.643418153348183,-0.925397350297491,0.6541705808686904,3.4272293728701375,-1.3209563337958716,0.6790590633262312,0.6646441337368031,0.05813879429101079,0.4470172019388563,2.9815759918234823,0,,0,0.0,0.0,0.0,0.0,0.0,0.0,0,0,0,0,0,0,4,5,0,0,0,0,0,0,
317,6.34,transport,transport,transport_left,0,0,0,0,0.45,0.55,0,0,1.000000034088913,0.9999999862655242,0.25866722135683,3.2567266115620126,0.4335465496105285,0.6753729358775103,1.32179271761237,-0.8082711824324149,0.026921597580284413,1.0455184893468532,0.3178700275594779,-1.2220044352228787,1.86439075516344,1.0,0.6902135129014049,0.9641339909457065,0.9641339909457065,0.9756347532160583,1,1,1,1,-0.006746892,0.0011357181,3.627003223419661,-0.9248694809197878,0.6753729358775103,3.432820618493172,-1.3124978166012207,0.6902135129014049,0.6408942126573313,0.07247019896503079,0.4274466995324251,3.006735991311993,0,,0,0.0,0.0,0.0,0.0,0.0,0.0,0,0,0,0,0,0,5,5,0,0,0,0,0,0,
318,6.36,transport,transport,transport_left,0,0,0,0,0.45,0.55,0,0,1.000000034088913,0.9999999862655242,0.25866722135683,3.242351256013216,0.41691292490370496,0.695285266463809,1.3066107956187099,-0.8562319557184572,0.049413104031746626,0.9857266123950654,0.056489654431230996,-0.46107508043520595,1.8743020983757506,1.0,0.700968556870009,0.969981601731338,0.969981601731338,0.9725803526488659,1,1,1,1,-0.0070392974,0.0014784001,3.6098523531946762,-0.9239315457357445,0.695285266463809,3.4378892160553667,-1.3037276310459665,0.700968556870009,0.6169909970727218,0.08694408771179152,0.40774638264946833,3.195972077672632,0,,0,0.0,0.0,0.0,0.0,0.0,0.0,0,0,0,0,0,0,6,5,0,0,0,0,0,0,
319,6.38,transport,transport,transport_left,0,0,0,0,0.45,0.55,0,0,1.000000034088913,0.9999999862655242,0.25866722135683,3.22723797328727,0.4010198075806507,0.7133607628321431,1.2618942132361008,-0.8902484479949511,0.06547277639734493,0.8919349874246228,-0.005339597557450948,-0.3587670885122815,1.9792269990206863,1.0,0.7111709041398834,0.9750502258528632,0.9750502258528632,0.9709683013717625,1,1,1,1,-0.007313613,0.0017378591,3.591996288699013,-0.9226597216169028,0.7133607628321431,3.442270247677003,-1.2946798806296873,0.7111709041398834,0.5931259502603851,0.10138044836339764,0.38799341587410807,3.5896293875582335,0,,0,0.0,0.0,0.0,0.0,0.0,0.0,0,0,0,0,0,0,7,5,0,0,0,0,0,0,
320,6.4,transport,transport,transport_left,0,0,0,0,0.45,0.55,0,0,1.000000034088913,0.9999999862655242,0.25866722135683,3.2117949183570835,0.38612539515811395,0.7295593434672919,1.2046628526023873,-0.8987148111098857,0.07839610628231247,0.7983597730670152,-0.032545044859841,-0.42724083089285164,2.1040869428673727,1.0,0.7206988882010519,0.9794061899446092,0.9794061899446092,0.9692866709683783,1,1,1,1,-0.0074669607,0.0018379651,3.573889766437351,-0.9211242271302866,0.7295593434672919,3.4457895483633942,-1.2853812173383188,0.7206988882010519,0.5699556336833357,0.11522126947148847,0.3685334175449878,4.138563946568565,0,,0,0.0,0.0,0.0,0.0,0.0,0.0,0,0,0,0,0,0,8,5,0,0,0,0,0,0,
321,6.42,transport,transport,transport_left,0,0,0,0,0.45,0.55,0,0,1.000000034088913,0.9999999862655242,0.25866722135683,3.1960691981770237,0.3723838883167271,0.7438717619901017,1.1546974658541744,-0.9105028989363443,0.09526853041221889,0.7037290784042262,0.013038809604007995,-0.4500822569992837,2.127610670769612,1.0,0.7294314187393047,0.9830880239060621,0.9830880239060621,0.9673167007796866,1,1,1,1,-0.0074815787,0.0018424354,3.5556180352877043,-0.9192902344891742,0.7438717619901017,3.448356380909645,-1.2758918297996362,0.7294314187393047,0.5476814173165426,0.12837711400366164,0.3495555419071132,4.800475296255604,0,,0,0.0,0.0,0.0,0.0,0.0,0.0,0,0,0,0,0,0,9,5,0,0,0,0,0,0,
322,6.44,transport,transport,transport_left,0,0,0,0,0.45,0.55,0,0,1.000000034088913,0.9999999862655242,0.25866722135683,3.1802896184987457,0.35989137896382506,0.7563216055495671,1.0945582371407978,-0.9016437177518101,0.10836349590704451,0.6110267534946969,0.03088978732481562,-0.5153668166453133,2.162372055463486,1.0,0.7372611996876027,0.9861488885547542,0.9861488885547542,0.9649868606544422,1,1,1,1,-0.007477317,0.0019118749,3.5374439475297863,-0.9171907824564521,0.7563216055495671,3.4499509210418045,-1.2662850032170612,0.7372611996876027,0.5266111595758378,0.1406386284206138,0.3312741777568122,5.5059375598604845,0,,0,0.0,0.0,0.0,0.0,0.0,0.0,0,0,0,0,0,0,10,5,0,0,0,0,0,0,
323,6.46,transport,transport,transport_left,0,0,0,0,0.45,0.55,0,0,1.000000034088913,0.9999999862655242,0.25866722135683,3.164584871470676,0.34864267165921525,0.7668955237551884,1.0330218066330914,-0.8859161247695245,0.1201436428124905,0.5175443729233165,0.11991650368728335,-0.6743200392713642,2.214335030289189,1.0,0.7441236336767992,0.9886631757578138,0.9886631757578138,0.96196242318199,1,1,1,1,-0.0073904134,0.0018731169,3.519504656563989,-0.9148613314459704,0.7668955237551884,3.4505648958378146,-1.25662005027066,0.7441236336767992,0.5069049744558234,0.1519082357941967,0.31380822232626426,6.207654756335888,0,,0,0.0,0.0,0.0,0.0,0.0,0.0,0,0,0,0,0,0,11,5,0,0,0,0,0,0,
324,6.48,transport,transport,transport_left,0,0,0,0,0.45,0.55,0,0,1.000000034088913,0.9999999862655242,0.25866722135683,3.1488596437314196,0.3386930041262094,0.7757857651322803,0.9887595943012694,-0.8762383961404173,0.1390965567190394,0.43646758913003714,0.15217714726671439,-0.6161610878690206,2.1565755370454163,1.0,0.7499832823110623,0.9907163235313546,0.9907163235313546,0.9582204576598774,1,1,1,1,-0.007203568,0.0018308274,3.5017672812230396,-0.9121918705018079,0.7757857651322803,3.450198437487425,-1.2469359599190943,0.7499832823110623,0.4885441130987541,0.16230690963689848,0.29726994151470504,6.896987228889417,0,,0,0.0,0.0,0.0,0.0,0.0,0.0,0,0,0,0,0,0,12,5,0,0,0,0,0,0,
325,6.5,transport,transport,transport_left,0,0,0,0,0.45,0.55,0,0,1.000000034088913,0.9999999862655242,0.25866722135683,3.133260349011123,0.32996619313392883,0.7830537965790596,0.932183996406746,-0.8474596853008373,0.15462661816667453,0.3561877228386675,0.15635741641327117,-0.6388024551711212,2.1731429707381653,1.0,0.7548273009127099,0.9923812387819518,0.9923812387819518,0.9546374445306341,1,1,1,1,-0.007026676,0.0017568581,3.484406248909437,-0.9092004155903056,0.7830537965790596,3.448878450173594,-1.2372483756941335,0.7548273009127099,0.4716837574991249,0.17172011047527622,0.2817621200049008,7.516115309337067,0,,0,0.0,0.0,0.0,0.0,0.0,0.0,0,0,0,0,0,0,13,5,0,0,0,0,0,0,
326,6.5200000000000005,transport,transport,transport_left,0,0,0,0,0.45,0.55,0,0,1.000000034088913,0.9999999862655242,0.25866722135683,3.1174880196950703,0.3223912785715176,0.7887870693860382,0.9188907302564926,-0.8575467428882889,0.1763075071646803,0.2790867621912103,0.1926754399683107,-0.593858733485778,2.062020820305341,1.0,0.7586737044843961,0.9937344916040994,0.9937344916040994,0.950701848870735,1,1,1,1,-0.0068929084,0.0017862134,3.4671056891978727,-0.9058125017488874,0.7887870693860382,3.4466188335685706,-1.2275521872796002,0.7586737044843961,0.455974076221416,0.1804761621027313,0.2671413322787145,8.099186086950846,0,,0,0.0,0.0,0.0,0.0,0.0,0.0,0,0,0,0,0,0,14,5,0,0,0,0,0,0,
327,6.54,transport,transport,transport_left,0,0,0,0,0.45,0.55,0,0,1.000000034088913,0.9999999862655242,0.25866722135683,3.1015364176307205,0.3158688447404568,0.7931428575913091,0.9025375636365501,-0.8561715735721556,0.19534646595252986,0.20828837850882592,0.16254408063980963,-0.5184525088307166,1.977726053700508,1.0,0.7615469733800392,0.9948356814486562,0.9948356814486562,0.9474648412693399,1,1,1,1,-0.0067549087,0.0017999075,3.4498678941721326,-0.9020188406709682,0.7931428575913091,3.44345098008956,-1.2178224984891253,0.7615469733800392,0.44137875389756476,0.18859811153227618,0.25338484446416665,8.619381890467249,0,,0,0.0,0.0,0.0,0.0,0.0,0.0,0,0,0,0,0,0,15,5,0,0,0,0,0,0,
328,6.5600000000000005,transport,transport,transport_left,0,0,0,0,0.45,0.55,0,0,1.000000034088913,0.9999999862655242,0.25866722135683,3.0853516606487057,0.3102496727178493,0.7961982012849619,0.8959636588350602,-0.8574716404579642,0.21549166082934681,0.1451089517447006,0.12133563959294047,-0.4371185870427533,1.8984711454013605,1.0,0.7634769583934871,0.9957297231694288,0.9957297231694288,0.944654911605043,1,1,1,1,-0.006653387,0.0018256418,3.43261882952628,-0.8978305293371155,0.7961982012849619,3.4393911855854498,-1.2080062772848563,0.7634769583934871,0.4277965458089785,0.196131795286763,0.24038963850200346,9.060094225622862,0,,0,0.0,0.0,0.0,0.0,0.0,0.0,0,0,0,0,0,0,16,5,0,0,0,0,0,0,
329,6.58,transport,transport,transport_left,0,0,0,0,0.45,0.55,0,0,1.000000034088913,0.9999999862655242,0.25866722135683,3.068863341279483,0.3053885003191018,0.7980686284266403,0.8991825679142527,-0.8635427141714349,0.23505689935357083,0.08701451205739355,0.08955286845179339,-0.36955384184001416,1.8261893171300771,1.0,0.7645035617293735,0.9964591392102649,0.9964591392102649,0.9421938062264822,1,1,1,1,-0.0065653063,0.0018513463,3.4152684991962783,-0.8932513042152147,0.7980686284266403,3.4344135494513957,-1.1980391044597112,0.7645035617293735,0.41515565694543055,0.2030981060303255,0.22806423536811887,9.433485243277262,0,,0,0.0,0.0,0.0,0.0,0.0,0.0,0,0,0,0,0,0,17,5,0,0,0,0,0,0,
330,6.6000000000000005,transport,transport,transport_left,0,0,0,0,0.45,0.55,0,0,1.000000034088913,0.9999999862655242,0.25866722135683,3.0520149417876747,0.3011370548262998,0.7988742833404072,0.9097439335540121,-0.8727694093641428,0.25439466664372895,0.034509944939365864,0.04198780948541497,-0.2867074399588603,1.74468286051494,1.0,0.7646426266786547,0.9970376698725202,0.9970376698725202,0.9402928676572747,1,1,1,1,-0.00648785,0.0018844269,3.3977494788765177,-0.8882777488454832,0.7988742833404072,3.4284911419763433,-1.1878415583073652,0.7646426266786547,0.40341434283992117,0.209491267073175,0.2163259919878644,9.746230240870807,0,,0,0.0,0.0,0.0,0.0,0.0,0.0,0,0,0,0,0,0,18,5,0,0,0,0,0,0,
331,6.62,transport,transport,transport_left,0,0,0,0,0.45,0.55,0,0,1.000000034088913,0.9999999862655242,0.25866722135683,3.034594753067772,0.29765773665336215,0.7984246407413731,0.9327483751287505,-0.8849782372832725,0.29280847639422036,-0.03310962083762625,-0.25295855024831304,-0.10910259939399321,1.5755348470162671,1.0,0.7638864654587052,0.9974521900508949,0.9974521900508949,0.9397504673228403,1,1,1,1,-0.0064085014,0.001960691,3.380021405472876,-0.8826214804935405,0.7984246407413731,3.421581711997235,-1.177363518742589,0.7638864654587052,0.3925628759183464,0.21544956058210848,0.2053816326611965,10.00004905822694,0,,0,0.0,0.0,0.0,0.0,0.0,0.0,0,0,0,0,0,0,19,5,0,0,0,0,0,0,
332,6.640000000000001,transport,transport,transport_left,0,0,0,0,0.45,0.55,0,0,1.000000034088913,0.9999999862655242,0.25866722135683,3.0166368764085885,0.2946686439177235,0.7966577150866381,0.9574301360100042,-0.9000980396252364,0.31223488864411286,-0.0948965685172007,-0.35635281557735904,-0.03153612531404468,1.459163511866452,1.0,0.7621886186349429,0.9976810223699759,0.9976810223699759,0.9410175867492119,1,1,1,1,-0.0063514896,0.0020455383,3.362011427962812,-0.8764328580745139,0.7966577150866381,3.4136177574630118,-1.1665473121505336,0.7621886186349429,0.38259128991069435,0.22086683144798291,0.19505756195143648,10.223959229241308,0,,0,0.0,0.0,0.0,0.0,0.0,0.0,0,0,0,0,0,0,20,5,0,0,0,0,0,0,
333,6.66,transport,transport,transport_left,0,0,0,0,0.45,0.55,0,0,1.000000034088913,0.9999999862655242,0.25866722135683,2.9979926611790026,0.2929800095734628,0.7950036101322924,0.9676507369350185,-0.8682007353494916,0.42175426631192786,-0.06854757965948678,0.37324258888239786,-0.34948746479232384,1.3550003332711702,1.0,0.7594027745490418,0.9976587308655867,0.9976587308655867,0.940494486786868,1,1,1,1,-0.005385045,0.0015524738,3.3443482428243576,-0.8686871123901256,0.7950036101322924,3.404460588963911,-1.1554340249301998,0.7594027745490418,0.37419800002841136,0.22573922071309405,0.18675944485222534,10.216368394248553,0,,0,0.0,0.0,0.0,0.0,0.0,0.0,0,0,0,0,0,0,21,5,0,0,0,0,0,0,
334,6.68,transport,transport,transport_left,0,0,0,0,0.45,0.55,0,0,1.000000034088913,0.9999999862655242,0.25866722135683,2.978500290472153,0.2924499409313349,0.7943331006390731,1.0006285018391443,-0.8800530332666443,0.4752364947601359,-0.030237912942667554,0.7645882688224779,-0.44725268989070344,1.312771287364476,1.0,0.7554156077658299,0.997303312212326,0.997303312212326,0.9349643034551444,1,1,1,1,-0.004623059,0.001479473,3.326739432071118,-0.8595020315392716,0.7943331006390731,3.393945856113923,-1.1441250533033587,0.7554156077658299,0.3671716724717511,0.23019266444094416,0.18038377196499736,9.816999235650771,0,,0,0.0,0.0,0.0,0.0,0.0,0.0,0,0,0,0,0,0,22,5,0,0,0,0,0,0,
335,6.7,transport,transport,transport_left,0,0,0,0,0.45,0.55,0,0,1.000000034088913,0.9999999862655242,0.25866722135683,2.9591990226369385,0.2916695834048159,0.7948324342735815,0.9881040470586944,-0.8769393057162508,0.4529147045023248,0.04685437385391494,0.568085244948379,-0.12909682725699573,1.2166271269381053,1.0,0.7521269948419448,0.9959020981313675,0.9959020981313675,0.9303395992095709,1,1,1,1,-0.0041609444,0.0012155138,3.309076770289817,-0.850681910201611,0.7948324342735815,3.38359479464908,-1.1326716439316373,0.7521269948419448,0.36002474210637875,0.23450302814070406,0.17343435552501993,9.7086070884484,0,,0,0.0,0.0,0.0,0.0,0.0,0.0,0,0,0,0,0,0,23,5,0,0,0,0,0,0,
336,6.72,transport,transport,transport_left,0,0,0,0,0.45,0.55,0,0,1.000000034088913,0.9999999862655242,0.25866722135683,2.9409931806998726,0.29054588046116925,0.7964500368758671,0.934545798759226,-0.8422262334315014,0.3965846210991694,0.08216726845851839,0.44241159070101566,-0.0835066785115886,1.182184837652466,1.0,0.7511237780842817,0.9943464488962244,0.9943464488962244,0.9272404412532989,1,1,1,1,-0.004201267,0.001209762,3.2921536198831,-0.8426808944227204,0.7964500368758671,3.3741850842789893,-1.1214061130557353,0.7511237780842817,0.3528325452757338,0.23856918513382125,0.16583622209137716,9.520529551145287,0,,0,0.0,0.0,0.0,0.0,0.0,0.0,0,0,0,0,0,0,24,5,0,0,0,0,0,0,
337,6.74,transport,transport,transport_left,0,0,0,0,0.44499246567313766,0.5550075343268623,0,0,1.000000034088913,0.9999999862655242,0.25866722135683,2.9239640313670874,0.2895945519879243,0.7977407664710655,0.8784074632660865,-0.8009297044100206,0.35592305263659735,0.05856672021791986,0.37475588409476773,-0.12401861363185623,1.2036308949044223,1.0,0.7505187856388874,0.9929782868705788,0.9929782868705788,0.9241505994598578,1,1,1,1,-0.0042557158,0.0011213087,3.2759870561146585,-0.8356058353363921,0.7977407664710655,3.3653491542915557,-1.1110680286597394,0.7505187856388874,0.3458726742990473,0.2424882706493742,0.15831753894803452,9.247759556174893,0,,0,0.0,0.0,0.0,0.0,0.0,0.0,0,0,0,0,0,0,25,5,0,0,0,0,0,0,
338,6.76,transport,transport,transport_left,0,0,0,0,0.4259720419938214,0.5740279580061787,0,0,1.000000034088913,0.9999999862655242,0.25866722135683,2.9078061587241977,0.28897721735686976,0.798425577120824,0.8343222976051191,-0.7635650714606774,0.3348563473765245,0.030550033518605604,0.2921144027247232,-0.10519196776308756,1.2226390107136482,1.0,0.7500058223469459,0.9916759543273572,0.9916759543273572,0.9216274850511001,1,1,1,1,-0.0042271353,0.0010171197,3.2605942327805635,-0.8289479423415288,0.798425577120824,3.3569775278740797,-1.1013779197269769,0.7500058223469459,0.33925849914649964,0.24628318446198566,0.15117018622262493,9.003934289945875,0,,0,0.0,0.0,0.0,0.0,0.0,0.0,0,0,0,0,0,0,26,5,0,0,0,0,0,0,
339,6.78,transport,transport,transport_left,0,0,0,0,0.4078291948546871,0.592170805145313,0,0,1.000000034088913,0.9999999862655242,0.25866722135683,2.8923984359854527,0.2885975614305844,0.7985882317872778,0.7958861149703919,-0.7289955294207675,0.31934345380654955,0.004470413638925326,0.24261431015280166,-0.08022562338953457,1.190426030856225,1.0,0.7494175600546751,0.9903852230306658,0.9903852230306658,0.9195209919452269,1,1,1,1,-0.0041195937,0.0009002201,3.2459011280058605,-0.8226072091646244,0.7985882317872778,3.348879631938465,-1.0922068756916483,0.7494175600546751,0.33310371759691493,0.24984587798799507,0.14444926346675435,8.821889172989396,0,,0,0.0,0.0,0.0,0.0,0.0,0.0,0,0,0,0,0,0,27,5,0,0,0,0,0,0,
340,6.8,transport,transport,transport_left,0,0,0,0,0.39117287032311776,0.6088271296768822,0,0,1.000000034088913,0.9999999862655242,0.25866722135683,2.877680362907879,0.2884289858693913,0.7982797923615562,0.7590293834850125,-0.6921634746736632,0.31094794155018907,-0.018620068931650413,0.19587479195409385,-0.03579676540951984,1.126260594111063,1.0,0.7486804526466799,0.9890135513833178,0.9890135513833178,0.9178493181255168,1,1,1,1,-0.0039430596,0.0007589422,3.231946171291923,-0.8164417859061535,0.7982797923615562,3.340940297037572,-1.083484030584008,0.7486804526466799,0.32754124200196527,0.25309819516132315,0.138320582328612,8.667316511377232,0,,0,0.0,0.0,0.0,0.0,0.0,0.0,0,0,0,0,0,0,28,5,0,0,0,0,0,0,
341,6.82,transport,transport,transport_left,0,0,0,0,0.3760825281794892,0.6239174718205108,0,0,1.000000034088913,0.9999999862655242,0.25866722135683,2.8636598566726925,0.2883512212384805,0.7976116878633961,0.7224003125805923,-0.6538973272279451,0.30484160667443166,-0.03677080228711586,0.14297585185098138,0.010739901924024492,1.0454890453489707,1.0,0.7478344875006356,0.9876167526780286,0.9876167526780286,0.9166851090100891,1,1,1,1,-0.003727693,0.0006061159,3.2187750061022657,-0.810410298251721,0.7976116878633961,3.333125973653975,-1.0751182184386905,0.7478344875006356,0.32265034539017745,0.25594834673574757,0.13280388018789463,8.51973859059389,0,,0,0.0,0.0,0.0,0.0,0.0,0.0,0,0,0,0,0,0,29,5,0,0,0,0,0,0,
342,6.84,transport,transport,transport_left,0,0,0,0,0.36248788773370294,0.637512112266297,0,0,1.000000034088913,0.9999999862655242,0.25866722135683,2.8503649129645257,0.288280679237502,0.7967601100030677,0.6834560722257643,-0.6129228711647275,0.2989756539679519,-0.04529144510712157,0.09827418790500328,0.058714474976697434,0.9476691639618616,1.0,0.7469957811906429,0.9861736178797371,0.9861736178797371,0.9159526687307272,1,1,1,1,-0.0034965314,0.00044585392,3.2064321679678325,-0.804504758988914,0.7967601100030677,3.3254533647254068,-1.0670684745781598,0.7469957811906429,0.318455407457253,0.25835627589351856,0.1278975555984853,8.356748900452091,0,,0,0.0,0.0,0.0,0.0,0.0,0.0,0,0,0,0,0,0,30,5,0,0,0,0,0,0,
343,6.86,transport,transport,transport_left,0,0,0,0,0.3502168706849721,0.6497831293150279,0,0,1.000000034088913,0.9999999862655242,0.25866722135683,2.8377295330821264,0.2882352449037553,0.7958131673441409,0.6454915715464516,-0.5719166566192583,0.2952628175996275,-0.04889351042916071,0.04682799075572061,0.09720616600309867,0.8357759720925818,1.0,0.7462625195601169,0.9846889981140858,0.9846889981140858,0.9157146741502586,1,1,1,1,-0.0032631792,0.00028492138,3.1949013513820534,-0.7986431440611504,0.7958131673441409,3.317972025422955,-1.0592830596455558,0.7462625195601169,0.3148757903772369,0.26039344821730737,0.12359129633687087,8.149267164069155,0,,0,0.0,0.0,0.0,0.0,0.0,0.0,0,0,0,0,0,0,31,5,0,0,0,0,0,0,
344,6.88,transport,transport,transport_left,0,0,0,0,0.3388976603215419,0.6611023396784581,0,0,1.000000034088913,0.9999999862655242,0.25866722135683,2.82576425320303,0.28813611761246655,0.7948947180989389,0.6087145434952391,-0.5314875218275129,0.2931272681939156,-0.04616074355378879,0.008986677531685777,0.1370605298671554,0.7262495374052784,1.0,0.7457139106650751,0.9831785797270333,0.9831785797270333,0.915929662241197,1,1,1,1,-0.003020335,0.00011346862,3.1841972697687067,-0.7928262881762653,0.7948947180989389,3.3107040065639057,-1.0517055415323722,0.7457139106650751,0.3119086639702681,0.26203218873915235,0.11983970267550893,7.891465146049271,0,,0,0.0,0.0,0.0,0.0,0.0,0.0,0,0,0,0,0,0,32,5,0,0,0,0,0,0,
345,6.9,transport,transport,transport_left,0,0,0,0,0.32841141964856324,0.6715885803514368,0,0,1.000000034088913,0.9999999862655242,0.25866722135683,2.814384918127811,0.2879660799241046,0.7941087472393078,0.5762584290591733,-0.4946510716324183,0.2930863744938103,-0.03865839469921712,-0.023589727066499158,0.16711735081251694,0.6188033076205944,1.0,0.7453961575586425,0.9816679895375772,0.9816679895375772,0.9164825317459971,1,1,1,1,-0.0027940609,-5.0920993e-05,3.1742477977187913,-0.7870112419408793,0.7941087472393078,3.3036586499513123,-1.0442607210682595,0.7453961575586425,0.30947434105150157,0.26331826856144974,0.11656737377438003,7.593307273234612,0,,0,0.0,0.0,0.0,0.0,0.0,0.0,0,0,0,0,0,0,33,5,0,0,0,0,0,0,
346,6.92,transport,transport,transport_left,0,0,0,0,0.31867161409154493,0.6813283859084551,0,0,1.000000034088913,0.9999999862655242,0.25866722135683,2.8034860346840706,0.2877515548036525,0.7935273703815198,0.5474705818087104,-0.46180914374615195,0.2927071186401449,-0.02790869749375759,-0.036546306822456784,0.2064591817118343,0.5305900425686858,1.0,0.7453064947722494,0.9801932223181133,0.9801932223181133,0.9173411921544387,1,1,1,1,-0.0025940277,-0.00020556524,3.16494800811892,-0.7811609319032926,0.7935273703815198,3.2968516931904013,-1.0368998127104216,0.7453064947722494,0.3074503130607649,0.264341147537052,0.11368691662066457,7.268291430648394,0,,0,0.0,0.0,0.0,0.0,0.0,0.0,0,0,0,0,0,0,34,5,0,0,0,0,0,0,
347,6.94,transport,transport,transport_left,0,0,0,0,0.3095680919243245,0.6904319080756756,0,0,1.000000034088913,0.9999999862655242,0.25866722135683,2.7930804765435266,0.2873204257369699,0.7929091705653327,0.5263136931972922,-0.4368049257967977,0.2923450607130865,-0.027238317189012665,-0.12164691122414158,0.19933433891808489,0.43904783336393854,1.0,0.7454301884703158,0.9787585854389838,0.9787585854389838,0.9190273086365327,1,1,1,1,-0.0024523921,-0.00033517554,3.1561820053481537,-0.7754373838676012,0.7929091705653327,3.2902768643625033,-1.0295468009138715,0.7454301884703158,0.3057858742492364,0.2650436601411852,0.1109273873515353,6.971716268589208,0,,0,0.0,0.0,0.0,0.0,0.0,0.0,0,0,0,0,0,0,35,5,0,0,0,0,0,0,
348,6.96,transport,transport,transport_left,0,0,0,0,0.3011882799290909,0.6988117200709091,0,0,1.000000034088913,0.9999999862655242,0.25866722135683,2.78297733736708,0.28687238029130124,0.7925933592074121,0.5011310750029311,-0.4139536622942007,0.2813566031449556,-0.02476250539715459,-0.2257129001669948,0.22397704709229335,0.37293191601335685,1.0,0.7457268505962036,0.9774043229333353,0.9774043229333353,0.920415909314472,1,1,1,1,-0.0023468323,-0.00043791905,3.1478905822551977,-0.7696126983060739,0.7925933592074121,3.2839129449946634,-1.0221868050723262,0.7457268505962036,0.3043867482440194,0.2655858818794808,0.1084430814773144,6.658490543782263,0,,0,0.0,0.0,0.0,0.0,0.0,0.0,0,0,0,0,0,0,36,5,0,0,0,0,0,0,
349,6.98,transport,transport,transport_left,0,0,0,0,0.293233677091074,0.706766322908926,0,0,1.000000034088913,0.9999999862655242,0.25866722135683,2.773118718370754,0.28637033894412584,0.7923799590972794,0.49241682320727137,-0.3961084137765042,0.29229295011917217,-0.011716809447712848,-0.16892144014771238,0.2102171090320551,0.332962017462417,1.0,0.7461491175707956,0.9761378786803674,0.9761378786803674,0.9222798052508899,1,1,1,1,-0.0022272356,-0.00057506934,3.139945039972175,-0.7637524901249532,0.7923799590972794,3.277772239188236,-1.0147736728630434,0.7461491175707956,0.30314215572717196,0.2660116404073241,0.10604611352981297,6.367704906137372,0,,0,0.0,0.0,0.0,0.0,0.0,0.0,0,0,0,0,0,0,37,5,0,0,0,0,0,0,
350,7.0,transport,transport,transport_left,0,0,0,0,0.2857059618824558,0.7142940381175442,0,0,1.000000034088913,0.9999999862655242,0.25866722135683,2.763479892018109,0.2857749079710977,0.7922383324408818,0.4875737280397183,-0.38242297726188224,0.30245254854380343,0.001806271315544058,-0.12124507754064826,0.2200888810603645,0.3070420732421876,1.0,0.7466598998938959,0.9749914577333656,0.9749914577333656,0.924084410246129,1,1,1,1,-0.0021955855,-0.0006308295,3.1322919438375263,-0.7578829237171145,0.7922383324408818,3.2718326610884865,-1.0072735535630992,0.7466598998938959,0.3020377462265684,0.2663095435275131,0.10366544772515555,6.10610844661792,0,,0,0.0,0.0,0.0,0.0,0.0,0.0,0,0,0,0,0,0,38,5,0,0,0,0,0,0,
351,7.0200000000000005,transport,transport,transport_left,0,0,0,0,0.27854101839366696,0.721458981606333,0,0,1.000000034088913,0.9999999862655242,0.25866722135683,2.7539643164491268,0.28512294041308167,0.7921659498668501,0.4802299368395562,-0.3699688755501323,0.3061650429869686,0.0026057271312464126,-0.1349032126763675,0.21385555994080957,0.28869023059266224,1.0,0.7472380636673013,0.9739876348658976,0.9739876348658976,0.9262793970087111,1,1,1,1,-0.002065722,-0.00079076365,3.1248895493651565,-0.7519029802666398,0.7921659498668501,3.266060994361035,-0.9996240214956348,0.7472380636673013,0.3010563432502752,0.2665092448532492,0.10133071379178453,5.898809844383225,0,,0,0.0,0.0,0.0,0.0,0.0,0.0,0,0,0,0,0,0,39,5,0,0,0,0,0,0,
352,7.04,transport,transport,transport_left,0,0,0,0,0.27201652632014034,0.7279834736798596,0,0,1.000000034088913,0.9999999862655242,0.25866722135683,2.7446070563919207,0.28438902453036063,0.7920553780612161,0.4723300764958956,-0.35922057072929925,0.3066858461925962,-0.0002728968052220734,-0.1922280470748368,0.20889241904991596,0.2756472791173312,1.0,0.7478322117880318,0.9731751649922671,0.9731751649922671,0.928259864868515,1,1,1,1,-0.0020833202,-0.00080372766,3.1177098824721803,-0.7459017555449488,0.7920553780612161,3.260479426596948,-0.9918569842833027,0.7478322117880318,0.3001644964627551,0.26661672030599165,0.09895777749427617,5.734445398709299,0,,0,0.0,0.0,0.0,0.0,0.0,0.0,0,0,0,0,0,0,40,5,0,0,0,0,0,0,
353,7.0600000000000005,transport,transport,transport_left,0,0,0,0,0.26584355675965976,0.7341564432403402,0,0,1.000000034088913,0.9999999862655242,0.25866722135683,2.7352670219425614,0.2836938626549237,0.7919522966652058,0.4599914995864807,-0.34711000123390673,0.3014307134496785,-0.01569559570180136,-0.3180450766019167,0.17719702997736034,0.2715721331894063,1.0,0.7484189047078271,0.972580179545462,0.972580179545462,0.9305053858066462,1,1,1,1,-0.0019877888,-0.000931669,3.1107341241861333,-0.7396802378641832,0.7919522966652058,3.255058712879349,-0.9839190980126142,0.7484189047078271,0.2993310634805971,0.26671192922149606,0.0966796489392591,5.628012887305253,0,,0,0.0,0.0,0.0,0.0,0.0,0.0,0,0,0,0,0,0,41,5,0,0,0,0,0,0,
354,7.08,transport,transport,transport_left,0,0,0,0,0.26036428014980506,0.7396357198501949,0,0,1.000000034088913,0.9999999862655242,0.25866722135683,2.725947489541741,0.2830789665394755,0.7917824774641711,0.4676564272260252,-0.33881491712826173,0.32224988853372344,-0.007873702888892048,-0.24699386385252176,0.17746135120911108,0.2665925704937516,1.0,0.7489609244462283,0.9722407843463918,0.9722407843463918,0.9325081318750444,1,1,1,1,-0.001953844,-0.0009973682,3.10395413108078,-0.7332532766738706,0.7917824774641711,3.2498396363200763,-0.9758457758533232,0.7489609244462283,0.29849976086658203,0.2668469036905916,0.09447979301311811,5.563525676647579,0,,0,0.0,0.0,0.0,0.0,0.0,0.0,0,0,0,0,0,0,42,5,0,0,0,0,0,0,
355,7.1000000000000005,transport,transport,transport_left,0,0,0,0,0.25535036952010715,0.7446496304798929,0,0,1.000000034088913,0.9999999862655242,0.25866722135683,2.7166281643723043,0.28252999140234797,0.7914405522057293,0.47082535414624116,-0.3287626319100964,0.336685636399133,-0.015311048592132226,-0.251015044686852,0.15914037209620643,0.2662551371343731,1.0,0.7494414314746786,0.9721657516907873,0.9721657516907873,0.9347047646852628,1,1,1,1,-0.0018785335,-0.00110716,3.0973795920186804,-0.7265768505532628,0.7914405522057293,3.2448074292476417,-0.967591847704481,0.7494414314746786,0.2976942227742418,0.2670012234260464,0.09237717646045096,5.599571322868893,0,,0,0.0,0.0,0.0,0.0,0.0,0.0,0,0,0,0,0,0,43,5,0,0,0,0,0,0,
356,7.12,transport,transport,transport_left,0,0,0,0,0.2514432752690519,0.7485567247309481,0,0,1.000000034088913,0.9999999862655242,0.25866722135683,2.707239025320018,0.282180001065942,0.7909931677400525,0.47765282506952567,-0.3173483217630855,0.35640605681459675,-0.020420250657679617,-0.23247225649232922,0.14141939733072745,0.26145486459564754,1.0,0.7498266778355583,0.9723567185010799,0.9723567185010799,0.9367521925047646,1,1,1,1,-0.0017705746,-0.0012407191,3.0910277317872974,-0.7195192220231983,0.7909931677400525,3.2399971830828793,-0.9591724205878498,0.7498266778355583,0.2968482808411662,0.26727877378474474,0.0904854136626357,5.724357116242387,0,,0,0.0,0.0,0.0,0.0,0.0,0.0,0,0,0,0,0,0,44,5,0,0,0,0,0,0,
357,7.140000000000001,transport,transport,transport_left,0,0,0,0,0.248688529106145,0.751311470893855,0,0,1.000000034088913,0.9999999862655242,0.25866722135683,2.6979134884490414,0.2818178115983406,0.7901510171806919,0.4766292469200035,-0.2983456251979702,0.36880778897695565,-0.04632646905054762,-0.3096451348857575,0.09274760562592875,0.26816672707298606,1.0,0.7500405256140393,0.9727805039207489,0.9727805039207489,0.9389043960116037,1,1,1,1,-0.0017075129,-0.0013434179,3.084984698967591,-0.7121846236337774,0.7901510171806919,3.2354425074637185,-0.9504779865220886,0.7500405256140393,0.2960846908244958,0.26750466799403694,0.08867091707813705,5.909417010354272,0,,0,0.0,0.0,0.0,0.0,0.0,0.0,0,0,0,0,0,0,45,5,0,0,0,0,0,0,
358,7.16,transport,transport,transport_left,0,0,0,0,0.24668963918604744,0.7533103608139525,0,0,1.000000034088913,0.9999999862655242,0.25866722135683,2.688418269964476,0.2813692060754759,0.7889103189097822,0.4910805105699738,-0.3014285336947012,0.3823186084035269,-0.06429143492502871,-0.343872987963471,0.036959284088726764,0.2799458247069199,1.0,0.7500406691980112,0.97356499600553,0.97356499600553,0.9411963210460735,1,1,1,1,-0.0016970672,-0.0013979264,3.0789730172631886,-0.7045422189937766,0.7889103189097822,3.2308955106096673,-0.9413716642554094,0.7500406691980112,0.2954056807959537,0.26764010352820244,0.0868182302915504,5.914392406727374,0,,0,0.0,0.0,0.0,0.0,0.0,0.0,0,0,0,0,0,0,46,5,0,0,0,0,0,0,
359,7.18,transport,transport,transport_left,0,0,0,0,0.24281779376301035,0.7571822062369896,0,0,1.000000034088913,0.9999999862655242,0.25866722135683,2.6785262875629816,0.28145845879031023,0.7876502856551443,0.5194376611714672,-0.30039114797102123,0.4194415286371106,-0.06041064573814711,-0.18123261218066467,0.061623704892041095,0.3123283256667326,1.0,0.749684995763125,0.9746028232145734,0.9746028232145734,0.9429118754544376,1,1,1,1,-0.0015471615,-0.0015688725,3.072963849676637,-0.696267708536777,0.7876502856551443,3.226543649724549,-0.9321323074952899,0.749684995763125,0.2943950167855581,0.2682276710149525,0.08528059876965681,6.3345030617489035,0,,0,0.0,0.0,0.0,0.0,0.0,0.0,0,0,0,0,0,0,47,5,0,0,0,0,0,0,
360,7.2,transport,transport,transport_left,0,0,0,0,0.24336319716568527,0.7566368028343147,0,0,1.000000034088913,0.9999999862655242,0.25866722135683,2.668396643791175,0.2819030319720854,0.786023737391141,0.5374993519813542,-0.2957412957493076,0.44077701295164223,-0.08460652588497017,-0.14482727767611606,0.03072326095019192,0.30518244784246906,1.0,0.7486134207133146,0.9755718581542693,0.9755718581542693,0.9440421341408242,1,1,1,1,-0.0014872141,-0.0016469993,3.067046596612086,-0.6875008750548905,0.786023737391141,3.222575773432161,-0.9226178557107428,0.7486134207133146,0.293061190951226,0.26916768890300324,0.08377394992281707,6.986733640318755,0,,0,0.0,0.0,0.0,0.0,0.0,0.0,0,0,0,0,0,0,48,5,0,0,0,0,0,0,
361,7.22,transport,transport,transport_left,0,0,0,0,0.2461217502383355,0.7538782497616645,0,0,1.000000034088913,0.9999999862655242,0.25866722135683,2.658133055903967,0.28231507973668263,0.7843077424578417,0.5445573444788949,-0.30046125930540213,0.44613687090148035,-0.08501544274279635,0.10822680087567263,0.0730343889135083,0.33834366328722054,1.0,0.7463224268593251,0.9761106771204267,0.9761106771204267,0.9441954964444307,1,1,1,1,-0.0015245564,-0.0016534217,3.0610652227951634,-0.6785951497910032,0.7843077424578417,3.218955031273351,-0.9126306441619442,0.7463224268593251,0.29148481585488234,0.2702167330661589,0.0817601456565587,7.615778712099307,0,,0,0.0,0.0,0.0,0.0,0.0,0.0,0,0,0,0,0,0,49,5,0,0,0,0,0,0,
362,7.24,transport,transport,transport_left,0,0,0,0,0.24776608325030466,0.7522339167496953,0,0,1.000000034088913,0.9999999862655242,0.25866722135683,2.647577373537562,0.2821706705566853,0.7826001675225356,0.5545603224268766,-0.3246367864794366,0.44144614275077665,-0.08528429588715017,-0.06973632682184996,0.06401280081283846,0.3461946420967145,1.0,0.7437073162240966,0.975673216000746,0.975673216000746,0.9437949743269096,1,1,1,1,-0.0016543604,-0.0015418865,3.0546652119516384,-0.6697356082961985,0.7826001675225356,3.2149052414469286,-0.9019928369668213,0.7437073162240966,0.29018177615155105,0.27083165828358224,0.07918648997003457,7.857226174014365,0,,0,0.0,0.0,0.0,0.0,0.0,0.0,0,0,0,0,0,0,50,5,0,0,0,0,0,0,
363,7.26,transport,transport,transport_left,0,0,0,0,0.24476841144589997,0.7552315885541,0,0,1.000000034088913,0.9999999862655242,0.25866722135683,2.636908236251777,0.28154053392180617,0.7812602683588195,0.5459457564280383,-0.3544687934480178,0.41040021353303513,-0.06308968350949794,-0.1529218678467779,0.011318137549447368,0.42698565248181986,1.0,0.7428359294100155,0.9758736149063967,0.9758736149063967,0.9449519516872892,1,1,1,1,-0.0017950423,-0.0013882257,3.0476551830660705,-0.6614431928049465,0.7812602683588195,3.210596436591076,-0.8910411460638455,0.7428359294100155,0.28888164971247254,0.27119314972761466,0.07562636961927556,7.9689225481036745,0,,0,0.0,0.0,0.0,0.0,0.0,0.0,0,0,0,0,0,0,51,5,0,0,0,0,0,0,
364,7.28,transport,transport,transport_left,0,0,0,0,0.2383105948009946,0.7616894051990054,0,0,1.000000034088913,0.9999999862655242,0.25866722135683,2.6262211541421983,0.28182236830996027,0.7806955444228467,0.5377392398156127,-0.3788835974914258,0.3809038337678286,-0.02286873434186177,-0.08266765816201942,-0.05593364002010037,0.5449642760777832,1.0,0.7424306763319624,0.976333513414422,0.976333513414422,0.945610242429747,1,1,1,1,-0.0018760599,-0.0013209917,3.0401237899524736,-0.6537631803412116,0.7806955444228467,3.2068802614201246,-0.8809550078867758,0.7424306763319624,0.2864551401877983,0.2726066363089308,0.07148055064257168,8.232888503829074,0,,0,0.0,0.0,0.0,0.0,0.0,0.0,0,0,0,0,0,0,52,5,0,0,0,0,0,0,
365,7.3,transport,transport,transport_left,0,0,0,0,0.23167552997737256,0.7683244700226275,0,0,1.000000034088913,0.9999999862655242,0.25866722135683,2.615706006947847,0.28252202295368734,0.7809607917504667,0.5255223366763818,-0.3902323840061312,0.3514849572436917,0.01872799108543153,0.03011954701255723,-0.07132020110220795,0.6790909946822389,1.0,0.7424989486302349,0.9768988743393,0.9768988743393,0.9455958494744663,1,1,1,1,-0.0019177981,-0.0013165958,3.032320774838339,-0.6466907319638442,0.7809607917504667,3.203358906399552,-0.8715565830971211,0.7424989486302349,0.28358453201174033,0.27445318787047823,0.067038355600177,8.545529748129574,0,,0,0.0,0.0,0.0,0.0,0.0,0.0,0,0,0,0,0,0,53,5,0,0,0,0,0,0,
366,7.32,transport,transport,transport_left,0,0,0,0,0.2248411301606043,0.7751588698393956,0,0,1.000000034088913,0.9999999862655242,0.25866722135683,2.605471577740205,0.2832390087144359,0.7819067532023076,0.5134992271285378,-0.39629408990481735,0.32255336107740334,0.05090952588453783,0.0965803936408916,-0.07227720458705113,0.7685533753433265,1.0,0.742995672469558,0.9774587399512333,0.9774587399512333,0.9449577098067727,1,1,1,1,-0.0019730367,-0.0012862869,3.0244010341041365,-0.6402081509991941,0.7819067532023076,3.19974535191846,-0.8626462463600513,0.742995672469558,0.2807633009316711,0.2762693680977166,0.06244655561698069,8.890525220091222,0,,0,0.0,0.0,0.0,0.0,0.0,0.0,0,0,0,0,0,0,54,5,0,0,0,0,0,0,
367,7.34,transport,transport,transport_left,0,0,0,0,0.2181638835239737,0.7818361164760264,0,0,1.000000034088913,0.9999999862655242,0.25866722135683,2.5954927476996805,0.2838593499198083,0.783284349746899,0.5040778315565385,-0.4028941077164372,0.2944455178979608,0.0712224348356575,0.11272824744554089,-0.03893342164052531,0.7859492938926164,1.0,0.7438060331550963,0.9779492570850624,0.9779492570850624,0.9441828047986904,1,1,1,1,-0.002036918,-0.0012435503,3.01634780136739,-0.6342962796399995,0.783284349746899,3.1959701833823537,-0.8540960303590723,0.7438060331550963,0.27809855286785545,0.27794302311790986,0.05765246254040837,9.254460792821172,0,,0,0.0,0.0,0.0,0.0,0.0,0.0,0,0,0,0,0,0,55,5,0,0,0,0,0,0,
368,7.36,transport,transport,transport_left,0,0,0,0,0.2114333851392821,0.7885666148607179,0,0,1.000000034088913,0.9999999862655242,0.25866722135683,2.5857412990531885,0.2843539929931093,0.7849563981854966,0.49697581833856375,-0.40682096121840616,0.2724635481560241,0.08511923667918532,0.11521635867871217,0.0020644434848011706,0.7915202923906014,1.0,0.7448101165768578,0.9784232597207337,0.9784232597207337,0.9434194555060598,1,1,1,1,-0.0020885207,-0.0012297966,3.0082154335777367,-0.62884284681728,0.7849563981854966,3.1919885122462808,-0.8458328209815495,0.7448101165768578,0.27567946586891157,0.27941638675396074,0.05276055481594469,9.585934842397037,0,,0,0.0,0.0,0.0,0.0,0.0,0.0,0,0,0,0,0,0,56,5,0,0,0,0,0,0,
369,7.38,transport,transport,transport_left,0,0,0,0,0.20433463458888618,0.7956653654111139,0,0,1.000000034088913,0.9999999862655242,0.25866722135683,2.5761601217968,0.2848001849789577,0.7868117105915714,0.49223784745413,-0.4098705572501075,0.2560249785466,0.09357048212964772,0.1100128232681881,0.03685513868562268,0.7844697497345631,1.0,0.7458797648355051,0.9788661531429759,0.9788661531429759,0.9427133450238828,1,1,1,1,-0.0021339245,-0.0012244023,3.0000259082829723,-0.6237295095835814,0.7868117105915714,3.1877700703975393,-0.8378866363759152,0.7458797648355051,0.27349438912886453,0.2807381495264343,0.047929497853847286,9.868421052128674,0,,0,0.0,0.0,0.0,0.0,0.0,0.0,0,0,0,0,0,0,57,5,0,0,0,0,0,0,
370,7.4,transport,transport,transport_left,0,0,0,0,0.19697022163295597,0.803029778367044,0,0,1.000000034088913,0.9999999862655242,0.25866722135683,2.5663602086203934,0.28562028390741584,0.7896503121874894,0.5265267101868649,-0.42219410994429324,0.2711555419184021,0.15955307002839694,0.11383242032783654,0.2671399330707205,0.7111190433138455,1.0,0.7469121849871168,0.9792695019910601,0.9792695019910601,0.9421554447719462,1,1,1,1,-0.0019378997,-0.0013928749,2.9916622821071837,-0.6184827013801972,0.7896503121874894,3.183320204273358,-0.8302518857538863,0.7469121849871168,0.2712155900025935,0.2822918639262708,0.043477007031126835,10.043773448253198,0,,0,0.0,0.0,0.0,0.0,0.0,0.0,0,0,0,0,0,0,58,5,0,0,0,0,0,0,
371,7.42,transport,transport,transport_left,0,0,0,0,0.18926128978547851,0.8107387102145215,0,0,1.000000034088913,0.9999999862655242,0.25866722135683,2.5561923540771274,0.28691722787128293,0.7933511539196489,0.5535669031522673,-0.4441635222414156,0.27064214961436034,0.18949382213626223,0.12986642895451248,0.3727266913235283,0.6285708723444061,1.0,0.7478253729926838,0.9796217871075948,0.9796217871075948,0.9416707311890444,1,1,1,1,-0.0020147897,-0.0013004877,2.9829119714534595,-0.6131272869834119,0.7933511539196489,3.1786512704534755,-0.8229072251956348,0.7478253729926838,0.26865077344003974,0.2842256887085547,0.03920782482476502,10.137927768054206,0,,0,0.0,0.0,0.0,0.0,0.0,0.0,0,0,0,0,0,0,59,5,0,0,0,0,0,0,
372,7.44,transport,transport,transport_left,0,0,0,0,0.18106102706152533,0.8189389729384746,0,0,1.000000034088913,0.9999999862655242,0.25866722135683,2.5461824481221256,0.2880434517144167,0.7963941002499858,0.5288186675151625,-0.44360901134041286,0.24825052297177416,0.1457117222955449,0.10139042538769288,0.26276402502649027,0.6293188216631517,1.0,0.748670163981839,0.9798878551416251,0.9798878551416251,0.941255677185767,1,1,1,1,-0.002152104,-0.0012533404,2.9740543278147396,-0.6081525887558292,0.7963941002499858,3.1737558229847496,-0.8157299066458578,0.748670163981839,0.26635075996521673,0.28593300249227915,0.034804427323342046,10.22214726218679,0,,0,0.0,0.0,0.0,0.0,0.0,0.0,0,0,0,0,0,0,60,5,0,0,0,0,0,0,
373,7.46,transport,transport,transport_left,0,0,0,0,0.17263800066906607,0.8273619993309339,0,0,1.000000034088913,0.9999999862655242,0.25866722135683,2.5359361289635545,0.28936639202998393,0.799985951449174,0.5601004986693351,-0.46008019057125155,0.2589819884604724,0.18699496385362474,0.12992807453086969,0.378963522498063,0.5480771690059731,1.0,0.7493892158426827,0.9800801895868698,0.9800801895868698,0.9407124664200563,1,1,1,1,-0.0020331778,-0.0013680495,2.965000522927057,-0.6030424738859569,0.799985951449174,3.1685856894105395,-0.8086780467432402,0.7493892158426827,0.26404564769531996,0.2877389134269175,0.030646803036323528,10.205088526353666,0,,0,0.0,0.0,0.0,0.0,0.0,0.0,0,0,0,0,0,0,61,5,0,0,0,0,0,0,
374,7.48,transport,transport,transport_left,0,0,0,0,0.1637457698462204,0.8362542301537796,0,0,1.000000034088913,0.9999999862655242,0.25866722135683,2.5256963794018397,0.29057542125085184,0.8030988139992222,0.5476523200050034,-0.46856705826836725,0.24090097812718897,0.14944796502446864,0.004296264356781675,0.3233418900895428,0.5032835514357997,1.0,0.7499478893317039,0.9802184216219987,0.9802184216219987,0.9402349725799222,1,1,1,1,-0.0022216924,-0.0012227334,2.9557627905088113,-0.5981659129841138,0.8030988139992222,3.1631288765092154,-0.8017178272762251,0.7499478893317039,0.2619611864425646,0.28937310202973987,0.02640612157806868,10.144544900175138,0,,0,0.0,0.0,0.0,0.0,0.0,0.0,0,0,0,0,0,0,62,5,0,0,0,0,0,0,
375,7.5,transport,transport,transport_left,0,0,0,0,0.15436425883170743,0.8456357411682925,0,0,1.000000034088913,0.9999999862655242,0.25866722135683,2.515311814611651,0.29176352411370887,0.8061011654368752,0.5547091545941177,-0.47589200806053394,0.24339648809304215,0.1482807891758304,-0.015738925644706775,0.34139959225980043,0.4745959217863205,1.0,0.7503337357338098,0.9803144119994105,0.9803144119994105,0.9401762431564887,1,1,1,1,-0.002249498,-0.0012105145,2.94633577986098,-0.59328928108515,0.8061011654368752,3.1573446678968806,-0.7947866834830559,0.7503337357338098,0.2600408955036092,0.29091335151721076,0.02225704185813074,10.017884511542013,0,,0,0.0,0.0,0.0,0.0,0.0,0.0,0,0,0,0,0,0,63,5,0,0,0,0,0,0,
376,7.5200000000000005,transport,transport,transport_left,0,0,0,0,0.14459016441033554,0.8554098355896644,0,0,1.000000034088913,0.9999999862655242,0.25866722135683,2.504753751798331,0.2929084725985551,0.8088777504745974,0.5602931249063328,-0.4864930680731692,0.24298713079995432,0.13494493247122713,-0.05049857852237956,0.3328982062928269,0.4439010454243123,1.0,0.7504818332706478,0.980379502728681,0.980379502728681,0.9403901603289138,1,1,1,1,-0.0023044087,-0.0011926778,2.9366727990703803,-0.5884237476691129,0.8088777504745974,3.1511828659858963,-0.7878750061557902,0.7504818332706478,0.25829698150027225,0.29234367515260595,0.018181004325562328,9.826290783391226,0,,0,0.0,0.0,0.0,0.0,0.0,0.0,0,0,0,0,0,0,64,5,0,0,0,0,0,0,
377,7.54,transport,transport,transport_left,0,0,0,0,0.1343923185026741,0.8656076814973259,0,0,1.000000034088913,0.9999999862655242,0.25866722135683,2.4940973145849923,0.2938666154688901,0.8111276164637551,0.5663088139572162,-0.4932973222229552,0.2502324473659896,0.1214378315786233,-0.001008065845672628,0.32729262297770084,0.44201135780999434,1.0,0.7503537581045562,0.9804129107223829,0.9804129107223829,0.9407450817992467,1,1,1,1,-0.0023281164,-0.0012018271,2.9268845532829317,-0.5835521803240405,0.8111276164637551,3.1445835353929046,-0.780947065960478,0.7503537581045562,0.25687792771955004,0.29351937994331834,0.014281501490755438,9.571243415965684,0,,0,0.0,0.0,0.0,0.0,0.0,0.0,0,0,0,0,0,0,65,5,0,0,0,0,0,0,
378,7.5600000000000005,transport,transport,transport_left,0,0,0,0,0.1239966576207309,0.8760033423792691,0,0,1.000000034088913,0.9999999862655242,0.25866722135683,2.483250765616381,0.2946482907087615,0.8129579435267663,0.5706442928787373,-0.5026483595863432,0.25226878088148486,0.09664366400753681,-0.006260696381150926,0.3066285369124594,0.43345154548545506,1.0,0.7498783148546587,0.9803881335841613,0.9803881335841613,0.9410326811800492,1,1,1,1,-0.0023738928,-0.0011731572,2.916893833425379,-0.5786236316370302,0.8129579435267663,3.137464757539654,-0.7739850471032615,0.7498783148546587,0.2557611362831837,0.29445805125884505,0.010586371731532207,9.263780381936742,0,,0,0.0,0.0,0.0,0.0,0.0,0.0,0,0,0,0,0,0,66,5,0,0,0,0,0,0,
379,7.58,transport,transport,transport_left,0,0,0,0,0.11354706130389565,0.8864529386961043,0,0,1.000000034088913,0.9999999862655242,0.25866722135683,2.4722396391286643,0.2951163722446512,0.81420160141633,0.5738130440189364,-0.5097271968145315,0.25547185451881615,0.06460437959298557,0.02155955865264818,0.26977041382485256,0.42814293620372534,1.0,0.7489978399331441,0.9802549533952859,0.9802549533952859,0.9412444517356308,1,1,1,1,-0.0024154373,-0.001142744,2.9067455147737116,-0.5736233820050174,0.81420160141633,3.1297266178270986,-0.7669446194517561,0.7489978399331441,0.25507153685039397,0.2950292584142016,0.0071700659975898196,8.944881636393026,0,,0,0.0,0.0,0.0,0.0,0.0,0.0,0,0,0,0,0,0,67,5,0,0,0,0,0,0,
380,7.6000000000000005,transport,transport,transport_left,0,0,0,0,0.10358834385253674,0.8964116561474633,0,0,1.000000034088913,0.9999999862655242,0.25866722135683,2.4610681832718573,0.295144580307616,0.8148405547473855,0.5749897819320696,-0.51387041494954,0.25678374210574223,0.02474986375817467,0.018639705975403154,0.21656129632887894,0.4132235678604962,1.0,0.7476270648696327,0.9799720563930314,0.9799720563930314,0.9409067272676979,1,1,1,1,-0.0024275072,-0.0011382736,2.8965129801740774,-0.5684690915439203,0.8148405547473855,3.1212591343745197,-0.7597790219110337,0.7476270648696327,0.2549196306305972,0.2951148229128351,0.004191012059723831,8.643389992500776,0,,0,0.0,0.0,0.0,0.0,0.0,0.0,0,0,0,0,0,0,68,5,0,0,0,0,0,0,
381,7.62,transport,transport,transport_left,0,0,0,0,0.09469858368559313,0.9053014163144069,0,0,1.000000034088913,0.9999999862655242,0.25866722135683,2.4497339258343986,0.29463747949995095,0.8149448935130824,0.5796812539671091,-0.515396522875198,0.2651998238981892,-0.008113803880117652,0.15473508774257155,0.2060861990015081,0.39862574494261105,1.0,0.7456456521778525,0.9794191791914586,0.9794191791914586,0.939598903697502,1,1,1,1,-0.0023645945,-0.001186002,2.8862332298361113,-0.5631124980571256,0.8149448935130824,3.1119722746009697,-0.752461720381204,0.7456456521778525,0.2553737882533623,0.29463224781746444,0.001755810955717696,8.409518881835357,0,,0,0.0,0.0,0.0,0.0,0.0,0.0,0,0,0,0,0,0,69,5,0,0,0,0,0,0,
382,7.640000000000001,transport,transport,transport_left,0,0,0,0,0.08756413585678874,0.9124358641432113,0,0,1.000000034088913,0.9999999862655242,0.25866722135683,2.4382239790982787,0.29351893010748425,0.8152144964688535,0.5889636413174194,-0.5094535876367235,0.29536351241650904,0.009777953309761214,0.7135696680504083,0.274043981021223,0.3646627949565298,1.0,0.7435772153631574,0.9781604816804278,0.9781604816804278,0.9355242679188199,1,1,1,1,-0.0022583045,-0.001257319,2.876096857587688,-0.557304377405126,0.8152144964688535,3.1017836493292212,-0.7449711948365941,0.7435772153631574,0.25648130464145896,0.293518820637143,0.0002535019188891485,8.600878680872867,0,,0,0.0,0.0,0.0,0.0,0.0,0.0,0,0,0,0,0,0,70,5,0,0,0,0,0,0,
383,7.66,transport,transport,transport_left,0,0,0,0,0.08651203036090932,0.9134879696390907,0,0,1.000000034088913,0.9999999862655242,0.25866722135683,2.4269995334354504,0.29148486452610806,0.8151458786573127,0.5626298601119429,-0.47138138271016844,0.3070669224658965,-0.007864899945789452,0.11505101841230359,0.07775835539027978,0.18275038756285156,1.0,0.7427072943714458,0.9774485017904804,0.9774485017904804,0.9328938832440071,1,1,1,1,-0.0020479746,-0.0013152398,2.8665735224404862,-0.5512028205521186,0.8151458786573127,3.0912155117490685,-0.7369429693818381,0.7427072943714458,0.2585170713669698,0.29148395459968063,0.0007283259811919351,8.859464672070539,0,,0,0.0,0.0,0.0,0.0,0.0,0.0,0,0,0,0,0,0,71,5,0,0,0,0,0,0,
384,7.68,transport,transport,transport_left,0,0,0,0,0.08713695082090313,0.9128630491790969,0,0,1.000000034088913,0.9999999862655242,0.25866722135683,2.416198664125045,0.28979308789026903,0.8143766524707133,0.5409467520670478,-0.4458436147980921,0.30335318740154366,-0.0427048405802258,-0.21049459114192795,-0.01837268428450761,0.05680735718862778,1.0,0.7427515548866663,0.9777713267889817,0.9777713267889817,0.9337628018980249,1,1,1,1,-0.00199515,-0.0012640692,2.857599921205982,-0.5451015132814482,0.8143766524707133,3.0811755591690657,-0.7294760448696732,0.7427515548866663,0.2602123592491562,0.2897905108026958,0.0012221447090533244,8.61268961654395,0,,0,0.0,0.0,0.0,0.0,0.0,0.0,0,0,0,0,0,0,72,5,0,0,0,0,0,0,
385,7.7,transport,transport,transport_left,0,0,0,0,0.08366512146854317,0.9163348785314568,0,0,1.000000034088913,0.9999999862655242,0.25866722135683,2.4058097217812255,0.28890582496346956,0.8130001081506041,0.5227300106152517,-0.42945785835125394,0.289077619178053,-0.07243439782675076,-0.35949758404459375,-0.02414119947111794,0.04950395753178487,1.0,0.7426800081333971,0.9784099288354319,0.9784099288354319,0.9359630374425415,1,1,1,1,-0.0020204373,-0.0012069233,2.848966461333518,-0.5392347483800334,0.8130001081506041,3.071917753482046,-0.7229717806493191,0.7426800081333971,0.26110167544388546,0.28890226434383537,0.001434348223973897,8.150105567239484,0,,0,0.0,0.0,0.0,0.0,0.0,0.0,0,0,0,0,0,0,73,5,0,0,0,0,0,0,
386,7.72,transport,transport,transport_left,0,0,0,0,0.07860285701775199,0.9213971429822481,0,0,1.000000034088913,0.9999999862655242,0.25866722135683,2.395856835309425,0.2884926767489043,0.811094217658782,0.5055148473546406,-0.4139402399712408,0.2729526796093838,-0.09846610240379321,-0.4734802292178344,-0.049413650819917596,0.07809505414161995,1.0,0.7425790566630837,0.9791845374695654,0.9791845374695654,0.9389977621362771,1,1,1,1,-0.002038125,-0.0011757202,2.840641210923235,-0.5336786089560611,0.811094217658782,3.063363533773563,-0.7170437949699336,0.7425790566630837,0.2615178678815397,0.2884876630149467,0.0017008309505414654,7.698315293364573,0,,0,0.0,0.0,0.0,0.0,0.0,0.0,0,0,0,0,0,0,74,5,0,0,0,0,0,0,
387,7.74,transport,transport,transport_left,0,0,0,0,0.07354275977482155,0.9264572402251785,0,0,1.000000034088913,0.9999999862655242,0.25866722135683,2.3863449251709596,0.2883995061811079,0.8087860901662728,0.48782668443935856,-0.3961600277060659,0.25914160400261943,-0.11780380118644805,-0.5210073002412011,-0.09718459218058703,0.10172871906179476,1.0,0.7424883437102794,0.9797726735176212,0.9797726735176212,0.9424816455076015,1,1,1,1,-0.0020326115,-0.0011703409,2.8326581317063337,-0.5283999611063965,0.8087860901662728,3.0555049702023807,-0.7114670573793851,0.7424883437102794,0.2616171399979229,0.2883915883861947,0.0021370338309292247,7.304300269324547,0,,0,0.0,0.0,0.0,0.0,0.0,0.0,0,0,0,0,0,0,75,5,0,0,0,0,0,0,
388,7.76,transport,transport,transport_left,0,0,0,0,0.06871990962576831,0.9312800903742317,0,0,1.000000034088913,0.9999999862655242,0.25866722135683,2.377287542363137,0.2882442974028475,0.8062327976516195,0.4681475017106731,-0.37650904228557414,0.24668987346500915,-0.12863565122065582,-0.5295668633892688,-0.14544181402992698,0.13031181691442356,1.0,0.7425164021692808,0.9802021851482519,0.9802021851482519,0.9460654103629182,1,1,1,1,-0.0020082481,-0.0011811443,2.8250581030136503,-0.5233709810722652,0.8062327976516195,3.0480673082300593,-0.7059953753190547,0.7425164021692808,0.26178233010462976,0.28823162420931986,0.0027029226623421776,6.951576844230171,0,,0,0.0,0.0,0.0,0.0,0.0,0.0,0,0,0,0,0,0,76,5,0,0,0,0,0,0,
389,7.78,transport,transport,transport_left,0,0,0,0,0.06404582535605362,0.9359541746439464,0,0,1.000000034088913,0.9999999862655242,0.25866722135683,2.3686588326168843,0.28784654934858805,0.8036160855771676,0.4481129789796727,-0.35802046969944445,0.23577426176279914,-0.1305261762882559,-0.517038834871553,-0.180457054225181,0.1590646082845406,1.0,0.7426933181311989,0.9806007089455899,0.9806007089455899,0.9495439786440925,1,1,1,1,-0.0019715168,-0.0012018569,2.8178276751235587,-0.5185675403280074,0.8036160855771676,3.040906042473624,-0.7004787219313342,0.7426933181311989,0.26219581746638393,0.28782635388638533,0.0034096891879479285,6.650131307093103,0,,0,0.0,0.0,0.0,0.0,0.0,0.0,0,0,0,0,0,0,77,5,0,0,0,0,0,0,
390,7.8,transport,transport,transport_left,0,0,0,0,0.05959279447461822,0.9404072055253818,0,0,1.000000034088913,0.9999999862655242,0.25866722135683,2.3604007658936434,0.28722007372096625,0.8011061250334063,0.4285068394451941,-0.34077375260690623,0.22817606278782626,-0.12420565750464971,-0.5014969170484181,-0.1894968447526706,0.17576057070143372,1.0,0.7430011595032893,0.9809480778390406,0.9809480778390406,0.9528408277928585,1,1,1,1,-0.0019096918,-0.0012423582,2.810942554263276,-0.5139283357681924,0.8011061250334063,3.0339803019468636,-0.6948966585667131,0.7430011595032893,0.2628445349866174,0.287189201069042,0.004211120706254012,6.3933087645125255,0,,0,0.0,0.0,0.0,0.0,0.0,0.0,0,0,0,0,0,0,78,5,0,0,0,0,0,0,
391,7.82,transport,transport,transport_left,0,0,0,0,0.05538357510990185,0.9446164248900981,0,0,1.000000034088913,0.9999999862655242,0.25866722135683,2.35222843448944,0.2866408243780566,0.7992611378812702,0.4174909897887981,-0.3314462547862943,0.23859729106079205,-0.08668009830071086,-0.273719469779381,-0.06471861450660285,0.1946851393461188,1.0,0.7434041737405962,0.9812335240275183,0.9812335240275183,0.955098616092011,1,1,1,1,-0.0017539449,-0.0013593175,2.8042838452054455,-0.5091516088247249,0.7992611378812702,3.0272758660100534,-0.689255803272298,0.7434041737405962,0.26344729863396577,0.2865986209478163,0.004918604572622248,6.120103833453896,0,,0,0.0,0.0,0.0,0.0,0.0,0.0,0,0,0,0,0,0,79,5,0,0,0,0,0,0,
392,7.84,transport,transport,transport_left,0,0,0,0,0.051196254409932744,0.9488037455900673,0,0,1.000000034088913,0.9999999862655242,0.25866722135683,2.3441937701441695,0.2860276060242609,0.7978476842080693,0.4046979227403279,-0.3182121903925972,0.2399306309920508,-0.07038965028779592,-0.33328585611910566,-0.09098134484293907,0.18755460893919948,1.0,0.7438795029145643,0.9814161684310168,0.9814161684310168,0.956790236820759,1,1,1,1,-0.0016552545,-0.0014194734,2.7978598313921434,-0.504308685923639,0.7978476842080693,3.0207699008656435,-0.6835372894870468,0.7438795029145643,0.26408608178200077,0.28597302983363665,0.005587272656654124,5.852771073337177,0,,0,0.0,0.0,0.0,0.0,0.0,0.0,0,0,0,0,0,0,80,5,0,0,0,0,0,0,
393,7.86,transport,transport,transport_left,0,0,0,0,0.04713884363131323,0.9528611563686867,0,0,1.000000034088913,0.9999999862655242,0.25866722135683,2.336278572857839,0.2852820260648143,0.7966934723234914,0.40030781314247266,-0.30867418706542266,0.24966479995370247,-0.051323280940397994,-0.24189959160427107,-0.014200813202627012,0.18685808511471783,1.0,0.7444377496340973,0.9815327382132184,0.9815327382132184,0.9586392154759649,1,1,1,1,-0.0015418418,-0.0015095808,2.791687289110063,-0.49935132353129524,0.7966934723234914,3.0143668181792416,-0.6776759200657448,0.7444377496340973,0.26485577548585654,0.2852156841703919,0.006152064601469193,5.603487002582876,0,,0,0.0,0.0,0.0,0.0,0.0,0.0,0,0,0,0,0,0,81,5,0,0,0,0,0,0,
394,7.88,transport,transport,transport_left,0,0,0,0,0.04346195577206543,0.9565380442279345,0,0,1.000000034088913,0.9999999862655242,0.25866722135683,2.3284672631140757,0.2844105553650688,0.7957163640721633,0.3899540763825857,-0.29236621025947784,0.25299041641292885,-0.0508136791535423,-0.3495543672897883,-0.08215940475519035,0.17175563606598024,1.0,0.745053331142323,0.981581075689796,0.981581075689796,0.9604993939371802,1,1,1,1,-0.001442615,-0.0015926547,2.785772600803851,-0.4942476958013738,0.7957163640721633,3.0080584716680607,-0.671669102675535,0.745053331142323,0.26574693296035773,0.28433448329566363,0.006577660074437941,5.374516895919087,0,,0,0.0,0.0,0.0,0.0,0.0,0.0,0,0,0,0,0,0,82,5,0,0,0,0,0,0,
395,7.9,transport,transport,transport_left,0,0,0,0,0.040260698048528734,0.9597393019514713,0,0,1.000000034088913,0.9999999862655242,0.25866722135683,2.3207023474187434,0.28344894949588445,0.7949297605147386,0.3885310219386993,-0.2827036041141183,0.26368256045851024,-0.038814102329720275,-0.32455823077385315,-0.054464393503236064,0.1567102417056457,1.0,0.7457233383735297,0.9816006964397972,0.9816006964397972,0.9621699157163123,1,1,1,1,-0.0013525672,-0.0016672947,2.78007594884953,-0.48895572932981196,0.7949297605147386,3.00183130284399,-0.6654999729207947,0.7457233383735297,0.26672234524762145,0.28336590683266283,0.006860744509388589,5.146585231571119,0,,0,0.0,0.0,0.0,0.0,0.0,0.0,0,0,0,0,0,0,83,5,0,0,0,0,0,0,
396,7.92,transport,transport,transport_left,0,0,0,0,0.0373527382267845,0.9626472617732155,0,0,1.000000034088913,0.9999999862655242,0.25866722135683,2.312923304493749,0.28243964078077716,0.7942996173566611,0.39334631977774714,-0.2765392437321412,0.2784333974811239,-0.02687409767548621,-0.25335349177003363,0.007896589207140241,0.13919052426627596,1.0,0.7464462058537542,0.9815967056978256,0.9815967056978256,0.9638743232809223,1,1,1,1,-0.0012456365,-0.0017574616,2.774556746926782,-0.4834293802337174,0.7942996173566611,2.9956795983116047,-0.659147436448268,0.7464462058537542,0.26773881599416505,0.28235279735856106,0.007003464012174193,4.928274455455919,0,,0,0.0,0.0,0.0,0.0,0.0,0.0,0,0,0,0,0,0,84,5,0,0,0,0,0,0,
397,7.94,transport,transport,transport_left,0,0,0,0,0.0348240689213811,0.9651759310786189,0,0,1.000000034088913,0.9999999862655242,0.25866722135683,2.3050775227635665,0.28144935880188626,0.793802323867352,0.3952298681229254,-0.267257902538991,0.2901304309339426,-0.024580383093209607,-0.3157893463581517,-0.04188408458749937,0.11400153870129173,1.0,0.7472093745821357,0.9815716073204346,0.9815716073204346,0.9654614868983993,1,1,1,1,-0.0011455752,-0.0018384643,2.7691832998785517,-0.47762410598518434,0.793802323867352,2.9896342784602754,-0.6525958397376774,0.7472093745821357,0.2687300194374925,0.2813617438391981,0.007022155919547024,4.714717042769637,0,,0,0.0,0.0,0.0,0.0,0.0,0.0,0,0,0,0,0,0,85,5,0,0,0,0,0,0,
398,7.96,transport,transport,transport_left,0,0,0,0,0.03259854767709072,0.9674014523229093,0,0,1.000000034088913,0.9999999862655242,0.25866722135683,2.297121624565979,0.28048973950056827,0.793351392911079,0.4035410122118034,-0.26135535717436664,0.3066743323212664,-0.022126448167103553,-0.31584049684341803,-0.04886911233515481,0.09200971954570467,1.0,0.7479967767659532,0.981587502891658,0.981587502891658,0.9671131210643058,1,1,1,1,-0.0010390319,-0.0019285269,2.7639340079712373,-0.4714974462270897,0.793351392911079,2.9836825268631975,-0.6458106195958472,0.7479967767659532,0.26968413403760727,0.28040451073952954,0.006914066966821564,4.5165292275123035,0,,0,0.0,0.0,0.0,0.0,0.0,0.0,0,0,0,0,0,0,86,5,0,0,0,0,0,0,
399,7.98,transport,transport,transport_left,0,0,0,0,0.030792406363208444,0.9692075936367915,0,0,1.000000034088913,0.9999999862655242,0.25866722135683,2.2889605204300802,0.2796800301337085,0.7929453087283715,0.41762121635719107,-0.25819476298173716,0.3276345218571127,-0.01996408795626543,-0.29978506560916757,-0.05241607474910785,0.0707373113052506,1.0,0.748772539986659,0.9816708237655607,0.9816708237655607,0.9686719964725301,1,1,1,1,-0.00092189386,-0.0020297505,2.758755261811781,-0.46496428396260225,0.7929453087283715,2.9778587471918634,-0.6387877057155182,0.748772539986659,0.270481738614135,0.2796004984835154,0.006669370537148944,4.34898842459309,0,,0,0.0,0.0,0.0,0.0,0.0,0.0,0,0,0,0,0,0,87,5,0,0,0,0,0,0,
400,8.0,transport,transport,transport_left,0,0,0,0,0.02958779968657032,0.9704122003134297,0,0,1.000000034088913,0.9999999862655242,0.25866722135683,2.280502431661072,0.27913597744708846,0.7925524268348065,0.43716466700567164,-0.2574886020546008,0.35274976374953065,-0.01949795027169525,-0.27719779562496527,-0.06147006242074123,0.049747168956099985,1.0,0.7494873521165505,0.9818348379934506,0.9818348379934506,0.9701033040024283,1,1,1,1,-0.00079594925,-0.0021402277,2.7535963027672836,-0.4579408449376345,0.7925524268348065,2.9722018285699514,-0.6315165287008869,0.7494873521165505,0.2710076618173479,0.27906521921966865,0.006284689906412122,4.23491075311813,0,,0,0.0,0.0,0.0,0.0,0.0,0.0,0,0,0,0,0,0,88,5,0,0,0,0,0,0,
401,8.02,transport,transport,transport_left,0,0,0,0,0.029227031521257937,0.9707729684787421,0,0,1.000000034088913,0.9999999862655242,0.25866722135683,2.2716738381608863,0.27893377975656175,0.7921299910195664,0.46118468859768935,-0.2586570988740694,0.3812305294419674,-0.021239247171094443,-0.24865018707516862,-0.07395975207162885,0.028136958572608464,1.0,0.7500680631443546,0.9820793208328384,0.9820793208328384,0.9713950905228492,1,1,1,1,-0.0006643273,-0.0022578724,2.7484173683783357,-0.4503581943715495,0.7921299910195664,2.9667384072599954,-0.6239668850264674,0.7500680631443546,0.27118721665935447,0.2788741336453041,0.005768108256887561,4.200485418702411,0,,0,0.0,0.0,0.0,0.0,0.0,0.0,0,0,0,0,0,0,89,5,0,0,0,0,0,0,
402,8.040000000000001,transport,transport,transport_left,0,0,0,0,0.029957366342796266,0.9700426336572038,0,0,1.000000034088913,0.9999999862655242,0.25866722135683,2.2624174052182306,0.2791094005322562,0.7916337743434807,0.4887548924426721,-0.261964651572005,0.41184922767031085,-0.02522062411548229,-0.19905380745129417,-0.07721184185572379,0.008541586173807268,1.0,0.7503910575012682,0.9823870803239633,0.9823870803239633,0.9724790681524436,1,1,1,1,-0.00053824857,-0.0023759492,2.7431783403066987,-0.4421726483958344,0.7916337743434807,2.961479676851805,-0.6160880989115826,0.7503910575012682,0.27098724174924416,0.2790617929769202,0.005154916680408905,4.277565708706186,0,,0,0.0,0.0,0.0,0.0,0.0,0.0,0,0,0,0,0,0,90,5,0,0,0,0,0,0,
403,8.06,transport,transport,transport_left,0,0,0,0,0.03202073833741189,0.9679792616625881,0,0,1.000000034088913,0.9999999862655242,0.25866722135683,2.252692504413978,0.27965532899693346,0.7909996648790545,0.5183502854936548,-0.26820711301643035,0.4423713062764459,-0.032551349926171515,-0.11760770601230883,-0.062474013812124106,-0.004820471803419096,1.0,0.7502456784954032,0.9827225762013063,0.9827225762013063,0.9732266883354751,1,1,1,1,-0.00043504313,-0.0024809726,2.7378251707435703,-0.43338318436755524,0.7909996648790545,2.9564210943969575,-0.6078048722349348,0.7502456784954032,0.27041949325941383,0.2796185460924589,0.004535605529859793,4.496840304359755,0,,0,0.0,0.0,0.0,0.0,0.0,0.0,0,0,0,0,0,0,91,5,0,0,0,0,0,0,
404,8.08,transport,transport,transport_left,0,0,0,0,0.03552855598875748,0.9644714440112425,0,0,1.000000034088913,0.9999999862655242,0.25866722135683,2.2425022885451833,0.28048563725334846,0.7902050257658307,0.5459650228809075,-0.2785533961533182,0.4677954242477399,-0.04066021093992945,0.01584967419583525,-0.012821021440595503,-0.004520910780213538,1.0,0.7492905133043373,0.9830121330433874,0.9830121330433874,0.9734382381930045,1,1,1,1,-0.00038677827,-0.0025480874,2.73228270121883,-0.4240833242509793,0.7902050257658307,2.95154049949863,-0.5990067663589814,0.7492905133043373,0.2695759138857649,0.2804554721437016,0.004113496088535035,4.845833061703082,0,,0,0.0,0.0,0.0,0.0,0.0,0.0,0,0,0,0,0,0,92,5,0,0,0,0,0,0,
405,8.1,transport,transport,transport_left,0,0,0,0,0.03992506817134322,0.9600749318286568,0,0,1.000000034088913,0.9999999862655242,0.25866722135683,2.2319385337818143,0.28138841241475065,0.7893724903669497,0.5648602632604126,-0.29283063241781965,0.4812282831110432,-0.041673459928353605,0.190675295055733,0.10185458804543095,0.025746324454611506,1.0,0.7471283600817629,0.9829715243261997,0.9829715243261997,0.9728463291145786,1,1,1,1,-0.000420738,-0.0025550164,2.726475781123418,-0.4145073885762483,0.7893724903669497,2.9467822812494258,-0.5895630501342888,0.7471283600817629,0.26867606066091404,0.2813569209718425,0.004209710505270886,5.18692372043975,0,,0,0.0,0.0,0.0,0.0,0.0,0.0,0,0,0,0,0,0,93,5,0,0,0,0,0,0,
406,8.120000000000001,transport,transport,transport_left,0,0,0,0,0.043161620514811046,0.9568383794851889,0,0,1.000000034088913,0.9999999862655242,0.25866722135683,2.22117627676522,0.2813261156414429,0.7886366361719287,0.5631541232728549,-0.31877924789599965,0.46283035129245453,-0.03619977337749074,0.07806355382422774,0.09579004396650583,0.08384081710303806,1.0,0.7451646766824787,0.9821546335443667,0.9821546335443667,0.9720568545166545,1,1,1,1,-0.0005874522,-0.0023914017,2.720188371816105,-0.40519613357396866,0.7886366361719287,2.941233506740259,-0.5792174876322134,0.7451646766824787,0.2687674124536188,0.2812804194044446,0.005070404477186874,5.0024736999933275,0,,0,0.0,0.0,0.0,0.0,0.0,0.0,0,0,0,0,0,0,94,5,0,0,0,0,0,0,
407,8.14,transport,transport,transport_left,0,0,0,0,0.03952779066870208,0.960472209331298,0,0,1.000000034088913,0.9999999862655242,0.25866722135683,2.210335466491065,0.2811985312615528,0.7883305120785362,0.5547974757142237,-0.3487637879051629,0.4312999455192622,-0.012017333314787356,0.03354974833975109,-1.9853993313008467e-05,0.21469544193261367,1.0,0.7441112280775543,0.9823841337955561,0.9823841337955561,0.9719180438292768,1,1,1,1,-0.00075252727,-0.0022309758,2.713288540078506,-0.39650471106714924,0.7883305120785362,2.9354770714714915,-0.5688557206408755,0.7441112280775543,0.26896900192253714,0.2811166272622262,0.00678644681442786,5.105290879500041,0,,0,0.0,0.0,0.0,0.0,0.0,0.0,0,0,0,0,0,0,95,5,0,0,0,0,0,0,
408,8.16,transport,transport,transport_left,0,0,0,0,0.037005880694957374,0.9629941193050426,0,0,1.000000034088913,0.9999999862655242,0.25866722135683,2.1995550831212993,0.2822568198242003,0.7886097742141059,0.5455971942845845,-0.36445552417530597,0.4056258870363492,0.01777945655211497,0.0645752059705405,-0.01769660659190419,0.3464120094507383,1.0,0.7433961599743011,0.9828140271259231,0.9828140271259231,0.9716681500567332,1,1,1,1,-0.0008493103,-0.0021525659,2.7060272302141604,-0.3883493104771121,0.7886097742141059,2.930421343553947,-0.5595690354965211,0.7433961599743011,0.2680271073528566,0.28211852914666496,0.008834469389467109,5.398858568343099,0,,0,0.0,0.0,0.0,0.0,0.0,0.0,0,0,0,0,0,0,96,5,0,0,0,0,0,0,
409,8.18,transport,transport,transport_left,0,0,0,0,0.035782440080919804,0.9642175599190802,0,0,1.000000034088913,0.9999999862655242,0.25866722135683,2.189125741513959,0.2837371044977559,0.7895514361159663,0.525366938052485,-0.3649997816998406,0.37438975026396,0.0511653579583103,0.11748862455728759,0.007184199990252611,0.4286966875098859,1.0,0.7430965438761727,0.9832885133664501,0.9832885133664501,0.9712219004439027,1,1,1,1,-0.0009341426,-0.0020778514,2.6987174325544796,-0.3808080062915215,0.7895514361159663,2.9257244830562734,-0.5510271106577661,0.7430965438761727,0.2667111678663345,0.28351990673104216,0.011099862881657624,5.796015875079914,0,,0,0.0,0.0,0.0,0.0,0.0,0.0,0,0,0,0,0,0,97,5,0,0,0,0,0,0,
410,8.2,transport,transport,transport_left,0,0,0,0,0.03521435931491983,0.9647856406850802,0,0,1.000000034088913,0.9999999862655242,0.25866722135683,2.179223898762689,0.28506429365754543,0.7910647487485967,0.5005237093603101,-0.35777567622326967,0.3410598825742052,0.07873185907404688,0.13566027466423822,0.05163341172840365,0.44810909947271643,1.0,0.7432006800225157,0.9837078563331754,0.9837078563331754,0.9705621349816163,1,1,1,1,-0.0010211058,-0.0020004548,2.691543753783136,-0.37393474482670874,0.7910647487485967,2.9210853347355688,-0.5429682152765967,0.7432006800225157,0.26560013253760417,0.2847438373768023,0.013512904736158238,6.265916625062672,0,,0,0.0,0.0,0.0,0.0,0.0,0.0,0,0,0,0,0,0,98,5,0,0,0,0,0,0,
411,8.22,transport,transport,transport_left,0,0,0,0,0.03510274875640467,0.9648972512435954,0,0,1.000000034088913,0.9999999862655242,0.25866722135683,2.1698255901541845,0.286117953379363,0.7929735859616992,0.47893639568158497,-0.3489331899351066,0.31329874107430333,0.09731186418641447,0.12511156864419415,0.11299256044735931,0.4246912445198854,1.0,0.7436453600599641,0.9840063888848802,0.9840063888848802,0.9698419445551588,1,1,1,1,-0.0010919459,-0.0019484349,2.684553372570361,-0.3676341539558157,0.7929735859616992,2.91642109342689,-0.5352672153452508,0.7436453600599641,0.2648138964442508,0.2856700759054628,0.01600284281502773,6.714597166008602,0,,0,0.0,0.0,0.0,0.0,0.0,0.0,0,0,0,0,0,0,99,5,0,0,0,0,0,0,
412,8.24,transport,transport,transport_left,0,0,0,0,0.03463037948704157,0.9653696205129584,0,0,1.000000034088913,0.9999999862655242,0.25866722135683,2.1608249979547685,0.2869260541686255,0.7951083847897346,0.46215868405377875,-0.3406117070705452,0.2933108722783729,0.10743857061646721,0.10778574101153368,0.15105195025555668,0.3920023241685018,1.0,0.744301101654869,0.984194434943137,0.984194434943137,0.969123410927606,1,1,1,1,-0.0011459179,-0.0019274838,2.6777371920378767,-0.3617498808626351,0.7951083847897346,2.9116812448273692,-0.5278725485669679,0.744301101654869,0.2643122196143086,0.28633237374848586,0.018448097580358314,7.090477663082202,0,,0,0.0,0.0,0.0,0.0,0.0,0.0,0,0,0,0,0,0,100,5,0,0,0,0,0,0,
413,8.26,transport,transport,transport_left,0,0,0,0,0.033517542042757295,0.9664824579572427,0,0,1.000000034088913,0.9999999862655242,0.25866722135683,2.152137373963569,0.28753842979329897,0.7973391269262601,0.44822096844147463,-0.3337987036000818,0.27755327231120697,0.11155556039417819,0.09117110031350752,0.1720808674858286,0.35465462568593953,1.0,0.7450600888453179,0.9842823773272477,0.9842823773272477,0.9684376799768994,1,1,1,1,-0.0012011118,-0.0019121356,2.6710652558719645,-0.35618447794204416,0.7973391269262601,2.90685188871066,-0.5207536499718816,0.7450600888453179,0.2640354251797702,0.28678512987103083,0.020799949347339836,7.381001804624971,0,,0,0.0,0.0,0.0,0.0,0.0,0.0,0,0,0,0,0,0,101,5,0,0,0,0,0,0,
414,8.28,transport,transport,transport_left,0,0,0,0,0.031731723867201474,0.9682682761327985,0,0,1.000000034088913,0.9999999862655242,0.25866722135683,2.1436958185240633,0.2880036094631238,0.7995655343638995,0.4364366175137622,-0.32905996271448185,0.2644513175390269,0.1107337468754243,0.07440827775278946,0.18266567313677834,0.3142934903618287,1.0,0.7458410273497242,0.9842689042237539,0.9842689042237539,0.9677906924136936,1,1,1,1,-0.0012556054,-0.0018993653,2.6644948911873385,-0.3508844029589742,0.7995655343638995,2.9019467588784074,-0.5138650447352621,0.7458410273497242,0.2639347594003608,0.28707683804005574,0.023086102414897502,7.599205725463208,0,,0,0.0,0.0,0.0,0.0,0.0,0.0,0,0,0,0,0,0,102,5,0,0,0,0,0,0,
415,8.3,transport,transport,transport_left,0,0,0,0,0.029343860462240502,0.9706561395377595,0,0,1.000000034088913,0.9999999862655242,0.25866722135683,2.1354265088183855,0.2883721744278396,0.8017044017714557,0.42732543051033633,-0.3266589823860438,0.2543596014716405,0.10584009602483767,0.05599107842976775,0.18406940433841618,0.27507145434081526,1.0,0.7465858143576862,0.9841604224448466,0.9841604224448466,0.9672013441063442,1,1,1,1,-0.0013080575,-0.0018910058,2.6579794300067916,-0.3457900037686059,0.8017044017714557,2.896967732950571,-0.5071687571418201,0.7465858143576862,0.2639584620274298,0.28725858300759477,0.02531832286525143,7.750307078778116,0,,0,0.0,0.0,0.0,0.0,0.0,0.0,0,0,0,0,0,0,103,5,0,0,0,0,0,0,
416,8.32,transport,transport,transport_left,0,0,0,0,0.026383215364927142,0.9736167846350728,0,0,1.000000034088913,0.9999999862655242,0.25866722135683,2.127252967920869,0.2886884377336557,0.8036978526663574,0.42136525566932015,-0.32699042749882545,0.24688693943068285,0.0983502829073575,0.04158468918823697,0.17710689002397453,0.23869857493451282,1.0,0.747253686976975,0.9839737692870987,0.9839737692870987,0.9666802398806128,1,1,1,1,-0.001360599,-0.0018826909,2.651463715933413,-0.3408478414452692,0.8036978526663574,2.891903032303228,-0.5006287828141157,0.747253686976975,0.2640621549411315,0.2873747203717678,0.027509710510055407,7.834682430557333,0,,0,0.0,0.0,0.0,0.0,0.0,0.0,0,0,0,0,0,0,104,5,0,0,0,0,0,0,
417,8.34,transport,transport,transport_left,0,0,0,0,0.022830752592751004,0.977169247407249,0,0,1.000000034088913,0.9999999862655242,0.25866722135683,2.1190994699472365,0.2889875924425925,0.8055126301697423,0.41896556427911225,-0.33021554491762356,0.2419064700648562,0.08928100406711785,0.03440108469264044,0.1643228288361325,0.20778805060138336,1.0,0.7478125708034598,0.983731672319661,0.983731672319661,0.9662093347185188,1,1,1,1,-0.0014125295,-0.0018747486,2.6448895624843556,-0.3360093710765855,0.8055126301697423,2.8867289704511343,-0.4942102855494289,0.7478125708034598,0.26421104549086194,0.2874603200239924,0.029671417180003712,7.852433117809457,0,,0,0.0,0.0,0.0,0.0,0.0,0.0,0,0,0,0,0,0,105,5,0,0,0,0,0,0,
418,8.36,transport,transport,transport_left,0,0,0,0,0.018670189114529414,0.9813298108854706,0,0,1.000000034088913,0.9999999862655242,0.25866722135683,2.1104337325367477,0.2897572724959972,0.8084819077259199,0.4706294245433232,-0.3567191743196291,0.26094378977517724,0.16171525746344936,0.05571490329488138,0.47618960747941463,0.13077532615007414,1.0,0.7481994879958884,0.9834811601838539,0.9834811601838539,0.9653633855715514,1,1,1,1,-0.0013304241,-0.0019619204,2.6378996344566166,-0.3308701946853849,0.8084819077259199,2.8814140404079813,-0.4879052578352226,0.7481994879958884,0.2638904302012676,0.2880191980113722,0.0316894073975124,7.748333398705192,0,,0,0.0,0.0,0.0,0.0,0.0,0.0,0,0,0,0,0,0,106,5,0,0,0,0,0,0,
419,8.38,transport,transport,transport_left,0,0,0,0,0.013690181840716291,0.9863098181592838,0,0,1.000000034088913,0.9999999862655242,0.25866722135683,2.1016673189830573,0.2905348305609568,0.810958912392207,0.4572730019332573,-0.3622053108726349,0.2531345895433702,0.11759587853925887,0.13009416774132135,0.2975457355852717,0.14407109339996424,1.0,0.748410732986916,0.9832241963618067,0.9832241963618067,0.9640944463133256,1,1,1,1,-0.0014444478,-0.0019021519,2.630713249282539,-0.32581294528790516,0.810958912392207,2.8759095366301226,-0.4816630926732867,0.748410732986916,0.2636023414653843,0.2885675394027736,0.033752969826559176,7.5983391259314015,0,,0,0.0,0.0,0.0,0.0,0.0,0.0,0,0,0,0,0,0,107,5,0,0,0,0,0,0,
420,8.4,transport,transport,transport_left,0,0,0,0,0.008176262355327316,0.9918237376446727,0,0,1.000000034088913,0.9999999862655242,0.25866722135683,2.0928451812621387,0.2911686625282564,0.8126779223704265,0.4519049616366585,-0.3674682721822242,0.2501478312631564,0.0813094447501645,0.0963761712616124,0.18877507800783072,0.14438549832015332,1.0,0.7484600747951101,0.9829276980968444,0.9829276980968444,0.9630588025891303,1,1,1,1,-0.0015131421,-0.0018729456,2.6234013442404236,-0.32082140170883494,0.8126779223704265,2.870134235037635,-0.4754243468209675,0.7484600747951101,0.26348197886541025,0.28896039713787375,0.03579216289100076,7.417530459444225,0,,0,0.0,0.0,0.0,0.0,0.0,0.0,0,0,0,0,0,0,108,5,0,0,0,0,0,0,
421,8.42,transport,transport,transport_left,0,0,0,0,0.002380939280529872,0.9976190607194702,0,0,1.000000034088913,0.9999999862655242,0.25866722135683,2.0837807086765134,0.29176248950306105,0.8142170203298682,0.46225993320302067,-0.3784428610835166,0.25558451695428086,0.0717063555971869,0.0707278363601471,0.2037323304582499,0.1304914111339969,1.0,0.748280862712168,0.982637652680345,0.982637652680345,0.9622353791866002,1,1,1,1,-0.0015262701,-0.001880426,2.6158690262242397,-0.315716336544205,0.8142170203298682,2.864016920016166,-0.46916982489704356,0.748280862712168,0.2633919080362377,0.28931823005641266,0.03768702745041694,7.189947109475471,0,,0,0.0,0.0,0.0,0.0,0.0,0.0,0,0,0,0,0,0,109,5,0,0,0,0,0,0,
422,8.44,transport,transport,transport_right,0,0,0,0,0.0035882679736814025,0.9964117320263186,0,0,1.000000034088913,0.9999999862655242,0.25866722135683,2.0744770312846863,0.29224190581958576,0.8153625923522595,0.47177572116942246,-0.3881737377175518,0.2631247759557034,0.05156387019585355,0.07803638406404281,0.1762738116031141,0.12665924829568895,1.0,0.7478128188843058,0.9823619453416479,0.9823619453416479,0.9614419613407337,1,1,1,1,-0.0015418567,-0.0018853582,2.6081421265642506,-0.31047090762596835,0.8153625923522595,2.857495908634206,-0.46287833160679914,0.7478128188843058,0.2633820737841163,0.2895774679329472,0.039372853371410055,6.940260523094665,0,,0,0.0,0.0,0.0,0.0,0.0,0.0,0,0,0,0,0,0,110,5,0,0,0,0,0,0,
423,8.46,transport,transport,transport_right,0,0,0,0,0.009376286109363289,0.9906237138906367,0,0,1.000000034088913,0.9999999862655242,0.25866722135683,2.0649778064044138,0.292464565547667,0.8158167005828224,0.47761606225829367,-0.3929660178688903,0.2710768520213873,0.014565439422142055,0.09272204200867817,0.095624197122744,0.12965485298845772,1.0,0.7470078090861736,0.9820768500874615,0.9820768500874615,0.9607015093901919,1,1,1,1,-0.0015333481,-0.0019063242,2.6002921441488156,-0.30506648844862194,0.8158167005828224,2.8504963969210464,-0.4565041125572801,0.7470078090861736,0.26356341780077897,0.2896089517255979,0.04076980722772555,6.707928497786672,0,,0,0.0,0.0,0.0,0.0,0.0,0.0,0,0,0,0,0,0,111,5,0,0,0,0,0,0,
424,8.48,transport,transport,transport_right,0,0,0,0,0.014473966413563258,0.9855260335864368,0,0,1.000000034088913,0.9999999862655242,0.25866722135683,2.055197086565462,0.29241138911867065,0.8158375405265771,0.493708563245639,-0.40004298554502143,0.28933311578145654,-0.0003213261476588396,0.1542831206048555,0.12681879017003644,0.11507181311136873,1.0,0.745784616171083,0.9817848204990017,0.9817848204990017,0.9597619949547175,1,1,1,1,-0.0015112497,-0.0019254126,2.592322083996693,-0.29936353254075954,0.8158375405265771,2.8429417339982126,-0.4500095133017026,0.745784616171083,0.2639026154918618,0.28941802729351374,0.041732792428036125,6.500772735677229,0,,0,0.0,0.0,0.0,0.0,0.0,0.0,0,0,0,0,0,0,112,5,0,0,0,0,0,0,
425,8.5,transport,transport,transport_right,0,0,0,0,0.018521700034456124,0.9814782999655439,0,0,1.000000034088913,0.9999999862655242,0.25866722135683,2.0451592911123506,0.2919685501807905,0.8153296191690101,0.5061584206824861,-0.4022473204579535,0.30594089806890024,-0.028171029462548507,0.17674125331653073,0.11423257564476234,0.09244245879626171,1.0,0.7440570885175686,0.9814389399669078,0.9814389399669078,0.9586447834444156,1,1,1,1,-0.001466427,-0.0019528456,2.5842981190370358,-0.2933198133404683,0.8153296191690101,2.8347672712964296,-0.4433559358614578,0.7440570885175686,0.2644750392222759,0.28890780720277137,0.04216530839397545,6.3585565946741935,0,,0,0.0,0.0,0.0,0.0,0.0,0.0,0,0,0,0,0,0,113,5,0,0,0,0,0,0,
426,8.52,transport,transport,transport_right,0,0,0,0,0.020965663958481297,0.9790343360415187,0,0,1.000000034088913,0.9999999862655242,0.25866722135683,2.034586479108627,0.29130338730045674,0.8154208631698945,0.5358104831668659,-0.3993607658538965,0.35709380322374584,0.009373807513501363,0.5098508653822862,0.28315240509258927,0.030009812935793523,1.0,0.7423823975527045,0.9806497634810507,0.9806497634810507,0.9561061189988422,1,1,1,1,-0.0011704005,-0.002181042,2.5763181579295744,-0.28637605262166554,0.8154208631698945,2.825977730808599,-0.43646856117083654,0.7423823975527045,0.2649570425369868,0.28832311732979393,0.04156252477833593,6.594573943485471,0,,0,0.0,0.0,0.0,0.0,0.0,0.0,0,0,0,0,0,0,114,5,0,0,0,0,0,0,
427,8.540000000000001,transport,transport,transport_right,0,0,0,0,0.0176466047572987,0.9823533952427013,0,0,1.000000034088913,0.9999999862655242,0.25866722135683,2.0238943197712747,0.29004793454034744,0.8158039198203131,0.5416083361856437,-0.3821659157502301,0.3831624798552062,0.02180175900651172,0.3067717297129281,0.2531438213063454,-0.12535817734315507,1.0,0.7416508835872189,0.9799465775403278,0.9799465775403278,0.9532133823174026,1,1,1,1,-0.00093152,-0.0022869296,2.5686817744527146,-0.27882205571358754,0.8158039198203131,2.816584292428672,-0.429394782036457,0.7416508835872189,0.2657320946463421,0.2872856892781719,0.03993415915087413,6.906026471217902,0,,0,0.0,0.0,0.0,0.0,0.0,0.0,0,0,0,0,0,0,115,5,0,0,0,0,0,0,
428,8.56,transport,transport,transport_right,0,0,0,0,0.011654730357277307,0.9883452696427227,0,0,1.000000034088913,0.9999999862655242,0.25866722135683,2.013431963651998,0.2884104860514159,0.8159244756057951,0.5262680699826996,-0.3504760424375661,0.392579285282443,0.0024758690884607677,-0.06444292167489951,0.016281222128016793,-0.2623395849639979,1.0,0.7420634779637927,0.9795438843184551,0.9795438843184551,0.9527221856023548,1,1,1,1,-0.00079733506,-0.002315823,2.5615843248972365,-0.2709692403313301,0.8159244756057951,2.8069630299202073,-0.4225274785952524,0.7420634779637927,0.26664650819073,0.28598204375827724,0.037348080435984324,6.918811179173784,0,,0,0.0,0.0,0.0,0.0,0.0,0.0,0,0,0,0,0,0,116,5,0,0,0,0,0,0,
429,8.58,transport,transport,transport_right,0,0,0,0,0.006742176617100937,0.993257823382899,0,0,1.000000034088913,0.9999999862655242,0.25866722135683,2.00323208661828,0.28678573974578503,0.8157044667255081,0.5149967157921561,-0.33362257825389663,0.39205643110673705,-0.014468841825722265,-0.24944394330500097,-0.06726043381293333,-0.3408830176985497,1.0,0.7429688062347318,0.9798633787422816,0.9798633787422816,0.9536807457543187,1,1,1,1,-0.0007860102,-0.0022786595,2.554856214362034,-0.26307604134465323,0.8157044667255081,2.797548990840788,-0.41587092596639263,0.7429688062347318,0.2675126581071017,0.2847118529763727,0.03442704309547184,6.6379838129012265,0,,0,0.0,0.0,0.0,0.0,0.0,0.0,0,0,0,0,0,0,117,5,0,0,0,0,0,0,
430,8.6,transport,transport,transport_right,0,0,0,0,0.003967805150666074,0.9960321948493339,0,0,1.000000034088913,0.9999999862655242,0.25866722135683,1.9931798252739648,0.2857232134016934,0.8148158526871604,0.5106224337613544,-0.33049429462590385,0.38617480990137953,-0.04876276527975457,-0.3574484434951203,-0.07843157906068143,-0.34573502910321735,1.0,0.743496518516111,0.9805436878332617,0.9805436878332617,0.9556042005446324,1,1,1,1,-0.00085111335,-0.0022055246,2.548234547274784,-0.2552831324209583,0.8148158526871604,2.7886495510332763,-0.4096799609000232,0.743496518516111,0.2678725598799194,0.2839836784908806,0.031480549985313314,6.195367326136914,0,,0,0.0,0.0,0.0,0.0,0.0,0.0,0,0,0,0,0,0,118,5,0,0,0,0,0,0,
431,8.620000000000001,transport,transport,transport_right,0,0,0,0,0.002549988156974023,0.997450011843026,0,0,1.000000034088913,0.9999999862655242,0.25866722135683,1.9832343054106654,0.2852103699778901,0.8132641736035678,0.5074415323000093,-0.33144151486703516,0.3755369040743637,-0.0813355064155165,-0.43994897689352974,-0.09490317603159798,-0.31279578077817893,1.0,0.743736965373537,0.9812126338002686,0.9812126338002686,0.9579696715387346,1,1,1,1,-0.0009335615,-0.0021155514,2.5415956126699193,-0.24767841070110477,0.8132641736035678,2.7802542623769124,-0.4038417996978851,0.743736965373537,0.2677912436742484,0.2837570954130221,0.028755276832088852,5.691463465693735,0,,0,0.0,0.0,0.0,0.0,0.0,0.0,0,0,0,0,0,0,119,5,0,0,0,0,0,0,
432,8.64,transport,transport,transport_right,0,0,0,0,0.0020545223272037563,0.9979454776727963,0,0,1.000000034088913,0.9999999862655242,0.25866722135683,1.9734688049464766,0.28501439102722625,0.8111814895208731,0.501073030966838,-0.33055202646641385,0.36107460101494787,-0.10693302886918164,-0.4892918250856846,-0.1475148836988226,-0.27340365236227976,1.0,0.7438868573567268,0.9817360331029765,0.9817360331029765,0.9606842318162835,1,1,1,1,-0.0010107644,-0.0020213611,2.5349629358412034,-0.24034997013430673,0.8111814895208731,2.7723220567681066,-0.39812782284319725,0.7438868573567268,0.26752894412958317,0.28378315195048276,0.026463668711459082,5.207261470286243,0,,0,0.0,0.0,0.0,0.0,0.0,0.0,0,0,0,0,0,0,120,5,0,0,0,0,0,0,
433,8.66,transport,transport,transport_right,0,0,0,0,0.0021929228250261367,0.9978070771749739,0,0,1.000000034088913,0.9999999862655242,0.25866722135683,1.9639571967457288,0.28488966819450345,0.8087518839302738,0.49053560357107096,-0.3258158784946548,0.34552359261803517,-0.12281139456873393,-0.5055089349236891,-0.21150494468967948,-0.22845066507011863,1.0,0.7440959412359655,0.9821318383286746,0.9821318383286746,0.9635891790391007,1,1,1,1,-0.001067955,-0.0019442625,2.5284070435100063,-0.23332879560969452,0.8087518839302738,2.764750366706354,-0.3924009698718232,0.7440959412359655,0.26731319042567464,0.28382343751674666,0.024624771271052726,4.772737390426062,0,,0,0.0,0.0,0.0,0.0,0.0,0.0,0,0,0,0,0,0,121,5,0,0,0,0,0,0,
434,8.68,transport,transport,transport_right,0,0,0,0,0.002759670864862145,0.9972403291351378,0,0,1.000000034088913,0.9999999862655242,0.25866722135683,1.954745200487816,0.28462893923139676,0.8061827667510482,0.4765071144169382,-0.31750689081739886,0.3313382785227262,-0.12830958482912228,-0.5077458314135936,-0.2625076305991226,-0.17809788113591726,1.0,0.7444767733412458,0.9824743749553079,0.9824743749553079,0.9665445262686732,1,1,1,1,-0.0010930188,-0.0018970408,2.522001666555683,-0.2265968625803544,0.8061827667510482,2.757416019881201,-0.3865772216758328,0.7444767733412458,0.2673197110725603,0.28368527738188454,0.023158075152166058,4.3948427189088894,0,,0,0.0,0.0,0.0,0.0,0.0,0.0,0,0,0,0,0,0,122,5,0,0,0,0,0,0,
435,8.700000000000001,transport,transport,transport_right,0,0,0,0,0.003551269369212853,0.9964487306307871,0,0,1.000000034088913,0.9999999862655242,0.25866722135683,1.9458308623798004,0.2841585504855281,0.8036696097988538,0.46112224017952413,-0.30658635161237807,0.32122561788797804,-0.12430861517079472,-0.49890501801898646,-0.298024243344849,-0.1302233699078466,1.0,0.745076203700305,0.9827410140573228,0.9827410140573228,0.9694473710773345,1,1,1,1,-0.0010806955,-0.001883436,2.5158032011446343,-0.22008136501133363,0.8036696097988538,2.750274241472843,-0.38060990783610327,0.745076203700305,0.2675949713483373,0.28330819374828997,0.021967001823595705,4.076454793021708,0,,0,0.0,0.0,0.0,0.0,0.0,0.0,0,0,0,0,0,0,123,5,0,0,0,0,0,0,
436,8.72,transport,transport,transport_right,0,0,0,0,0.004349087287963948,0.9956509127120361,0,0,1.000000034088913,0.9999999862655242,0.25866722135683,1.93717374706638,0.2834503745215962,0.8013615482142158,0.44680165902933067,-0.2945900317735885,0.3162891108361659,-0.1131796539023951,-0.47267054572121403,-0.3126665679347771,-0.09229683271299474,1.0,0.7458827430617934,0.9829308893021115,0.9829308893021115,0.9721817812875145,1,1,1,1,-0.0010381825,-0.0018983968,2.509839805796207,-0.21368283477713404,0.8013615482142158,2.7432793637912516,-0.3744624590443632,0.7458827430617934,0.26814348565572027,0.282675623560758,0.020942938212433315,3.7994722199804327,0,,0,0.0,0.0,0.0,0.0,0.0,0.0,0,0,0,0,0,0,124,5,0,0,0,0,0,0,
437,8.74,transport,transport,transport_right,0,0,0,0,0.005110866148582232,0.9948891338514178,0,0,1.000000034088913,0.9999999862655242,0.25866722135683,1.9287003155892475,0.2825315776800055,0.799347536692954,0.4361891104476818,-0.28334561939655556,0.3168020831246008,-0.09804407258899342,-0.4331038242261335,-0.31211195956281684,-0.06559503543627791,1.0,0.7468665467660754,0.983058540300958,0.983058540300958,0.9746538364792331,1,1,1,1,-0.00097318366,-0.0019373782,2.5041037648273896,-0.20729321529433667,0.799347536692954,2.7364038072136276,-0.36810609628869295,0.7468665467660754,0.26892201365575674,0.281822766325169,0.020000519172815895,3.5484008400524476,0,,0,0.0,0.0,0.0,0.0,0.0,0.0,0,0,0,0,0,0,125,5,0,0,0,0,0,0,
438,8.76,transport,transport,transport_right,0,0,0,0,0.005807223268687231,0.9941927767313128,0,0,1.000000034088913,0.9999999862655242,0.25866722135683,1.9202890856333212,0.2814954418613445,0.7977204189699081,0.43092559395395286,-0.27366669292584955,0.32284305143439607,-0.08109113914678781,-0.38762013475728274,-0.3013611208432255,-0.04744095025441278,1.0,0.7479909353988485,0.9831489020290394,0.9831489020290394,0.9768250111433616,1,1,1,1,-0.0008824803,-0.0020012297,2.4985413178910294,-0.20078483756560767,0.7977204189699081,2.729632393866622,-0.3615225070558564,0.7479909353988485,0.26982589117231864,0.28084879294707055,0.019069328485478543,3.3099501588252895,0,,0,0.0,0.0,0.0,0.0,0.0,0.0,0,0,0,0,0,0,126,5,0,0,0,0,0,0,
439,8.78,transport,transport,transport_right,0,0,0,0,0.006407973386766418,0.9935920266132335,0,0,1.000000034088913,0.9999999862655242,0.25866722135683,1.9116697704735204,0.2806368330221731,0.7968722710809535,0.44121760801930254,-0.27645825937802304,0.34173326379280694,-0.03823852593215967,-0.23982197046974899,-0.16609944866935117,-0.05241384188009068,1.0,0.7492084686040388,0.9832417849411914,0.9832417849411914,0.9780471069113026,1,1,1,1,-0.0007564314,-0.0020898469,2.4929718940199215,-0.19394990246365848,0.7968722710809535,2.7230037915838703,-0.3547054875978741,0.7492084686040388,0.27055646088859425,0.2800511213819578,0.018121850386288663,3.052795573956258,0,,0,0.0,0.0,0.0,0.0,0.0,0.0,0,0,0,0,0,0,127,5,0,0,0,0,0,0,
440,8.8,transport,transport,transport_right,0,0,0,0,0.0071255667473105995,0.9928744332526894,0,0,1.000000034088913,0.9999999862655242,0.25866722135683,1.9030319980302894,0.2797111172504911,0.7961864951180904,0.44537930606319287,-0.26621424814645345,0.3554849051926131,-0.03351391551801418,-0.27884417949892226,-0.2303354994908412,-0.03577026134888294,1.0,0.7504699594187867,0.9833342652755214,0.9833342652755214,0.9794141263255038,1,1,1,1,-0.0006487854,-0.002177719,2.487594037694449,-0.18684240679431574,0.7961864951180904,2.716472817851163,-0.3476305068126089,0.7504699594187867,0.2713457939358016,0.2791906992971521,0.017054692594272725,2.8290973402361246,0,,0,0.0,0.0,0.0,0.0,0.0,0.0,0,0,0,0,0,0,128,5,0,0,0,0,0,0,
441,8.82,transport,transport,transport_right,0,0,0,0,0.007256904048481528,0.9927430959515184,0,0,1.000000034088913,0.9999999862655242,0.25866722135683,1.894272442191248,0.2788098316660477,0.7955663322149908,0.4567169110836831,-0.26027108855005554,0.3740934432599856,-0.03005649754508966,-0.2760837044806245,-0.23050273845757072,-0.03649289106021723,1.0,0.7517303185220154,0.9834857729060277,0.9834857729060277,0.9807928275295631,1,1,1,1,-0.0005398132,-0.0022711642,2.4823450568370014,-0.17937328746046813,0.7955663322149908,2.7100376249893126,-0.34028014449849175,0.7517303185220154,0.2721025259933759,0.27835921598334,0.01584516048483328,2.645721690453334,0,,0,0.0,0.0,0.0,0.0,0.0,0.0,0,0,0,0,0,0,129,5,0,0,0,0,0,0,
442,8.84,transport,transport,transport_right,0,0,0,0,0.0066689480813782575,0.9933310519186217,0,0,1.000000034088913,0.9999999862655242,0.25866722135683,1.8852863054104825,0.2780718470589374,0.7949919744755888,0.4738747695353998,-0.25848449795307993,0.3961814523791729,-0.027987824333121747,-0.25803873503953273,-0.21968884453022763,-0.04903721822061789,1.0,0.7529380898679912,0.9837064399874659,0.9837064399874659,0.9820585001829102,1,1,1,1,-0.0004294701,-0.0023664124,2.477144677035442,-0.17147265839276177,0.7949919744755888,2.7037463556679713,-0.3326422317237381,0.7529380898679912,0.27269505010977146,0.27769214706581674,0.01452665084408164,2.5136166736322467,0,,0,0.0,0.0,0.0,0.0,0.0,0.0,0,0,0,0,0,0,130,5,0,0,0,0,0,0,
443,8.86,transport,transport,transport_right,0,0,0,0,0.00530491016012559,0.9946950898398744,0,0,1.000000034088913,0.9999999862655242,0.25866722135683,1.875986805686821,0.27760125864734325,0.7944173464290966,0.4958842344105075,-0.25921247250058516,0.42178884464198346,-0.028359100349081626,-0.2431481580618408,-0.22049566422457334,-0.06619040721803728,1.0,0.7540345793062756,0.98399353135068,0.98399353135068,0.9832179000540023,1,1,1,1,-0.0003103353,-0.0024715401,2.471935825587635,-0.16306988300977984,0.7944173464290966,2.6976418120849153,-0.3246844444263758,0.7540345793062756,0.2730250139045274,0.2772907278045652,0.013126731360231403,2.4493644278057953,0,,0,0.0,0.0,0.0,0.0,0.0,0.0,0,0,0,0,0,0,131,5,0,0,0,0,0,0,
444,8.88,transport,transport,transport_right,0,0,0,0,0.0030499531383891077,0.9969500468616109,0,0,1.000000034088913,0.9999999862655242,0.25866722135683,1.8663071815188554,0.27746696263673853,0.7937747594604547,0.5221542339350809,-0.26168326452127694,0.4507002995533039,-0.032189331592636795,-0.21197267269402198,-0.2219606837511291,-0.0857690599685521,1.0,0.7549151234568497,0.9843465146231825,0.9843465146231825,0.9842571188997484,1,1,1,1,-0.00018729642,-0.0025846995,2.4666824384083905,-0.154099325166768,0.7937747594604547,2.691755890759665,-0.31636409768852,0.7549151234568497,0.27302746256829086,0.27722174548943446,0.011662726209960922,2.470798584412271,0,,0,0.0,0.0,0.0,0.0,0.0,0.0,0,0,0,0,0,0,132,5,0,0,0,0,0,0,
445,8.9,transport,transport,transport,0,0,0,0,0.0002358982123198708,0.9997641017876802,0,0,1.000000034088913,0.9999999862655242,0.25866722135683,1.8561896268452855,0.27772014560501046,0.7929743074881688,0.5521862418800215,-0.2663429622512171,0.4819874711460825,-0.04073266304862249,-0.15405364141859731,-0.21630585560942947,-0.10408836242423816,1.0,0.7554082936332669,0.9847378281405494,0.9847378281405494,0.9851003208035903,1,1,1,1,-7.076934e-05,-0.0026989616,2.461344223950994,-0.14451436033061096,0.7929743074881688,2.6861162977566573,-0.3076277997277672,0.7554082936332669,0.2726563622981216,0.27753362488474875,0.01017675455141756,2.604449677943505,0,,0,0.0,0.0,0.0,0.0,0.0,0.0,0,0,0,0,0,0,133,5,0,0,0,0,0,0,
446,8.92,transport,transport,transport_left,0,0,0,0,0.004721131457734027,0.995278868542266,0,0,1.000000034088913,0.9999999862655242,0.25866722135683,1.8455971698528362,0.278368197540288,0.7919238005530798,0.584052000155448,-0.2736174699569733,0.5131813946646533,-0.05380590292863444,-0.05855814897521639,-0.1887817449460549,-0.11381538499396485,1.0,0.7552328892745589,0.9851071072579061,0.9851071072579061,0.9856380677466431,1,1,1,1,2.3107976e-05,-0.0028011985,2.455871600430126,-0.13431341649756637,0.7919238005530798,2.6807369355536323,-0.29840008402915497,0.7552328892745589,0.271911203222352,0.2782301372400015,0.008766078555361684,2.8824308749085397,0,,0,0.0,0.0,0.0,0.0,0.0,0.0,0,0,0,0,0,0,134,5,0,0,0,0,0,0,
447,8.94,transport,transport,transport_left,0,0,0,0,0.010508762640200193,0.9894912373597998,0,0,1.000000034088913,0.9999999862655242,0.25866722135683,1.8345461411534407,0.27933207666357823,0.7906138559780603,0.6128657359299996,-0.28454248248931635,0.538674480251983,-0.06685649004467072,0.09900198244797337,-0.11265212360311298,-0.10786163554589814,1.0,0.7539387161269221,0.9853358978380897,0.9853358978380897,0.9856867890410481,1,1,1,1,5.766377e-05,-0.0028641112,2.4501998875861175,-0.12360133490567642,0.7906138559780603,2.675613751337249,-0.288571026309805,0.7539387161269221,0.27088080261110575,0.27922727257268215,0.007651098274641943,3.280432405982645,0,,0,0.0,0.0,0.0,0.0,0.0,0.0,0,0,0,0,0,0,135,5,0,0,0,0,0,0,
448,8.96,transport,transport,transport_left,0,0,0,0,0.016878405883470466,0.9831215941165296,0,0,1.000000034088913,0.9999999862655242,0.25866722135683,1.823166543589944,0.2801288894029084,0.7892728307454665,0.628200756772969,-0.29762332349652415,0.5491468301019594,-0.06703959359948453,0.17983366244280274,-0.018788488753402596,-0.08438509528377396,1.0,0.7515787461143432,0.9848625412793467,0.9848625412793467,0.9851609677083956,1,1,1,1,1.546368e-05,-0.0028594472,2.444279070007998,-0.11265194136968283,0.7892728307454665,2.6703731011856027,-0.2780414324021157,0.7515787461143432,0.27004746353099485,0.28004232919871186,0.006963370955737319,3.4977300554583586,0,,0,0.0,0.0,0.0,0.0,0.0,0.0,0,0,0,0,0,0,136,5,0,0,0,0,0,0,
449,8.98,transport,transport,transport_left,0,0,0,0,0.02051769100183446,0.9794823089981656,0,0,1.000000034088913,0.9999999862655242,0.25866722135683,1.8117154222364933,0.27972776996251203,0.7883860659858404,0.6124081028096806,-0.3242839473181582,0.5179495978830693,-0.04014747752316653,0.09521589929073473,-0.07904883995290306,0.026071454171214363,1.0,0.7499658649598046,0.984720370094309,0.984720370094309,0.9848315873580373,1,1,1,1,-0.00019561127,-0.0026563592,2.437865391059804,-0.10220507015207692,0.7883860659858404,2.664100967498619,-0.2667197784355529,0.7499658649598046,0.2704539913631695,0.2796384216763007,0.007069541045038569,3.330836751584693,0,,0,0.0,0.0,0.0,0.0,0.0,0.0,0,0,0,0,0,0,137,5,0,0,0,0,0,0,
450,9.0,transport,transport,transport_left,0,0,0,0,0.01860860965800584,0.9813913903419942,0,0,1.000000034088913,0.9999999862655242,0.25866722135683,1.8001841149102649,0.28020036655844893,0.7882188765556313,0.601903781834362,-0.35535590303479603,0.4857928186669081,-0.003960062687935038,0.11813105322933815,-0.09651381885273887,0.19276626308012373,1.0,0.7488985642585638,0.9850733139990948,0.9850733139990948,0.9845580663992942,1,1,1,1,-0.00038271025,-0.0024992414,2.4308217828753507,-0.09243398005691413,0.7882188765556313,2.6582326862723007,-0.25613042606498176,0.7488985642585638,0.27002627495234616,0.2800891420498629,0.007894170333915707,3.531299673449365,0,,0,0.0,0.0,0.0,0.0,0.0,0.0,0,0,0,0,0,0,138,5,0,0,0,0,0,0,
451,9.02,transport,transport,transport_left,0,0,0,0,0.018934284233139784,0.9810657157668602,0,0,1.000000034088913,0.9999999862655242,0.25866722135683,1.7888275761174754,0.2814129681879854,0.7888332467981601,0.5833494700720805,-0.36838628250002164,0.45088830689451526,0.03588712589479423,0.12745606486462835,-0.05259158797547143,0.31137281265028505,1.0,0.7484281198691332,0.9855153989781326,0.9855153989781326,0.9841911549856266,1,1,1,1,-0.0005155541,-0.0023856498,2.423464143672857,-0.0833531536684092,0.7888332467981601,2.6527743437627276,-0.24647915036763396,0.7484281198691332,0.2688860759230658,0.28126685167187937,0.009067348838611378,3.883466610111298,0,,0,0.0,0.0,0.0,0.0,0.0,0.0,0,0,0,0,0,0,139,5,0,0,0,0,0,0,
452,9.040000000000001,transport,transport,transport_left,0,0,0,0,0.020110928034033606,0.9798890719659664,0,0,1.000000034088913,0.9999999862655242,0.25866722135683,1.7779374909843957,0.28258495750071466,0.7902410429218191,0.557282546624601,-0.3673796261975377,0.4122831661923331,0.07495757401212373,0.1578713333861621,0.014623490436533423,0.37361176134118756,1.0,0.7484735330455236,0.9859699356367781,0.9859699356367781,0.9836969063436759,1,1,1,1,-0.00064477697,-0.002264116,2.4161048127019606,-0.07503907248405445,0.7902410429218191,2.6473444499471546,-0.23746594332872667,0.7484735330455236,0.2678122313255839,0.28239169723462965,0.010449284120262525,4.340442030886636,0,,0,0.0,0.0,0.0,0.0,0.0,0.0,0,0,0,0,0,0,140,5,0,0,0,0,0,0,
453,9.06,transport,transport,transport_left,0,0,0,0,0.021924093340227078,0.978075906659773,0,0,1.000000034088913,0.9999999862655242,0.25866722135683,1.7675914537417923,0.28343362852153986,0.7922545452142457,0.5317105588544871,-0.3614428010558395,0.37595318288938295,0.10360706654278937,0.1488051758902931,0.09939109599058585,0.3598308994898575,1.0,0.7489288742661682,0.9862755204259457,0.9862755204259457,0.9830834319061216,1,1,1,1,-0.00075501576,-0.0021634437,2.408865269770838,-0.06746350024253245,0.7922545452142457,2.6418449969549047,-0.22887932504953262,0.7489288742661682,0.26709383664148634,0.2831777310954703,0.012041361572006165,4.8374755579743915,0,,0,0.0,0.0,0.0,0.0,0.0,0.0,0,0,0,0,0,0,141,5,0,0,0,0,0,0,
454,9.08,transport,transport,transport_left,0,0,0,0,0.023699123385130964,0.9763008766148691,0,0,1.000000034088913,0.9999999862655242,0.25866722135683,1.7576847001875828,0.2839874838835812,0.7946268033119851,0.5127355586736594,-0.35561586448280635,0.34937907131434365,0.11987232618107765,0.11764947367777918,0.1741886863109846,0.32358432406935833,1.0,0.7496576847232641,0.9864205371914659,0.9864205371914659,0.9824642722456465,1,1,1,1,-0.00083828345,-0.0021117665,2.4017552246085274,-0.06044232292665057,0.7946268033119851,2.636254088235757,-0.22062713481612173,0.7496576847232641,0.2666982461967084,0.28365539679829743,0.013729780396194241,5.288385915395589,0,,0,0.0,0.0,0.0,0.0,0.0,0.0,0,0,0,0,0,0,142,5,0,0,0,0,0,0,
455,9.1,transport,transport,transport_left,0,0,0,0,0.02480137902437566,0.9751986209756244,0,0,1.000000034088913,0.9999999862655242,0.25866722135683,1.7480816240992447,0.28436432314745635,0.7971434802032769,0.4990793541699719,-0.35142969450547196,0.33125431204197275,0.1258886505293717,0.0942478640568447,0.2098169962974985,0.28056988342051503,1.0,0.7504997772323279,0.9864570254062328,0.9864570254062328,0.9818740047238863,1,1,1,1,-0.0009097494,-0.0020858683,2.39473992988658,-0.053797901179580526,0.7971434802032769,2.6305745448187703,-0.21268497642139042,0.7504997772323279,0.2664980180321045,0.28394715878551924,0.015397379541406131,5.662029075920712,0,,0,0.0,0.0,0.0,0.0,0.0,0.0,0,0,0,0,0,0,143,5,0,0,0,0,0,0,
456,9.120000000000001,transport,transport,transport_left,0,0,0,0,0.025163225483692868,0.9748367745163071,0,0,1.000000034088913,0.9999999862655242,0.25866722135683,1.7384721298754335,0.28486820393557905,0.8002753406311168,0.5192439800717847,-0.3600654171964833,0.33261739366377524,0.17126843145258158,0.1168191871342351,0.4131833933768557,0.20426693834960138,1.0,0.7513319829880609,0.9864050257286882,0.9864050257286882,0.9812033155327884,1,1,1,1,-0.00085257366,-0.0021742024,2.3876515585774913,-0.04723856962236426,0.8002753406311168,2.624824874804205,-0.2050318257631321,0.7513319829880609,0.26617305892352483,0.2843652693788876,0.016920023184242516,5.922867686575423,0,,0,0.0,0.0,0.0,0.0,0.0,0.0,0,0,0,0,0,0,144,5,0,0,0,0,0,0,
457,9.14,transport,transport,transport_left,0,0,0,0,0.024713668337661632,0.9752863316623384,0,0,1.000000034088913,0.9999999862655242,0.25866722135683,1.7285423831760542,0.28581351402036753,0.8045373635999222,0.5440661566907183,-0.3732553111149183,0.33511132042791175,0.21068663579300972,0.1724597242454367,0.5758820979448719,0.13907883386214878,1.0,0.7520157509165935,0.9862752296387165,0.9862752296387165,0.9798304701428698,1,1,1,1,-0.00091381744,-0.0021590628,2.380266055108628,-0.04054048947501944,0.8045373635999222,2.6190114958294743,-0.1976709427031563,0.7520157509165935,0.26539769608639163,0.2852303888260965,0.018248015968444775,6.024993945590682,0,,0,0.0,0.0,0.0,0.0,0.0,0.0,0,0,0,0,0,0,145,5,0,0,0,0,0,0,
458,9.16,transport,transport,transport_left,0,0,0,0,0.023138461550567965,0.976861538449432,0,0,1.000000034088913,0.9999999862655242,0.25866722135683,1.7188116041404429,0.2865997837779155,0.8079681068281792,0.5160905503051588,-0.3691964054659435,0.32090776801172993,0.164504330444636,0.16558104487560885,0.40866098506380033,0.12643396529331866,1.0,0.7525916377649539,0.9860156501977091,0.9860156501977091,0.9784143955121554,1,1,1,1,-0.0010276623,-0.002102349,2.3729258119277734,-0.03411226057879303,0.8079681068281792,2.613115729359492,-0.19047158913226356,0.7525916377649539,0.2647996464024353,0.2859278030242665,0.019614472189283305,6.079996576501633,0,,0,0.0,0.0,0.0,0.0,0.0,0.0,0,0,0,0,0,0,146,5,0,0,0,0,0,0,
459,9.18,transport,transport,transport_left,0,0,0,0,0.021002473407509253,0.9789975265924907,0,0,1.000000034088913,0.9999999862655242,0.25866722135683,1.708968640766282,0.28737834592010647,0.8115075267517535,0.5364927418017484,-0.37933130818045846,0.3282020733610175,0.19030401908942662,0.1385134457968466,0.5262529442269506,0.05907446094268763,1.0,0.753117491447233,0.985603221623385,0.985603221623385,0.9770996019593691,1,1,1,1,-0.0009795316,-0.0021793582,2.3654708591513645,-0.027649390236900058,0.8115075267517535,2.6070199606540405,-0.18334250269543584,0.753117491447233,0.264203124302978,0.28662092982938325,0.020850810236442016,6.181962069882015,0,,0,0.0,0.0,0.0,0.0,0.0,0.0,0,0,0,0,0,0,147,5,0,0,0,0,0,0,
460,9.200000000000001,transport,transport,transport_left,0,0,0,0,0.019605146176848793,0.9803948538231512,0,0,1.000000034088913,0.9999999862655242,0.25866722135683,1.6990560912757908,0.28803606832868806,0.8146686794227149,0.5205798100161884,-0.378246906933108,0.3247095740225075,0.14998769459575415,0.13402674538498235,0.3834052626827832,0.034032010803185506,1.0,0.7535224494923997,0.9853256943574646,0.9853256943574646,0.9756598770553777,1,1,1,1,-0.0010688789,-0.0021383949,2.357949853192073,-0.021158125928206106,0.8146686794227149,2.6006779863088667,-0.1762317537695795,0.7535224494923997,0.26371539068326505,0.2871990630682014,0.021942534744097617,6.150050406197436,0,,0,0.0,0.0,0.0,0.0,0.0,0.0,0,0,0,0,0,0,148,5,0,0,0,0,0,0,
461,9.22,transport,transport,transport_left,0,0,0,0,0.017160330573588917,0.9828396694264111,0,0,1.000000034088913,0.9999999862655242,0.25866722135683,1.6892172893848907,0.2886172286862835,0.8167698623149146,0.5035234580720777,-0.37809056456539075,0.3176927763028273,0.09825832127860326,0.08342547926830668,0.24111315430927824,0.03402036462002635,1.0,0.7536372048375751,0.9850394772480461,0.9850394772480461,0.9746364920737935,1,1,1,1,-0.001158569,-0.0021019317,2.3504214700287323,-0.01479900669370894,0.8167698623149146,2.594237163233854,-0.1692458015502431,0.7536372048375751,0.2633074853156487,0.28769915715572725,0.023002166559578777,5.985065030332794,0,,0,0.0,0.0,0.0,0.0,0.0,0.0,0,0,0,0,0,0,149,5,0,0,0,0,0,0,
462,9.24,transport,transport,transport_left,0,0,0,0,0.01344556163753604,0.9865544383624639,0,0,1.000000034088913,0.9999999862655242,0.25866722135683,1.6792735096650813,0.28918398883232943,0.8182924903134376,0.5084650461437075,-0.3865553204266978,0.32057723565970225,0.07963619388518854,0.02368767046710791,0.24576828467846856,0.019790544414467003,1.0,0.7534051965266774,0.9847600640305192,0.9847600640305192,0.9739835939638805,1,1,1,1,-0.0011626221,-0.0021358617,2.342766228984494,-0.008433683396750614,0.8182924903134376,2.5875842686254686,-0.16235413968286966,0.7534051965266774,0.2629010977487416,0.28819126563589414,0.023941048601896178,5.747670009616334,0,,0,0.0,0.0,0.0,0.0,0.0,0.0,0,0,0,0,0,0,150,5,0,0,0,0,0,0,
463,9.26,transport,transport,transport_left,0,0,0,0,0.009255297583560395,0.9907447024164396,0,0,1.000000034088913,0.9999999862655242,0.25866722135683,1.6691203832431853,0.2897185721353998,0.8193163538638296,0.5116102944743958,-0.39404969460142064,0.3232938901781627,0.04417003701804215,0.05861894300471218,0.179947608858693,0.028018088526674294,1.0,0.7527675841981474,0.9845144296153175,0.9845144296153175,0.9732681983927662,1,1,1,1,-0.0012390204,-0.0021031238,2.334920519216581,-0.0019731431867527176,0.8193163538638296,2.580607221778773,-0.15551432731756448,0.7527675841981474,0.2624986423025379,0.2886648307540902,0.024687375840444004,5.46945866136566,0,,0,0.0,0.0,0.0,0.0,0.0,0.0,0,0,0,0,0,0,151,5,0,0,0,0,0,0,
464,9.28,transport,transport,transport_left,0,0,0,0,0.005046673897858101,0.9949533261021419,0,0,1.000000034088913,0.9999999862655242,0.25866722135683,1.6587457917415003,0.2900894839144544,0.8197186902823321,0.5252457947146723,-0.40339111705349356,0.33549667313430426,0.024509872778048118,0.08084173994066192,0.19634003248064466,0.02144429850546107,1.0,0.7517075859352447,0.9842660942170794,0.9842660942170794,0.972612959427577,1,1,1,1,-0.0012335815,-0.002132956,2.3269238519549966,0.004655431249607437,0.8197186902823321,2.5731997272994533,-0.14864199828225422,0.7517075859352447,0.2622114755163507,0.28899731889572056,0.025148724596679994,5.204578024750439,0,,0,0.0,0.0,0.0,0.0,0.0,0.0,0,0,0,0,0,0,152,5,0,0,0,0,0,0,
465,9.3,transport,transport,transport_left,0,0,0,0,0.0015201084906444665,0.9984798915093556,0,0,1.000000034088913,0.9999999862655242,0.25866722135683,1.6481724978951369,0.2901580173105855,0.819342452354265,0.530736497294815,-0.40455168716333073,0.34236118667232596,-0.02842498609302216,0.08988665168523637,0.09078950721635215,0.01928624972598293,1.0,0.7501470412139383,0.9840072659684993,0.9840072659684993,0.971950747780691,1,1,1,1,-0.0012303032,-0.0021495558,2.3188384132840834,0.011497122142333652,0.819342452354265,2.565268234074238,-0.1416825711428481,0.7501470412139383,0.26215718563443613,0.28905935002712885,0.02522631902406322,4.993520647634717,0,,0,0.0,0.0,0.0,0.0,0.0,0.0,0,0,0,0,0,0,153,5,0,0,0,0,0,0,
466,9.32,transport,transport,transport,0,0,0,0,0.0007485675704278572,0.9992514324295722,0,0,1.000000034088913,0.9999999862655242,0.25866722135683,1.637336730252187,0.28988773270439955,0.8184407271589544,0.5482767629667965,-0.40642761343525297,0.3646805560958923,-0.04931628384483276,0.18657956259735675,0.13183758876948792,-0.013523103610033558,1.0,0.7479932704013634,0.9837153874243313,0.9837153874243313,0.970864863836506,1,1,1,1,-0.0011867471,-0.002185706,2.3107206554454605,0.018733956595878815,0.8184407271589544,2.5567394494489637,-0.13459461402799164,0.7479932704013634,0.2623315244033154,0.28883369897884553,0.02469801422574372,4.835845697406382,0,,0,0.0,0.0,0.0,0.0,0.0,0.0,0,0,0,0,0,0,154,5,0,0,0,0,0,0,
467,9.34,transport,transport,transport_right,0,0,0,0,0.0013235290801847488,0.9986764709198153,0,0,1.000000034088913,0.9999999862655242,0.25866722135683,1.6260663493599927,0.28942342708820074,0.8179698316196278,0.5824555588317788,-0.40730046799438396,0.41634001944573384,-0.004668510846238286,0.46138650121194885,0.332888291092217,-0.10261232896507005,1.0,0.7457450520976796,0.9828245492646642,0.9828245492646642,0.9691743489722733,1,1,1,1,-0.0008989908,-0.0024256147,2.302637476703402,0.026743871144885398,0.8179698316196278,2.5476475196641086,-0.1273210469768976,0.7457450520976796,0.2625393708986135,0.2884899989778539,0.02322586138848079,5.010136138912065,0,,0,0.0,0.0,0.0,0.0,0.0,0.0,0,0,0,0,0,0,155,5,0,0,0,0,0,0,
468,9.36,transport,transport,transport_left,0,0,0,0,0.0032693475100948476,0.9967306524899051,0,0,1.000000034088913,0.9999999862655242,0.25866722135683,1.6145907097672334,0.28840060820951885,0.8183680570515319,0.5902096108174812,-0.3836162473518917,0.4480496851578013,0.020915044799617276,0.35610228593398685,0.2507485949354862,-0.28471281285984523,1.0,0.744952985233554,0.9817046542469885,0.9817046542469885,0.9665095864108056,1,1,1,1,-0.0006518848,-0.0025348254,2.2949314834031687,0.03560603064181741,0.8183680570515319,2.537891484027278,-0.11978170668759092,0.744952985233554,0.26312808843391156,0.28767138172066914,0.020496022895709717,5.3573311261976535,0,,0,0.0,0.0,0.0,0.0,0.0,0.0,0,0,0,0,0,0,156,5,0,0,0,0,0,0,
469,9.38,transport,transport,transport_left,0,0,0,0,0.012061833704014384,0.9879381662959856,0,0,1.000000034088913,0.9999999862655242,0.25866722135683,1.603443509595829,0.28682761007591495,0.8188294532885723,0.5741758907564032,-0.3535073987983588,0.45195729104222837,0.021096909595900073,-0.007623178717003999,0.060005122989114534,-0.44099976831322274,1.0,0.7456633569597323,0.9809900560259124,0.9809900560259124,0.9653318508028502,1,1,1,1,-0.00052619353,-0.0025453456,2.28777561964765,0.04466489861101898,0.8188294532885723,2.527792602146175,-0.11237626164374942,0.7456633569597323,0.2642090438565693,0.28633059913296227,0.016877970909441015,5.381347170412163,0,,0,0.0,0.0,0.0,0.0,0.0,0.0,0,0,0,0,0,0,157,5,0,0,0,0,0,0,
470,9.4,transport,transport,transport_left,0,0,0,0,0.019426576096425854,0.9805734239035742,0,0,1.000000034088913,0.9999999862655242,0.25866722135683,1.592826936468392,0.28502863729600164,0.8185304078511324,0.5500246692291244,-0.3284786668232121,0.4407314339314237,-0.019613906989788932,-0.2346516273253038,-0.15915998228946407,-0.5171772256417108,1.0,0.7468769047621112,0.9810243346589543,0.9810243346589543,0.966448429019658,1,1,1,1,-0.000564266,-0.0024701692,2.281143029788427,0.05354857488226766,0.8185304078511324,2.518034440933044,-0.10495626228280976,0.7468769047621112,0.2656122496177344,0.28471950630165654,0.013271277638443296,5.177685877614825,0,,0,0.0,0.0,0.0,0.0,0.0,0.0,0,0,0,0,0,0,158,5,0,0,0,0,0,0,
471,9.42,transport,transport,transport_left,0,0,0,0,0.024575221924765387,0.9754247780752346,0,0,1.000000034088913,0.9999999862655242,0.25866722135683,1.5824795479675349,0.2838402984859785,0.8174279150517385,0.5391601178264995,-0.32266185137784675,0.4278096963492842,-0.0596810357621114,-0.32332520845357876,-0.18344638186962173,-0.5013457588771978,1.0,0.747672200143968,0.981381092463554,0.981381092463554,0.9681714005591344,1,1,1,1,-0.0006531961,-0.002377037,2.2746599949632516,0.06219216806428804,0.8174279150517385,2.5089964689402295,-0.09796941287398352,0.747672200143968,0.266513817265364,0.2836688184102305,0.009864912891304783,4.727980911041887,0,,0,0.0,0.0,0.0,0.0,0.0,0.0,0,0,0,0,0,0,159,5,0,0,0,0,0,0,
472,9.44,transport,transport,transport_left,0,0,0,0,0.026987153806092463,0.9730128461939075,0,0,1.000000034088913,0.9999999862655242,0.25866722135683,1.5723525784405006,0.2831729522610259,0.8155934781681105,0.5302866476347018,-0.3208862138713549,0.41127509907438436,-0.09533498459806264,-0.40474635265874837,-0.22598210918686346,-0.43458830784432806,1.0,0.7482184408253155,0.9817701364351497,0.9817701364351497,0.9702957089875035,1,1,1,1,-0.00074978545,-0.0022753067,2.2682135454175154,0.07052318687133416,0.8155934781681105,2.500577186009098,-0.09132260214787696,0.7482184408253155,0.2669962458145588,0.28309084146650637,0.0068188246795628515,4.199016385085598,0,,0,0.0,0.0,0.0,0.0,0.0,0.0,0,0,0,0,0,0,160,5,0,0,0,0,0,0,
473,9.46,transport,transport,transport_left,0,0,0,0,0.027938295969224123,0.9720617040307759,0,0,1.000000034088913,0.9999999862655242,0.25866722135683,1.562470265637162,0.2828173536440158,0.8132052171166375,0.5206200890351663,-0.31826412979912816,0.39352858906321053,-0.12201831985446723,-0.4439728596035985,-0.29518671689002385,-0.36259063102836964,1.0,0.7486845621021447,0.9820349927932039,0.9820349927932039,0.9727025213920018,1,1,1,1,-0.00083578005,-0.0021732636,2.261807369714713,0.07850360604410256,0.8132052171166375,2.492669023930713,-0.08486270668546951,0.7486845621021447,0.2672476045667137,0.2827857939777797,0.004224955214087833,3.678767944617696,0,,0,0.0,0.0,0.0,0.0,0.0,0.0,0,0,0,0,0,0,161,5,0,0,0,0,0,0,
474,9.48,transport,transport,transport_left,0,0,0,0,0.02807367990991892,0.9719263200900811,0,0,1.000000034088913,0.9999999862655242,0.25866722135683,1.5528816321870176,0.28246612057722187,0.8104809796046679,0.5070998122974504,-0.31315010388493647,0.37461722912211787,-0.1369275856569069,-0.460543301533665,-0.36802407020554107,-0.28512301029337633,1.0,0.7492594853994561,0.9822641133988531,0.9822641133988531,0.9752583585823478,1,1,1,1,-0.0009070821,-0.00207958,2.2554868556431362,0.08611038435099891,0.8104809796046679,2.485074334289133,-0.07843960477971999,0.7492594853994561,0.2675495965673877,0.28245847513688527,0.0020782437997518555,3.192084771252702,0,,0,0.0,0.0,0.0,0.0,0.0,0.0,0,0,0,0,0,0,162,5,0,0,0,0,0,0,
475,9.5,transport,transport,transport_left,0,0,0,0,0.02763054346304659,0.9723694565369534,0,0,1.000000034088913,0.9999999862655242,0.25866722135683,1.5436242695703815,0.2819601810880052,0.8076714641545254,0.48986171701107556,-0.3053747662580653,0.3567252033319273,-0.13949151670860183,-0.4637684314915094,-0.41913704660823764,-0.20916829004254534,1.0,0.7500393178443623,0.9825084472983832,0.9825084472983832,0.9778351536956643,1,1,1,1,-0.00094996765,-0.0020122118,2.249306738275394,0.09335306244048538,0.8076714641545254,2.4777173074223118,-0.07196528385284578,0.7500393178443623,0.2680402883112343,0.2819599523283737,0.00035916870952848456,2.7698321765998353,0,,0,0.0,0.0,0.0,0.0,0.0,0.0,0,0,0,0,0,0,163,5,0,0,0,0,0,0,
476,9.52,transport,transport,transport_left,0,0,0,0,0.026955754607607012,0.973044245392393,0,0,1.000000034088913,0.9999999862655242,0.25866722135683,1.5346905470035908,0.2812497091228251,0.8049930416416421,0.47163119501561557,-0.29544081692804103,0.34323338090228933,-0.13168733439147942,-0.45544179257121353,-0.4415260615198949,-0.1470348482812709,1.0,0.7510271646541589,0.9827373764381147,0.9827373764381147,0.9803109325828055,1,1,1,1,-0.0009560771,-0.0019774027,2.2433160314153295,0.10031092561490208,0.8049930416416421,2.470564759226158,-0.06539789910494728,0.7510271646541589,0.26875412389518355,0.2812478361554601,0.0010264207447230056,2.418611348770776,0,,0,0.0,0.0,0.0,0.0,0.0,0.0,0,0,0,0,0,0,164,5,0,0,0,0,0,0,
477,9.540000000000001,transport,transport,transport_left,0,0,0,0,0.026313030773898405,0.9736869692261017,0,0,1.000000034088913,0.9999999862655242,0.25866722135683,1.5258507822595175,0.28052760616071243,0.8028975802147988,0.4636115113134859,-0.29605337257916853,0.3435663897713663,-0.09617780318942672,-0.3051938658037641,-0.28509979104289046,-0.12056060616267573,1.0,0.752180515770499,0.9829399488125408,0.9829399488125408,0.9822962094645649,1,1,1,1,-0.0009082146,-0.0019866265,2.2373887979862643,0.1072012089911785,0.8028975802147988,2.46360577967181,-0.05869518944875518,0.752180515770499,0.26948953407826004,0.28051920803685637,0.002170654425434154,2.112769927354986,0,,0,0.0,0.0,0.0,0.0,0.0,0.0,0,0,0,0,0,0,165,5,0,0,0,0,0,0,
478,9.56,transport,transport,transport_left,0,0,0,0,0.025636394017429995,0.97436360598257,0,0,1.000000034088913,0.9999999862655242,0.25866722135683,1.5169648335635186,0.27993706515413563,0.8016404345164626,0.46038775483056193,-0.29459548128356783,0.34928841757155593,-0.05628488745291284,-0.2197950564156561,-0.21726078498501894,-0.09679533073017163,1.0,0.7534379475459915,0.9830897216674104,0.9830897216674104,0.9834650679724045,1,1,1,1,-0.0008273311,-0.002023507,2.231474563632901,0.11419369290742985,0.8016404345164626,2.4568639791066103,-0.05183152156173,0.7534379475459915,0.2700994211640733,0.2799191483035849,0.003167153312742532,1.8248038444343173,0,,0,0.0,0.0,0.0,0.0,0.0,0.0,0,0,0,0,0,0,166,5,0,0,0,0,0,0,
479,9.58,transport,transport,transport_left,0,0,0,0,0.024839692582878894,0.9751603074171211,0,0,1.000000034088913,0.9999999862655242,0.25866722135683,1.5082749581564778,0.2791099192714144,0.8005474971709073,0.45054469037828515,-0.27872380129514596,0.34989046282415054,-0.05366772441934324,-0.2806502792683204,-0.32690994771263615,-0.05031598508633106,1.0,0.7547637399293188,0.983202270838571,0.983202270838571,0.9847782565081883,1,1,1,1,-0.00076154247,-0.0020631738,2.225823035646389,0.12122167619264514,0.8005474971709073,2.4502176627332997,-0.04475843818923429,0.7547637399293188,0.27095291388688764,0.27907896862900033,0.004156477435150158,1.5742424150275331,0,,0,0.0,0.0,0.0,0.0,0.0,0.0,0,0,0,0,0,0,167,5,0,0,0,0,0,0,
480,9.6,transport,transport,transport_left,0,0,0,0,0.02441824128812498,0.975581758711875,0,0,1.000000034088913,0.9999999862655242,0.25866722135683,1.4996572610268473,0.2781256337925097,0.7995969273567392,0.4494543719698167,-0.26873221151639803,0.35700405853031403,-0.048376990079710226,-0.26985006417338475,-0.33288714952119985,-0.02430195949246616,1.0,0.7561277968151167,0.9833395255101158,0.9833395255101158,0.9860846405602197,1,1,1,1,-0.00068433955,-0.0021228679,2.2203606928218744,0.12839700143389898,0.7995969273567392,2.443632260579814,-0.037445318868842,0.7561277968151167,0.27197232064026544,0.27807720452548546,0.005190038128625202,1.3490730574735041,0,,0,0.0,0.0,0.0,0.0,0.0,0.0,0,0,0,0,0,0,168,5,0,0,0,0,0,0,
481,9.620000000000001,transport,transport,transport_left,0,0,0,0,0.024361544977758425,0.9756384550222416,0,0,1.000000034088913,0.9999999862655242,0.25866722135683,1.4909694384652878,0.27717664358950295,0.7988632010397545,0.45848223725689535,-0.2653286389866361,0.37218337676317353,-0.03586375990814435,-0.22556788215961254,-0.2954448065949558,-0.015584291160791425,1.0,0.757471806557951,0.9835259892256161,0.9835259892256161,0.9870736233846538,1,1,1,1,-0.0005989261,-0.0021917261,2.214996906769598,0.1358400092857689,0.7988632010397545,2.437168753273012,-0.029890381327436426,0.757471806557951,0.2729669607034243,0.2771053910144342,0.006284426965114248,1.1410535825762431,0,,0,0.0,0.0,0.0,0.0,0.0,0.0,0,0,0,0,0,0,169,5,0,0,0,0,0,0,
482,9.64,transport,transport,transport_left,0,0,0,0,0.02461737443090184,0.9753826255690982,0,0,1.000000034088913,0.9999999862655242,0.25866722135683,1.4821814107271745,0.27631028195945145,0.7981378627346625,0.46993372297795055,-0.26067768682779796,0.38936621410614275,-0.03576029774309833,-0.22711207339751863,-0.2937572442192737,-0.010191676521800152,1.0,0.758731894473337,0.9837772195049734,0.9837772195049734,0.9880656406615336,1,1,1,1,-0.0005003698,-0.0022804327,2.2097345472072436,0.14360980528751188,0.7981378627346625,2.430853205386524,-0.022082412156476897,0.758731894473337,0.2738928846808659,0.2762091451251868,0.007475297032564415,0.9909338889952961,0,,0,0.0,0.0,0.0,0.0,0.0,0.0,0,0,0,0,0,0,170,5,0,0,0,0,0,0,
483,9.66,transport,transport,transport_left,0,0,0,0,0.025665677249273284,0.9743343227507267,0,0,1.000000034088913,0.9999999862655242,0.25866722135683,1.4731808940422972,0.2756757899860199,0.7973643478312096,0.4882321372008943,-0.2592885998051698,0.411912282848513,-0.0383185731121875,-0.2197175141512536,-0.28108495935085637,-0.020764888557524445,1.0,0.7598381302372211,0.9841185369971227,0.9841185369971227,0.988980899107105,1,1,1,1,-0.00039051846,-0.002381239,2.204511353666702,0.15181697088486004,0.7973643478312096,2.424735529819339,-0.014009605460152539,0.7598381302372211,0.27460511370131485,0.275535611557731,0.008790218878008155,0.9115063783573968,0,,0,0.0,0.0,0.0,0.0,0.0,0.0,0,0,0,0,0,0,171,5,0,0,0,0,0,0,
484,9.68,transport,transport,transport_left,0,0,0,0,0.027681185973663536,0.9723188140263365,0,0,1.000000034088913,0.9999999862655242,0.25866722135683,1.4638710720075536,0.27539350287921144,0.7965073024970586,0.512135444460952,-0.26089526944433306,0.43862361226262436,-0.04272819467837067,-0.20104777351907813,-0.26846997283770385,-0.039510916767370945,1.0,0.7607137136458972,0.9845482390539352,0.9845482390539352,0.9897950053524563,1,1,1,1,-0.00027366355,-0.0024894662,2.199265575853205,0.16054738141082292,0.7965073024970586,2.4188608333423307,-0.005643786574623509,0.7607137136458972,0.27498652211385527,0.2752036309852804,0.010224623249775078,0.9192596354508887,0,,0,0.0,0.0,0.0,0.0,0.0,0.0,0,0,0,0,0,0,172,5,0,0,0,0,0,0,
485,9.700000000000001,transport,transport,transport_left,0,0,0,0,0.030803314299440884,0.9691966857005592,0,0,1.000000034088913,0.9999999862655242,0.25866722135683,1.4541895599529426,0.2755274372653455,0.7955159452965589,0.540101110465967,-0.2642571246704762,0.46838747867290736,-0.04990542465403769,-0.16356870459566197,-0.25541412634131405,-0.05750690296018712,1.0,0.7612414038512338,0.9850357289433653,0.9850357289433653,0.9904732507417622,1,1,1,1,-0.0001549907,-0.0026040412,2.1939594671861027,0.16986255885102056,0.7955159452965589,2.41326385062337,0.0030664075428777473,0.7612414038512338,0.2749748691980762,0.27527653635955435,0.011755731193586166,1.0332140429395362,0,,0,0.0,0.0,0.0,0.0,0.0,0.0,0,0,0,0,0,0,173,5,0,0,0,0,0,0,
486,9.72,transport,transport,transport_left,0,0,0,0,0.03515690430023053,0.9648430956997694,0,0,1.000000034088913,0.9999999862655242,0.25866722135683,1.4441063131051084,0.2760733151374873,0.7942981653066784,0.5701668471042243,-0.26915260564316634,0.4988117413629915,-0.06191893967669358,-0.09584777289039169,-0.23615588480630323,-0.0721599263929356,1.0,0.76122425332855,0.9855063018407076,0.9855063018407076,0.9909573103346034,1,1,1,1,-5.1338226e-05,-0.0027109124,2.188563044845822,0.1797798859201957,0.7942981653066784,2.4079584478613056,0.012202642636163016,0.76122425332855,0.27457068679398217,0.2757521938949848,0.013311757701560512,1.271201891180091,0,,0,0.0,0.0,0.0,0.0,0.0,0.0,0,0,0,0,0,0,174,5,0,0,0,0,0,0,
487,9.74,transport,transport,transport_left,0,0,0,0,0.04075577815217313,0.9592442218478269,0,0,1.000000034088913,0.9999999862655242,0.25866722135683,1.433611926732813,0.2769532738387412,0.7927741046540857,0.6002365841527713,-0.2767784794537017,0.5269076724614347,-0.07775561052398149,0.013913518318426212,-0.18615259216020288,-0.07647601381637156,1.0,0.7603456044791025,0.985861188259282,0.985861188259282,0.9911551441265366,1,1,1,1,1.7981976e-05,-0.0027950592,2.1830291090322986,0.19025597467348687,0.7927741046540857,2.402928407468797,0.021889070451984547,0.7603456044791025,0.27383545479901145,0.2765611450772867,0.014732580342111612,1.640641355382267,0,,0,0.0,0.0,0.0,0.0,0.0,0.0,0,0,0,0,0,0,175,5,0,0,0,0,0,0,
488,9.76,transport,transport,transport_left,0,0,0,0,0.04733556714310876,0.9526644328568913,0,0,1.000000034088913,0.9999999862655242,0.25866722135683,1.4227544086471096,0.2779664954413285,0.7910370905788562,0.624064891507001,-0.28735971244992875,0.5469969951037825,-0.08761091153373324,0.18189133538784136,-0.07479971479510153,-0.05961121249038473,1.0,0.75815026034572,0.98585502097665,0.98585502097665,0.9909269118251562,1,1,1,1,2.1781772e-05,-0.0028340705,2.177302664822748,0.20113289907768814,0.7910370905788562,2.3981003746327145,0.03227276781335471,0.75815026034572,0.2729351338005319,0.2775198048411089,0.01575215886432456,2.063122280218776,0,,0,0.0,0.0,0.0,0.0,0.0,0.0,0,0,0,0,0,0,176,5,0,0,0,0,0,0,
489,9.78,transport,transport,transport_left,0,0,0,0,0.053582931695490964,0.946417068304509,0,0,1.000000034088913,0.9999999862655242,0.25866722135683,1.4117424125883944,0.27802216213631314,0.7893524636441792,0.6197772330528879,-0.30388282211416984,0.533694927082146,-0.0833593056677201,0.05755568550257077,-0.09275859887121243,-0.013293504225336199,1.0,0.7560343093256324,0.9851333934253087,0.9851333934253087,0.9905935876208575,1,1,1,1,-0.00010326877,-0.002718199,2.1712616709216803,0.21186115485019097,0.7893524636441792,2.392469784925359,0.043447102770544546,0.7560343093256324,0.2729350885548589,0.2775479637040926,0.01623115777331062,1.9458513446687806,0,,0,0.0,0.0,0.0,0.0,0.0,0.0,0,0,0,0,0,0,177,5,0,0,0,0,0,0,
490,9.8,transport,transport,transport_left,0,0,0,0,0.053428609746848155,0.9465713902531518,0,0,1.000000034088913,0.9999999862655242,0.25866722135683,1.400732965633096,0.2774552100772198,0.7884071940127468,0.5967220015697411,-0.3298967310709115,0.4955569947500921,-0.04084799799723441,0.043199496601400954,-0.17238034002312638,0.14382790746478594,1.0,0.7547859665802494,0.9853534588145804,0.9853534588145804,0.990597035601686,1,1,1,1,-0.00031125918,-0.0025245883,2.1647118918639805,0.2218617405987023,0.7884071940127468,2.3863500329588567,0.05495479643219408,0.7547859665802494,0.27343571140655204,0.27701300484235186,0.015658503990014547,2.045888170053891,0,,0,0.0,0.0,0.0,0.0,0.0,0.0,0,0,0,0,0,0,178,5,0,0,0,0,0,0,
491,9.82,transport,transport,transport_left,0,0,0,0,0.05328486222273477,0.9467151377772652,0,0,1.000000034088913,0.9999999862655242,0.25866722135683,1.3897531095124573,0.2779291794759286,0.7884094119823649,0.5810043959114044,-0.3503276750520316,0.463465736814674,0.0060115688339641305,0.09253616222412554,-0.11874696572921743,0.2888576632938009,1.0,0.7540810169076184,0.9856495572748805,0.9856495572748805,0.9904190142583638,1,1,1,1,-0.00046833232,-0.0024084188,2.1577315706226377,0.23118830925040146,0.7884094119823649,2.3807376375104132,0.06531811019280125,0.7540810169076184,0.2728679929551817,0.2775342611134309,0.014810898432739486,2.3701479466991047,0,,0,0.0,0.0,0.0,0.0,0.0,0.0,0,0,0,0,0,0,179,5,0,0,0,0,0,0,
492,9.84,transport,transport,transport_left,0,0,0,0,0.054684864837006214,0.9453151351629938,0,0,1.000000034088913,0.9999999862655242,0.25866722135683,1.3790717168982756,0.27869990270042183,0.7893800592652588,0.5575528186128984,-0.3560474579931481,0.42557942029123746,0.054566566910327734,0.12275352397942388,-0.02616008594481406,0.3766065200744475,1.0,0.7539608313945896,0.9860009938393722,0.9860009938393722,0.990127703912972,1,1,1,1,-0.00060227886,-0.0022977926,2.1506036664177453,0.2397697042979778,0.7893800592652588,2.3752718524646523,0.07485202197247055,0.7539608313945896,0.2719867700231904,0.2783607569977971,0.013744989226547932,2.7962820278156726,0,,0,0.0,0.0,0.0,0.0,0.0,0.0,0,0,0,0,0,0,180,5,0,0,0,0,0,0,
493,9.86,transport,transport,transport_left,0,0,0,0,0.05662503970881281,0.9433749602911872,0,0,1.000000034088913,0.9999999862655242,0.25866722135683,1.3688687855847304,0.27925223345692024,0.7911971838453736,0.5324633108019423,-0.3534660571625338,0.3866279931058638,0.09538196229408516,0.13716851245084707,0.07579239304797723,0.3990368946758907,1.0,0.7543108261061812,0.9863256454722903,0.9863256454722903,0.9897349753302418,1,1,1,1,-0.00072919205,-0.002185423,2.143524887978567,0.247568819523436,0.7911971838453736,2.3697347616993545,0.08382846737435942,0.7543108261061812,0.2713106717667894,0.2789748447964833,0.012443707705354981,3.3059571856762,0,,0,0.0,0.0,0.0,0.0,0.0,0.0,0,0,0,0,0,0,181,5,0,0,0,0,0,0,
494,9.88,transport,transport,transport_left,0,0,0,0,0.05894792044359859,0.9410520795564015,0,0,1.000000034088913,0.9999999862655242,0.25866722135683,1.3588960511083217,0.27976142173674834,0.7940876913279621,0.5395021006748052,-0.36143255991206213,0.36751285122743055,0.15925867464796312,0.17411465736329088,0.3383505120308815,0.3380730555873227,1.0,0.7550044347269181,0.9865180246197292,0.9865180246197292,0.9892459445924968,1,1,1,1,-0.0007424392,-0.0021860786,2.1363911215656004,0.2548733030623644,0.7940876913279621,2.3641220294162593,0.09237688248122829,0.7550044347269181,0.27067989149112875,0.2795444085768341,0.011017110582851486,3.7741502088689356,0,,0,0.0,0.0,0.0,0.0,0.0,0.0,0,0,0,0,0,0,182,5,0,0,0,0,0,0,
495,9.9,transport,transport,transport_left,0,0,0,0,0.060615796995512554,0.9393842030044874,0,0,1.000000034088913,0.9999999862655242,0.25866722135683,1.3487882604388204,0.28060248478780864,0.7983667287526656,0.5629605060672032,-0.3743632442181734,0.3585956863070675,0.2195127024384898,0.19737594168825368,0.5674268144254231,0.27499237770389984,1.0,0.755822473463394,0.9866160062292786,0.9866160062292786,0.9883663075882625,1,1,1,1,-0.000809703,-0.0021531023,2.128998192511028,0.2620345874987178,0.7983667287526656,2.358440942946397,0.10049889874311954,0.755822473463394,0.2697380915497489,0.28043556039653783,0.009677341275999896,4.108082502676161,0,,0,0.0,0.0,0.0,0.0,0.0,0.0,0,0,0,0,0,0,183,5,0,0,0,0,0,0,
496,9.92,transport,transport,transport_left,0,0,0,0,0.06111140790179555,0.9388885920982044,0,0,1.000000034088913,0.9999999862655242,0.25866722135683,1.3389982708408494,0.2812666248566691,0.8022766290506014,0.5322929002146944,-0.3658830852806275,0.33648322395467695,0.19037946192162228,0.1963677362883072,0.4422551049428959,0.26887394979763274,1.0,0.7566908166498263,0.9866084739968523,0.9866084739968523,0.9873719472171891,1,1,1,1,-0.0009276308,-0.002086658,2.121713091618093,0.268784432626706,0.8022766290506014,2.3526822751801215,0.10827228198709829,0.7566908166498263,0.2689860587490962,0.2811431040517182,0.008334824678836728,4.379741240796811,0,,0,0.0,0.0,0.0,0.0,0.0,0.0,0,0,0,0,0,0,184,5,0,0,0,0,0,0,
497,9.94,transport,transport,transport_left,0,0,0,0,0.06100857663436458,0.9389914233656355,0,0,1.000000034088913,0.9999999862655242,0.25866722135683,1.3293227405691632,0.2819369229499612,0.8062503611104551,0.5362405736966203,-0.37023612767371794,0.32838897674959044,0.2064941708451059,0.14032679582352248,0.5395885445909137,0.2089253212808017,1.0,0.7575183466310055,0.9864883305487637,0.9864883305487637,0.9864314995529245,1,1,1,1,-0.0009441711,-0.0021076687,2.11441583420256,0.27530945020798003,0.8062503611104551,2.3468589976023613,0.11575192355634983,0.7575183466310055,0.2682436004798874,0.28184890847643546,0.007044239713004885,4.563711868794128,0,,0,0.0,0.0,0.0,0.0,0.0,0.0,0,0,0,0,0,0,185,5,0,0,0,0,0,0,
498,9.96,transport,transport,transport_left,0,0,0,0,0.06015012156036422,0.9398498784396357,0,0,1.000000034088913,0.9999999862655242,0.25866722135683,1.3197818222292315,0.28258157194403605,0.8099084997462193,0.5133681180333787,-0.36600743246624,0.31404928684083544,0.17595007651992217,0.13714822770426072,0.43733704217800473,0.19098090131494413,1.0,0.758216754977544,0.9862860456375485,0.9862860456375485,0.9853870705500499,1,1,1,1,-0.0010567047,-0.002045069,2.107132097656558,0.28161105810254167,0.8099084997462193,2.3409831236640977,0.1229729717626485,0.758216754977544,0.26754027714157724,0.28252231355397317,0.0057868079692428576,4.657043758438063,0,,0,0.0,0.0,0.0,0.0,0.0,0.0,0,0,0,0,0,0,186,5,0,0,0,0,0,0,
499,9.98,transport,transport,transport_left,0,0,0,0,0.058467529734894746,0.9415324702651052,0,0,1.000000034088913,0.9999999862655242,0.25866722135683,1.31028612394843,0.28324272612378026,0.813316465347937,0.518740130398029,-0.3724078014328038,0.31169293003234816,0.1823493067856284,0.07650882264731071,0.5002810787971336,0.14034273007770776,1.0,0.7587626361430555,0.9860082570653642,0.9860082570653642,0.9844700306770728,1,1,1,1,-0.0010854043,-0.0020618476,2.0998115928998855,0.28777511888333346,0.813316465347937,2.3350408373163916,0.12999792004500174,0.7587626361430555,0.2668333083387544,0.2832058431482054,0.0045708105129037835,4.67333833285446,0,,0,0.0,0.0,0.0,0.0,0.0,0.0,0,0,0,0,0,0,187,5,0,0,0,0,0,0,
500,10.0,transport,transport,transport_left,0,0,0,0,0.056110661720056396,0.9438893382799436,0,0,1.000000034088913,0.9999999862655242,0.25866722135683,1.300792315478538,0.283923667783252,0.8162894590731402,0.5079123972265547,-0.37415130729178353,0.30605237217416686,0.15594148901059043,0.06734695675568214,0.4257546435500553,0.12128706615476265,1.0,0.7591030226345066,0.9856991752278071,0.9856991752278071,0.9835362336390762,1,1,1,1,-0.0011532344,-0.0020449646,2.0924299719457835,0.293843148953833,0.8162894590731402,2.3289996019070887,0.13684805569463077,0.7591030226345066,0.2661189490673364,0.28390304915890074,0.0034216671043864333,4.61169083124187,0,,0,0.0,0.0,0.0,0.0,0.0,0.0,0,0,0,0,0,0,188,5,0,0,0,0,0,0,
501,10.02,transport,transport,transport_left,0,0,0,0,0.05312153022891653,0.9468784697710835,0,0,1.000000034088913,0.9999999862655242,0.25866722135683,1.2912323244941566,0.2846269463177368,0.8188189571139662,0.49603682008441036,-0.3763334722002212,0.3007734337943656,0.11815661684698578,0.06993035680516967,0.32611922854225056,0.11208272883317567,1.0,0.7592092378516045,0.9853706062660588,0.9853706062660588,0.9826821582218608,1,1,1,1,-0.0012196787,-0.0020264722,2.084941354783543,0.2998691081663114,0.8188189571139662,2.322808274705982,0.14356227217769646,0.7592092378516045,0.265393310724958,0.28461717199327796,0.0023588083238449686,4.481863722974516,0,,0,0.0,0.0,0.0,0.0,0.0,0.0,0,0,0,0,0,0,189,5,0,0,0,0,0,0,
502,10.040000000000001,transport,transport,transport_left,0,0,0,0,0.04963676463758827,0.9503632353624117,0,0,1.000000034088913,0.9999999862655242,0.25866722135683,1.281481656626973,0.2853963780258837,0.821169312997126,0.5098502374841424,-0.3868065658342188,0.30882456968550437,0.1222919884895884,0.0034622362523036073,0.3785078408851933,0.07284316996903414,1.0,0.7590358758577017,0.9850566037363075,0.9850566037363075,0.9819551619176128,1,1,1,1,-0.0012145676,-0.0020694472,2.0772922333644877,0.3059994432892186,0.821169312997126,2.316394011645919,0.15017443819391865,0.7590358758577017,0.26461190155452086,0.285392394678176,0.001507862775356139,4.279146331931719,0,,0,0.0,0.0,0.0,0.0,0.0,0.0,0,0,0,0,0,0,190,5,0,0,0,0,0,0,
503,10.06,transport,transport,transport_left,0,0,0,0,0.04586391458521118,0.9541360854147888,0,0,1.000000034088913,0.9999999862655242,0.25866722135683,1.271664370582741,0.2860222243053852,0.8224867521358205,0.4980501456543832,-0.38813045770000715,0.3067451351783568,0.057585739869753474,0.08120659167363115,0.1997161570530767,0.08302499829431825,1.0,0.7585418651943254,0.9847690975226768,0.9847690975226768,0.9812105686977868,1,1,1,1,-0.0012933053,-0.0020369925,2.069559819300841,0.3121248978468393,0.8224867521358205,2.309686324928422,0.15672871355749673,0.7585418651943254,0.26398015802059716,0.2860210808800187,0.0008087575816477233,4.062699705052417,0,,0,0.0,0.0,0.0,0.0,0.0,0.0,0,0,0,0,0,0,191,5,0,0,0,0,0,0,
504,10.08,transport,transport,transport_left,0,0,0,0,0.042271723242008834,0.9577282767579912,0,0,1.000000034088913,0.9999999862655242,0.25866722135683,1.261645544256721,0.2865503031369927,0.8232442630281338,0.5104747714124492,-0.3952104308474691,0.3203602023520125,0.04198271485894778,0.05930654412305022,0.21762330535911237,0.05523751938964855,1.0,0.7576641509063353,0.9844967151742768,0.9844967151742768,0.9806249102214915,1,1,1,1,-0.0012456812,-0.0021075048,2.0617152191318606,0.31845002830788705,0.8232442630281338,2.302608307483839,0.16326756727524216,0.7576641509063353,0.2634504638143037,0.28654993576720966,0.0004588460639785852,3.834803919473551,0,,0,0.0,0.0,0.0,0.0,0.0,0.0,0,0,0,0,0,0,192,5,0,0,0,0,0,0,
505,10.1,transport,transport,transport_left,0,0,0,0,0.03927968182067326,0.9607203181793267,0,0,1.000000034088913,0.9999999862655242,0.25866722135683,1.2513862102288442,0.2869377515847734,0.8233784548901866,0.5183898586550661,-0.39948424317936065,0.33035989384700215,-0.0016509225391772963,0.09012850532349091,0.1616101541669924,0.033890721133773,1.0,0.7562851336420384,0.9842662318278679,0.9842662318278679,0.9799129911205321,1,1,1,1,-0.0012695678,-0.002102811,2.053749178696653,0.32503318160816513,0.8233784548901866,2.2950798230878955,0.16981464739838487,0.7562851336420384,0.26306329660007177,0.286937250242207,0.0005363841591653207,3.6163351464798907,0,,0,0.0,0.0,0.0,0.0,0.0,0.0,0,0,0,0,0,0,193,5,0,0,0,0,0,0,
506,10.120000000000001,transport,transport,transport_left,0,0,0,0,0.037251230579933216,0.9627487694200668,0,0,1.000000034088913,0.9999999862655242,0.25866722135683,1.2410067204204298,0.2869553744694848,0.8224044267563188,0.5271179489936011,-0.398863784582051,0.33960792583470245,-0.058544600181016426,0.07867344724055292,0.07547761161589985,0.004234058258834283,1.0,0.7543572176965095,0.9840109233584362,0.9840109233584362,0.9793997359413127,1,1,1,1,-0.0012422539,-0.0021391101,2.0457710458335923,0.3318228607043594,0.8224044267563188,2.287029744138882,0.17645997121990298,0.7543572176965095,0.26304844376514747,0.28695354833605125,0.0010237354500784446,3.490345806001442,0,,0,0.0,0.0,0.0,0.0,0.0,0.0,0,0,0,0,0,0,194,5,0,0,0,0,0,0,
507,10.14,transport,transport,transport_left,0,0,0,0,0.03698032173472005,0.9630196782652799,0,0,1.000000034088913,0.9999999862655242,0.25866722135683,1.2303376649366193,0.28675574881937455,0.8211865654806094,0.5446004326997629,-0.3966853421284795,0.36518833936371076,-0.076601876151667,0.18431504478020863,0.11276279870030771,-0.053176134478140166,1.0,0.7518469796714973,0.9835754384142963,0.9835754384142963,0.9784764334274535,1,1,1,1,-0.0010835417,-0.0022823103,2.037812135288383,0.339184722847953,0.8211865654806094,2.2784270110674574,0.18319324540517476,0.7518469796714973,0.26326432158636665,0.2867461422369366,0.002347209661432953,3.4153577649415032,0,,0,0.0,0.0,0.0,0.0,0.0,0.0,0,0,0,0,0,0,195,5,0,0,0,0,0,0,
508,10.16,transport,transport,transport_left,0,0,0,0,0.038921379485109625,0.9610786205148903,0,0,1.000000034088913,0.9999999862655242,0.25866722135683,1.2193202022856684,0.28635157707984105,0.8212498421144016,0.5743170706333133,-0.3859869589030827,0.42517645385899205,0.00889653086727842,0.40779598788392596,0.2791290439242851,-0.2189217046471133,1.0,0.7501643890171892,0.9823579199276875,0.9823579199276875,0.9764412868037665,1,1,1,1,-0.0008159168,-0.0024607666,2.0300733917349554,0.34755026899240593,0.8212498421144016,2.2693174165861283,0.19019868091931555,0.7501643890171892,0.26373629239627755,0.2863094488810703,0.004911738748138439,3.7323162076889016,0,,0,0.0,0.0,0.0,0.0,0.0,0.0,0,0,0,0,0,0,196,5,0,0,0,0,0,0,
509,10.18,transport,transport,transport_left,0,0,0,0,0.04732710544602411,0.9526728945539759,0,0,1.000000034088913,0.9999999862655242,0.25866722135683,1.208563302046533,0.2851459583632996,0.821554657252121,0.5652296726507412,-0.35963687315361553,0.4358124180841032,0.01460953650329718,0.1408190449824077,0.15316368383119944,-0.39413594721646533,1.0,0.7503215961419752,0.9814418839342223,0.9814418839342223,0.9749758901950468,1,1,1,1,-0.00065076724,-0.0025052913,2.0228409545234953,0.3562440491758878,0.821554657252121,2.259585952281144,0.1973100263624718,0.7503215961419752,0.26511122283942934,0.28502205190500646,0.008405206647334684,3.8733377603203745,0,,0,0.0,0.0,0.0,0.0,0.0,0.0,0,0,0,0,0,0,197,5,0,0,0,0,0,0,
510,10.200000000000001,transport,transport,transport_left,0,0,0,0,0.05594205868850301,0.944057941311497,0,0,1.000000034088913,0.9999999862655242,0.25866722135683,1.1983826826759743,0.2834066051111109,0.8215196344222409,0.5349571371299511,-0.32779550727831414,0.422712925900183,-0.0065594398642254085,-0.16329041589691973,-0.13762911671230071,-0.48680458550013306,1.0,0.7517032646583716,0.9811940890311237,0.9811940890311237,0.9751743169670251,1,1,1,1,-0.0006435849,-0.0024435855,2.0161783438277943,0.36478136488081125,0.8215196344222409,2.249866404393293,0.2044404961986785,0.7517032646583716,0.2671253781671151,0.2831484874178918,0.012092886072610734,3.610802025935712,0,,0,0.0,0.0,0.0,0.0,0.0,0.0,0,0,0,0,0,0,198,5,0,0,0,0,0,0,
511,10.22,transport,transport,transport_left,0,0,0,0,0.06103385986433292,0.938966140135667,0,0,1.000000034088913,0.9999999862655242,0.25866722135683,1.1887066329193314,0.2818642827432431,0.8206840032001637,0.5118540794155012,-0.3146785007023022,0.4010367531159219,-0.046277018705622716,-0.2823431572539162,-0.23792969548730666,-0.47062457795696333,1.0,0.7529560971447111,0.9814936070057333,0.9814936070057333,0.9766371437022561,1,1,1,1,-0.0007466562,-0.002327714,2.009838259082471,0.37290332825475553,0.8206840032001637,2.2407079317249137,0.2112040142786778,0.7529560971447111,0.2690174548574993,0.2814337116985057,0.01557368954247143,3.14219271059566,0,,0,0.0,0.0,0.0,0.0,0.0,0.0,0,0,0,0,0,0,199,5,0,0,0,0,0,0,
512,10.24,transport,transport,transport_left,0,0,0,0,0.0639937218881905,0.9360062781118095,0,0,1.000000034088913,0.9999999862655242,0.25866722135683,1.1792429764986618,0.28097525463418715,0.8189767982032862,0.5036839450943563,-0.3159060822005134,0.3818522019362444,-0.08994309117980417,-0.34558762345938554,-0.27414339651264713,-0.4074839127283566,1.0,0.7536759902207728,0.981887391590799,0.981887391590799,0.9783565365340269,1,1,1,1,-0.0008656569,-0.0022071637,2.0034986229852723,0.3806417864292429,0.8189767982032862,2.2323012618440212,0.2175576174611324,0.7536759902207728,0.27028296867191964,0.2803583732387639,0.01860849998415373,2.595062554265345,0,,0,0.0,0.0,0.0,0.0,0.0,0.0,0,0,0,0,0,0,200,5,0,0,0,0,0,0,
513,10.26,transport,transport,transport_left,0,0,0,0,0.06564907415090901,0.934350925849091,0,0,1.000000034088913,0.9999999862655242,0.25866722135683,1.1699521908182893,0.2804956152037924,0.8165535871140182,0.4972436772810279,-0.3176318793013177,0.36181570861983325,-0.12430067113012747,-0.4031207470012595,-0.3445758316256819,-0.32490809589420033,1.0,0.7541882045243478,0.9822358503349319,0.9822358503349319,0.9803490319797233,1,1,1,1,-0.0009697713,-0.0020863153,1.9971101138384935,0.38798722687050946,0.8165535871140182,2.2244526381620466,0.2236912537526372,0.7541882045243478,0.2711212475251609,0.2797009629899585,0.021098849519436816,2.0540401654822618,0,,0,0.0,0.0,0.0,0.0,0.0,0.0,0,0,0,0,0,0,201,5,0,0,0,0,0,0,
514,10.28,transport,transport,transport_left,0,0,0,0,0.06660063215213756,0.9333993678478625,0,0,1.000000034088913,0.9999999862655242,0.25866722135683,1.1608898635973894,0.2801693057733964,0.8136515036054377,0.48799974501834215,-0.3156604040497562,0.34206147106955853,-0.14661586020223452,-0.4293432408345514,-0.4263617589360581,-0.24528302851560754,1.0,0.7547066394482375,0.9825039538414704,0.9825039538414704,0.9825098257326271,1,1,1,1,-0.0010511316,-0.0019768514,1.9907402547097675,0.39493875742392515,0.8136515036054377,2.2170202794507703,0.22973527592078608,0.7547066394482375,0.27176005307347284,0.279219375864591,0.023051681919875472,1.5608312253024956,0,,0,0.0,0.0,0.0,0.0,0.0,0.0,0,0,0,0,0,0,202,5,0,0,0,0,0,0,
515,10.3,transport,transport,transport_left,0,0,0,0,0.0672589985415914,0.9327410014584085,0,0,1.000000034088913,0.9999999862655242,0.25866722135683,1.15211596534211,0.27976145875429737,0.8105308294398195,0.47387597848038565,-0.30976241001114896,0.32313748682939236,-0.1555244576599192,-0.4406133195755671,-0.4867827383711796,-0.16783514842052885,1.0,0.7553786859976261,0.9828031185054504,0.9828031185054504,0.9847047322137449,1,1,1,1,-0.0011068024,-0.0018933155,1.9844694470698498,0.40150924072207655,0.8105308294398195,2.2098571700759244,0.23577798801918579,0.7553786859976261,0.27242320664294406,0.27868370026064376,0.02453301883927246,1.1172425432477449,0,,0,0.0,0.0,0.0,0.0,0.0,0.0,0,0,0,0,0,0,203,5,0,0,0,0,0,0,
516,10.32,transport,transport,transport_left,0,0,0,0,0.06776306234518152,0.9322369376548185,0,0,1.000000034088913,0.9999999862655242,0.25866722135683,1.1434942374999235,0.27935841702826647,0.8077564940050402,0.46085623136919585,-0.31191027725616605,0.3129495868951597,-0.13100763716649597,-0.366654328392621,-0.3736523396202607,-0.12276221313857161,1.0,0.7562456560262143,0.9831329405763192,0.9831329405763192,0.9866371366611241,1,1,1,1,-0.0011159666,-0.001850117,1.9782181923086541,0.40782745555786903,0.8077564940050402,2.2029386480366413,0.24187010579009105,0.7562456560262143,0.2730191972782613,0.2781833118927933,0.02559629170203613,0.7392419970761123,0,,0,0.0,0.0,0.0,0.0,0.0,0.0,0,0,0,0,0,0,204,5,0,0,0,0,0,0,
517,10.34,transport,transport,transport_left,0,0,0,0,0.06836420964175385,0.9316357903582462,0,0,1.000000034088913,0.9999999862655242,0.25866722135683,1.1349238353969235,0.279062537626954,0.8057041068269958,0.4487421534466267,-0.3094237293062393,0.30993536356348184,-0.09780872371576771,-0.27515318633282115,-0.3211648712104313,-0.07558063260768415,1.0,0.7572743856349683,0.9834350467044763,0.9834350467044763,0.9879707195744966,1,1,1,1,-0.0010753162,-0.0018497594,1.9719776275846785,0.4140719446987772,0.8057041068269958,2.1962745780759785,0.24803948429690745,0.7572743856349683,0.27346563231837995,0.27781131622500355,0.026396448324086816,0.40510429773489676,0,,0,0.0,0.0,0.0,0.0,0.0,0.0,0,0,0,0,0,0,205,5,0,0,0,0,0,0,
518,10.36,transport,transport,transport_left,0,0,0,0,0.06915771159505925,0.9308422884049408,0,0,1.000000034088913,0.9999999862655242,0.25866722135683,1.126532301506769,0.2786563314939161,0.8041259661388453,0.4355526454117894,-0.29914761182807587,0.30727792323807884,-0.07613863114910943,-0.26292037945247443,-0.3472916591405662,-0.02632640686521078,1.0,0.7584252441830825,0.9836897833254472,0.9836897833254472,0.9890586944144952,1,1,1,1,-0.0010215379,-0.0018635578,1.9659098821087209,0.4202645363950773,0.8041259661388453,2.189784097720364,0.25434381235519526,0.7584252441830825,0.27399887522667116,0.2773399704146966,0.02705350055025152,0.11499099493525848,0,,0,0.0,0.0,0.0,0.0,0.0,0.0,0,0,0,0,0,0,206,5,0,0,0,0,0,0,
519,10.38,transport,transport,transport_left,0,0,0,0,0.07038179459584093,0.9296182054041591,0,0,1.000000034088913,0.9999999862655242,0.25866722135683,1.1183152677215977,0.27806580960563626,0.8028490613566217,0.43033033718501607,-0.29083406113110777,0.31174614892924074,-0.0584301858250029,-0.186103956430289,-0.29989488513172646,0.005852674470540777,1.0,0.7596674549787092,0.9839148795369208,0.9839148795369208,0.9901015638070412,1,1,1,1,-0.00095259026,-0.0019003637,1.960057740095229,0.4264860464548875,0.8028490613566217,2.1833968137423008,0.2608350499166662,0.7596674549787092,0.27471186369498246,0.27668544219715213,0.02767237878832124,-0.13957747708291224,0,,0,0.0,0.0,0.0,0.0,0.0,0.0,0,0,0,0,0,0,207,5,0,0,0,0,0,0,
520,10.4,transport,transport,transport_left,0,0,0,0,0.07216036811719388,0.9278396318828062,0,0,1.000000034088913,0.9999999862655242,0.25866722135683,1.110228823732989,0.27734292451628056,0.801838658299558,0.421433511569729,-0.2771456537139576,0.3132112936297507,-0.05191509264399022,-0.23056055133356307,-0.3573668146759823,0.03888289750029511,1.0,0.7609499077903578,0.9841065355772441,0.9841065355772441,0.9909450911554837,1,1,1,1,-0.00088441744,-0.0019439496,1.9544064743627405,0.43279950335725237,0.801838658299558,2.177129122267465,0.267530873879207,0.7609499077903578,0.2755591037023956,0.2758966164963414,0.028287007355215,-0.3681545021998231,0,,0,0.0,0.0,0.0,0.0,0.0,0.0,0,0,0,0,0,0,208,5,0,0,0,0,0,0,
521,10.42,transport,transport,transport_left,0,0,0,0,0.07445301414298233,0.9255469858570177,0,0,1.000000034088913,0.9999999862655242,0.25866722135683,1.1021685701502366,0.2765789664974281,0.8010752989342119,0.42664944584193404,-0.272864975810518,0.3260699977144219,-0.035395073155337915,-0.16667187839081118,-0.2968045862315564,0.05158147218526356,1.0,0.7622279029375745,0.9843101245792615,0.9843101245792615,0.9916192110624029,1,1,1,1,-0.00080241635,-0.0020045526,1.948894928414599,0.4393093081285838,0.8010752989342119,2.170971773796395,0.27445240213415695,0.7622279029375745,0.27646174086210606,0.275058936862072,0.02895696740151027,-0.5736600455134901,0,,0,0.0,0.0,0.0,0.0,0.0,0.0,0,0,0,0,0,0,209,5,0,0,0,0,0,0,
522,10.44,transport,transport,transport_left,0,0,0,0,0.0773576809808297,0.9226423190191703,0,0,1.000000034088913,0.9999999862655242,0.25866722135683,1.0941421159932088,0.27576791267385525,0.8003402037414465,0.4283454434132814,-0.26329320601625,0.3356847961476089,-0.03836957380455857,-0.19819388891854398,-0.3332731656281075,0.06741839723602024,1.0,0.7634539638054147,0.9845250012526345,0.9845250012526345,0.9923261505007757,1,1,1,1,-0.0007154234,-0.0020788945,1.9435427596759096,0.4460378079699675,0.8003402037414465,2.164931714969526,0.28161496243293094,0.7634539638054147,0.2774309768934703,0.2741636315640271,0.029702605746288246,-0.7376895136186067,0,,0,0.0,0.0,0.0,0.0,0.0,0.0,0,0,0,0,0,0,210,5,0,0,0,0,0,0,
523,10.46,transport,transport,transport_left,0,0,0,0,0.0810807032457329,0.9189192967542671,0,0,1.000000034088913,0.9999999862655242,0.25866722135683,1.0860180630671104,0.2750689818527473,0.7996797530158379,0.4413022544863602,-0.26115285148443024,0.3542250506697683,-0.032733491324565704,-0.16498731754079404,-0.30689827365746064,0.0691558293103823,1.0,0.7645862292960769,0.9847985294331534,0.9847985294331534,0.9928698441971832,1,1,1,1,-0.0006209351,-0.002162803,1.9382636052270201,0.4531026427144657,0.7996797530158379,2.159044462102856,0.2890332731945013,0.7645862292960769,0.27831821671013623,0.27336537729526983,0.030566571180323923,-0.8723861010933386,0,,0,0.0,0.0,0.0,0.0,0.0,0.0,0,0,0,0,0,0,211,5,0,0,0,0,0,0,
524,10.48,transport,transport,transport_left,0,0,0,0,0.0856034029423123,0.9143965970576877,0,0,1.000000034088913,0.9999999862655242,0.25866722135683,1.077765824741372,0.2745234336403956,0.7989397371177059,0.45639030337495357,-0.25859984035166944,0.3742372586087974,-0.03694192542011433,-0.1652958520661275,-0.31263304188034086,0.06807912626642937,1.0,0.7655765631225264,0.9851512763935149,0.9851512763935149,0.9934101854031057,1,1,1,1,-0.0005179383,-0.0022613592,1.9330462811613893,0.46055223735519907,0.7989397371177059,2.153325921322597,0.29672307100145867,0.7655765631225264,0.2790904081533384,0.2727015088131961,0.031575349700660824,-0.9514838947199408,0,,0,0.0,0.0,0.0,0.0,0.0,0.0,0,0,0,0,0,0,212,5,0,0,0,0,0,0,
525,10.5,transport,transport,transport_left,0,0,0,0,0.09122880282267248,0.9087711971773276,0,0,1.000000034088913,0.9999999862655242,0.25866722135683,1.0693022349733214,0.2742713121710424,0.7980823817616105,0.47733111976324427,-0.2576907768989509,0.3994814750759739,-0.043069855662304625,-0.1518930068703119,-0.30529927211467406,0.06022917360895096,1.0,0.7663433973202123,0.9856053801641502,0.9856053801641502,0.9938823642260457,1,1,1,1,-0.00039802864,-0.0023817755,1.9278509137669955,0.46849268170654756,0.7980823817616105,2.1478425629013556,0.30469882653740515,0.7663433973202123,0.2796220684539767,0.27230568319413184,0.0327775468911648,-0.9445152334167449,0,,0,0.0,0.0,0.0,0.0,0.0,0.0,0,0,0,0,0,0,213,5,0,0,0,0,0,0,
526,10.52,transport,transport,transport_left,0,0,0,0,0.09834187271277925,0.9016581272872207,0,0,1.000000034088913,0.9999999862655242,0.25866722135683,1.0605586372604654,0.27443559929634376,0.7970314492233614,0.5034265261159435,-0.2593244327658647,0.42821573498423493,-0.053107344875645085,-0.12419099362736775,-0.28685754966732163,0.042486957081103977,1.0,0.7667465544369124,0.9861385259120514,0.9861385259120514,0.9942557439420094,1,1,1,1,-0.00027740374,-0.0025052615,1.922634331417918,0.47699847913577514,0.7970314492233614,2.142660160516988,0.31297551522397954,0.7667465544369124,0.2797989883595547,0.27229765843101195,0.03418893642878232,-0.8260755288325139,0,,0,0.0,0.0,0.0,0.0,0.0,0.0,0,0,0,0,0,0,214,5,0,0,0,0,0,0,
527,10.540000000000001,transport,transport,transport_left,0,0,0,0,0.1072026752203804,0.8927973247796196,0,0,1.000000034088913,0.9999999862655242,0.25866722135683,1.0514805981481223,0.27505319274575246,0.7957111048080368,0.5325515297068735,-0.2641386268605506,0.4575294007378446,-0.06714733839715853,-0.0671361177770189,-0.25399651514432986,0.027142757782777513,1.0,0.7666106149868476,0.9866547177163018,0.9866547177163018,0.9944888345692208,1,1,1,1,-0.00017480925,-0.0026135482,1.9173347663498097,0.4860851710774796,0.7957111048080368,2.1378049465112072,0.32162496768701504,0.7666106149868476,0.2795682172805268,0.2727235188420183,0.03572311730601571,-0.585303880273652,0,,0,0.0,0.0,0.0,0.0,0.0,0.0,0,0,0,0,0,0,215,5,0,0,0,0,0,0,
528,10.56,transport,transport,transport_left,0,0,0,0,0.11773973537971841,0.8822602646202816,0,0,1.000000034088913,0.9999999862655242,0.25866722135683,1.0420621040670166,0.27600141711650883,0.7940730473929991,0.5606731510950216,-0.27131985801779374,0.4835087617088587,-0.08342178585232558,0.016883041397211362,-0.2025807871407745,0.02198709514986796,1.0,0.7656866072372283,0.9870269641600462,0.9870269641600462,0.9945394590669123,1,1,1,1,-0.0001036264,-0.0026973225,1.9119036579943076,0.4956933241632016,0.7940730473929991,2.1332273831495705,0.33079156269984206,0.7656866072372283,0.2790067206612154,0.2734836655238142,0.03719498544131432,-0.22048243354817312,0,,0,0.0,0.0,0.0,0.0,0.0,0.0,0,0,0,0,0,0,216,5,0,0,0,0,0,0,
529,10.58,transport,transport,transport_left,0,0,0,0,0.12961916999657555,0.8703808300034245,0,0,1.000000034088913,0.9999999862655242,0.25866722135683,1.0323345426831683,0.277025504488109,0.7921802063225429,0.5835548875107394,-0.2816216785652621,0.5020520619477369,-0.09575627391341883,0.1444387095601906,-0.09329745644858453,0.031451702172601216,1.0,0.7635957331683941,0.9870440274344514,0.9870440274344514,0.9943474815223204,1,1,1,1,-8.844212e-05,-0.002739776,1.9062884109028997,0.5056762198242014,0.7921802063225429,2.128794695787668,0.3406486968964497,0.7635957331683941,0.2782921319484019,0.2743605631204586,0.038332904157083375,0.20790793026065538,0,,0,0.0,0.0,0.0,0.0,0.0,0.0,0,0,0,0,0,0,217,5,0,0,0,0,0,0,
530,10.6,transport,transport,transport_left,0,0,0,0,0.141802575284162,0.8581974247158379,0,0,1.000000034088913,0.9999999862655242,0.25866722135683,1.0221796381892427,0.27753555021134796,0.7909162322703217,0.5901067845439385,-0.3193614666489848,0.49351711054807745,-0.051721681922307736,0.17912958269649734,0.13363175583436548,0.10986005448575353,1.0,0.7615425105711157,0.986298677618504,0.986298677618504,0.9939881284965033,1,1,1,1,-0.00022495165,-0.0026074685,1.9000924979083698,0.5155572452691177,0.7909162322703217,2.1238469121228802,0.35136241054330514,0.7615425105711157,0.27783926551926347,0.27484665833348354,0.038539538580956434,0.1358986665591702,0,,0,0.0,0.0,0.0,0.0,0.0,0.0,0,0,0,0,0,0,218,5,0,0,0,0,0,0,
531,10.620000000000001,transport,transport,transport_left,0,0,0,0,0.14830880073260727,0.8516911992673928,0,0,1.000000034088913,0.9999999862655242,0.25866722135683,1.0118096574129376,0.27726825645584646,0.7907488149599451,0.5688992684506449,-0.34451721300822,0.4526910822561049,-0.005005160389446834,0.11739864077956964,0.007380049189291877,0.26526484212007884,1.0,0.7601873811241665,0.9864383078315309,0.9864383078315309,0.9936647232832471,1,1,1,1,-0.00042736903,-0.0024083592,1.8932269446523842,0.5247058993263715,0.7907488149599451,2.118086081424276,0.3624836608747195,0.7601873811241665,0.2778443408502204,0.27470928026870145,0.03758320598774223,0.10903824047406052,0,,0,0.0,0.0,0.0,0.0,0.0,0.0,0,0,0,0,0,0,219,5,0,0,0,0,0,0,
532,10.64,transport,transport,transport_left,0,0,0,0,0.15362094268803933,0.8463790573119607,0,0,1.000000034088913,0.9999999862655242,0.25866722135683,1.0016325990036927,0.2776876562433562,0.791151211847077,0.544836521124033,-0.35692764518679126,0.41097639148501514,0.023407188936445764,0.08171192040990673,-0.05143806945679777,0.4080240652007009,1.0,0.759484555849683,0.9866591361014899,0.9866591361014899,0.9934462315211012,1,1,1,1,-0.00061647967,-0.0022714473,1.8861053173110531,0.5330039579818747,0.791151211847077,2.1126090937413537,0.3723600234784496,0.759484555849683,0.2771387617097434,0.2752768556253804,0.03651146651302581,0.38623879529869304,0,,0,0.0,0.0,0.0,0.0,0.0,0.0,0,0,0,0,0,0,220,5,0,0,0,0,0,0,
533,10.66,transport,transport,transport_left,0,0,0,0,0.16144888428480675,0.8385511157151933,0,0,1.000000034088913,0.9999999862655242,0.25866722135683,0.991842435158662,0.27825365825263854,0.7922129537483715,0.5149713491531771,-0.35712750431942114,0.3665554148590543,0.05738086741006873,0.06437867290466776,-0.004393966410813541,0.4811027892960274,1.0,0.7594057742380488,0.9869266423539121,0.9869266423539121,0.9932834047447086,1,1,1,1,-0.0007646568,-0.0021592714,1.878941477501133,0.5404204444733467,0.7922129537483715,2.107311400650479,0.3814478791303357,0.7594057742380488,0.2761980740767451,0.27603611109752085,0.035059430987015264,0.850821806642101,0,,0,0.0,0.0,0.0,0.0,0.0,0.0,0,0,0,0,0,0,221,5,0,0,0,0,0,0,
534,10.68,transport,transport,transport_left,0,0,0,0,0.17017155185905725,0.8298284481409428,0,0,1.000000034088913,0.9999999862655242,0.25866722135683,0.9826005772883036,0.2785303026069979,0.7939427717710225,0.48489095714038727,-0.3481324573312397,0.3252193391759195,0.0903073302396415,0.06514971552718901,0.06894722305214421,0.49372740650363195,1.0,0.7598013116479654,0.9871983093910519,0.9871983093910519,0.9931271489838608,1,1,1,1,-0.0008931644,-0.0020562597,1.8719492342089175,0.5470005526042977,0.7939427717710225,2.101976144831292,0.3899440345610405,0.7598013116479654,0.27549301572615986,0.2765297525058652,0.03332304682034276,1.4358096400034503,0,,0,0.0,0.0,0.0,0.0,0.0,0.0,0,0,0,0,0,0,222,5,0,0,0,0,0,0,
535,10.700000000000001,transport,transport,transport_left,0,0,0,0,0.1792887034710008,0.8207112965289992,0,0,1.000000034088913,0.9999999862655242,0.25866722135683,0.973845421721428,0.27852906688534984,0.7961525031510152,0.46205548237596494,-0.3392120718781959,0.29289093176524106,0.11245150588354154,0.05022262808084748,0.15176759147738664,0.4564024051669717,1.0,0.7605489279410538,0.9873931809721525,0.9873931809721525,0.9929800919445034,1,1,1,1,-0.0009914823,-0.0019906797,1.8651497313519099,0.5529083773825899,0.7961525031510152,2.096598927792633,0.3979577059836987,0.7605489279410538,0.2750442592337799,0.2767537241477864,0.03139772715268779,2.019750534308523,0,,0,0.0,0.0,0.0,0.0,0.0,0.0,0,0,0,0,0,0,223,5,0,0,0,0,0,0,
536,10.72,transport,transport,transport_left,0,0,0,0,0.18790764010485433,0.8120923598951457,0,0,1.000000034088913,0.9999999862655242,0.25866722135683,0.9649338407711058,0.27895353335606815,0.7997985725525713,0.5014855537109304,-0.3536424707540954,0.29878468732552416,0.19274977063406867,0.15648196435039902,0.49289313557127895,0.36722416140228037,1.0,0.7614390372713465,0.9875394340924875,0.9875394340924875,0.992637851933378,1,1,1,1,-0.00093683973,-0.002078209,1.8581702684357204,0.5588184295947773,0.7997985725525713,2.0912103575942536,0.4054972287880462,0.7614390372713465,0.2742682250030171,0.2773563768413905,0.029807951913065872,2.4557121817158967,0,,0,0.0,0.0,0.0,0.0,0.0,0.0,0,0,0,0,0,0,224,5,0,0,0,0,0,0,
537,10.74,transport,transport,transport_left,0,0,0,0,0.19607966152696005,0.80392033847304,0,0,1.000000034088913,0.9999999862655242,0.25866722135683,0.9560992250126473,0.27956317719276497,0.8037258247208059,0.49231146659258584,-0.3518340021613273,0.2852926696917537,0.19285099865398117,0.13164346290052423,0.4757639535053967,0.3212841769602495,1.0,0.7623232676527235,0.9876233119410698,0.9876233119410698,0.9920746433605309,1,1,1,1,-0.0010218658,-0.002037678,1.851174226178516,0.5645367584375062,0.8037258247208059,2.085833081693776,0.4125802134307783,0.7623232676527235,0.27336299839820277,0.27811658286259766,0.028403105093371725,2.7764820163197657,0,,0,0.0,0.0,0.0,0.0,0.0,0.0,0,0,0,0,0,0,225,5,0,0,0,0,0,0,
538,10.76,transport,transport,transport_left,0,0,0,0,0.203696370755308,0.796303629244692,0,0,1.000000034088913,0.9999999862655242,0.25866722135683,0.9475751064035617,0.2800432302774164,0.8070352916953277,0.46301483506908797,-0.34238841298348893,0.2672167091970669,0.1604622774193136,0.0763756684644713,0.3630237090074555,0.2936986764507399,1.0,0.7631673225322131,0.9876060372802731,0.9876060372802731,0.9915898648687623,1,1,1,1,-0.0011069514,-0.0019993074,1.844343415487015,0.5699036754641639,0.8070352916953277,2.080448485163942,0.419309495971517,0.7631673225322131,0.27260608561475086,0.2787364844636483,0.027021899508665195,3.0431342563920922,0,,0,0.0,0.0,0.0,0.0,0.0,0.0,0,0,0,0,0,0,226,5,0,0,0,0,0,0,
539,10.78,transport,transport,transport_left,0,0,0,0,0.21084882814870656,0.7891511718512935,0,0,1.000000034088913,0.9999999862655242,0.25866722135683,0.9390520653944047,0.28069010149979895,0.8104650762243312,0.4728436349136793,-0.34800061778306185,0.2668164156800739,0.1768775661994086,0.06097104818218263,0.469849878201779,0.23034921534184039,1.0,0.7638940856548359,0.9875282965465892,0.9875282965465892,0.9911146398069453,1,1,1,1,-0.0011150874,-0.0020291992,1.837472360854668,0.5751954624865867,0.8104650762243312,2.075054372029539,0.42572399013794454,0.7638940856548359,0.27173067496945275,0.2794994303278301,0.025826372691221594,3.216106020145107,0,,0,0.0,0.0,0.0,0.0,0.0,0.0,0,0,0,0,0,0,227,5,0,0,0,0,0,0,
540,10.8,transport,transport,transport_left,0,0,0,0,0.21770448008304777,0.7822955199169522,0,0,1.000000034088913,0.9999999862655242,0.25866722135683,0.9307014347007359,0.2813116142060362,0.8132455399472246,0.4445057550424753,-0.340623930328655,0.2529037263644764,0.13266653513340382,0.042935943087134235,0.3200092481045671,0.2132541996777701,1.0,0.7644656093601185,0.9873792665581486,0.9873792665581486,0.9906269851579533,1,1,1,1,-0.0011999048,-0.0019895025,1.8306828101063524,0.5802723529341355,0.8132455399472246,2.069661952097726,0.43186347860287244,0.7644656093601185,0.27090058142825096,0.2802264538809466,0.02468519460153097,3.3320878671724286,0,,0,0.0,0.0,0.0,0.0,0.0,0.0,0,0,0,0,0,0,228,5,0,0,0,0,0,0,
541,10.82,transport,transport,transport_left,0,0,0,0,0.22422476976728883,0.7757752302327112,0,0,1.000000034088913,0.9999999862655242,0.25866722135683,0.9222344760515708,0.28215811487062964,0.8160784128181768,0.45897925874113743,-0.3504848086192785,0.25692818327341943,0.14768299672437546,0.009244652188168981,0.41590491440428784,0.1534558365617322,1.0,0.7648532189387854,0.987194687581828,0.987194687581828,0.9901826474890264,1,1,1,1,-0.0011970289,-0.0020315833,1.8237694456091371,0.5853671541577196,0.8160784128181768,2.064236412930392,0.4377567229048232,0.7648532189387854,0.2698880615908422,0.2811578509073502,0.023737410568713133,3.3626972147887266,0,,0,0.0,0.0,0.0,0.0,0.0,0.0,0,0,0,0,0,0,229,5,0,0,0,0,0,0,
542,10.84,transport,transport,transport_left,0,0,0,0,0.23064478528302018,0.7693552147169798,0,0,1.000000034088913,0.9999999862655242,0.25866722135683,0.913835836813397,0.2829860553631551,0.8181320970777423,0.4363372981019845,-0.3464391489083097,0.24743410705171456,0.09563742199655309,0.025299281259027,0.2394488451493588,0.14720736541427876,1.0,0.7650466477917099,0.986983942938329,0.986983942938329,0.9897407794866191,1,1,1,1,-0.0012806095,-0.001992125,1.8168638919146018,0.5903301503945214,0.8181320970777423,2.0587424275142845,0.44344284139149104,0.7650466477917099,0.26891334753814966,0.2820606536780228,0.02286690133632388,3.344833234444803,0,,0,0.0,0.0,0.0,0.0,0.0,0.0,0,0,0,0,0,0,230,5,0,0,0,0,0,0,
543,10.86,transport,transport,transport_left,0,0,0,0,0.23693974472003543,0.7630602552799646,0,0,1.000000034088913,0.9999999862655242,0.25866722135683,0.9052341476216772,0.2840089568761973,0.8201985752142118,0.45382102879266967,-0.35897855651770993,0.25503163445696725,0.1097578587669525,-0.029545359424506073,0.3257270808083298,0.09097609459287943,1.0,0.7650235661921849,0.9867719120560312,0.9867719120560312,0.9893956701924019,1,1,1,1,-0.0012666024,-0.002038557,1.809774776473966,0.595384454413909,0.8201985752142118,2.0531205997122726,0.4489471029683964,0.7650235661921849,0.26778603021324465,0.28313793600776077,0.02222603831479794,3.2531913324871136,0,,0,0.0,0.0,0.0,0.0,0.0,0.0,0,0,0,0,0,0,231,5,0,0,0,0,0,0,
544,10.88,transport,transport,transport_left,0,0,0,0,0.24339332943346514,0.7566066705665349,0,0,1.000000034088913,0.9999999862655242,0.25866722135683,0.8966038695114252,0.28497545466031177,0.8213930222823473,0.43996464556686055,-0.35884311587795037,0.2491179497555023,0.05235221719652495,0.018608598968450855,0.15309856935423768,0.08855835380490562,1.0,0.7647658430883911,0.9865740352753447,0.9865740352753447,0.989048783118026,1,1,1,1,-0.0013456382,-0.0019979961,1.8026195144368058,0.6003745759261172,0.8213930222823473,2.0473133225361106,0.45430626986107114,0.7647658430883911,0.26673523433489454,0.28414847683923666,0.021694535459262282,3.1360174329732167,0,,0,0.0,0.0,0.0,0.0,0.0,0.0,0,0,0,0,0,0,232,5,0,0,0,0,0,0,
545,10.9,transport,transport,transport_left,0,0,0,0,0.2500560981865048,0.7499439018134952,0,0,1.000000034088913,0.9999999862655242,0.25866722135683,0.8877056538741847,0.286057272398661,0.8224936532977545,0.4586782029654286,-0.37196030612054676,0.2614856333972197,0.060468901702932336,-0.03095603346722416,0.22408200493029012,0.04160557974585167,1.0,0.7642355625788939,0.986408251056423,0.986408251056423,0.9888084732847733,1,1,1,1,-0.0013175346,-0.002050329,1.7952556387693934,0.6055511921940032,0.8224936532977545,2.041248137787839,0.459549639055614,0.7642355625788939,0.26562188714971674,0.28524888741744087,0.021490354098383596,2.9719031810700347,0,,0,0.0,0.0,0.0,0.0,0.0,0.0,0,0,0,0,0,0,233,5,0,0,0,0,0,0,
546,10.92,transport,transport,transport_left,0,0,0,0,0.25731669251132866,0.7426833074886714,0,0,1.000000034088913,0.9999999862655242,0.25866722135683,0.8786929091055375,0.2870141954581622,0.8226336198261796,0.4564589670851504,-0.37516024762325656,0.26001782397438866,-0.0005553839420428218,0.02341340343622612,0.07695840762691505,0.03513620175048277,1.0,0.763384203136298,0.9862769139476111,0.9862769139476111,0.9885603885637528,1,1,1,1,-0.001382459,-0.0020117946,1.7877719783048351,0.6107486633151474,0.8226336198261796,2.034859238209934,0.46471772691095165,0.763384203136298,0.2646612675894585,0.28621051075676107,0.021463735156074262,2.8220605252313073,0,,0,0.0,0.0,0.0,0.0,0.0,0.0,0,0,0,0,0,0,234,5,0,0,0,0,0,0,
547,10.94,transport,transport,transport_left,0,0,0,0,0.2652673625530926,0.7347326374469074,0,0,1.000000034088913,0.9999999862655242,0.25866722135683,0.86937231021205,0.28797092481298797,0.8224587745070883,0.47670444458679884,-0.3868624493729779,0.27847217861282625,-0.0061496741844321665,0.027906267944927534,0.1327157928268486,-0.01078679183073742,1.0,0.7621436196640548,0.9861714984974351,0.9861714984974351,0.9883408551914165,1,1,1,1,-0.001336623,-0.0020663776,1.7800901303901773,0.6162453049701411,0.8224587745070883,2.028072682547154,0.46984890008477515,0.7621436196640548,0.2637734827852587,0.28713709392452946,0.021898466389761298,2.666279705273666,0,,0,0.0,0.0,0.0,0.0,0.0,0.0,0,0,0,0,0,0,235,5,0,0,0,0,0,0,
548,10.96,transport,transport,transport_left,0,0,0,0,0.2743417080113014,0.7256582919886986,0,0,1.000000034088913,0.9999999862655242,0.25866722135683,0.8598948981690838,0.28867559922577263,0.8212702075298506,0.486257636591316,-0.39056944798218246,0.28183919850084793,-0.06684804884710738,0.0305168919663585,0.02215213335522443,-0.036826555783997274,1.0,0.7604409358862465,0.9860775770051791,0.9860775770051791,0.988145178621261,1,1,1,1,-0.0013686754,-0.0020398088,1.7722924938914835,0.6218682731954431,0.8212702075298506,2.020815678155431,0.47500157012198674,0.7604409358862465,0.26318561040350147,0.2877881236953593,0.022618520028143005,2.5719459140518603,0,,0,0.0,0.0,0.0,0.0,0.0,0.0,0,0,0,0,0,0,236,5,0,0,0,0,0,0,
549,10.98,transport,transport,transport_left,0,0,0,0,0.2845996408768504,0.7154003591231496,0,0,1.000000034088913,0.9999999862655242,0.25866722135683,0.8501429364506065,0.2891863760274052,0.819585050338611,0.5088342644192083,-0.39644663716138734,0.3075433525750379,-0.08461358530029336,0.16030764906509568,0.0670121235232065,-0.09006011070176646,1.0,0.7582072190124853,0.9859341054169656,0.9859341054169656,0.9878102140831788,1,1,1,1,-0.0013035573,-0.0020953454,1.7643895287204872,0.6279089854421415,0.819585050338611,2.0130209614259873,0.48022293074951267,0.7582072190124853,0.2629033833511333,0.28819142827490085,0.023967910812927512,2.504612115440045,0,,0,0.0,0.0,0.0,0.0,0.0,0.0,0,0,0,0,0,0,237,5,0,0,0,0,0,0,
550,11.0,transport,transport,transport_left,0,0,0,0,0.29635074070997147,0.7036492592900285,0,0,1.000000034088913,0.9999999862655242,0.25866722135683,0.8401968518755475,0.2894276172499321,0.8177826361947957,0.5263113375206935,-0.3979937201119583,0.33512630924469095,-0.07934090752126093,0.24720116160986844,0.1336967814825992,-0.16307564573935232,1.0,0.7555621025300311,0.9854281283426319,0.9854281283426319,0.9873764318027956,1,1,1,1,-0.0011229999,-0.0022503175,1.7564844468491383,0.6344017325054743,0.8177826361947957,2.00467915685595,0.4855134134485117,0.7555621025300311,0.26304131229303734,0.2882523760492091,0.026055965323866545,2.5939857230080294,0,,0,0.0,0.0,0.0,0.0,0.0,0.0,0,0,0,0,0,0,238,5,0,0,0,0,0,0,
551,11.02,transport,transport,transport_left,0,0,0,0,0.3104885250394361,0.689511474960564,0,0,1.000000034088913,0.9999999862655242,0.25866722135683,0.830023590132404,0.28934343569192733,0.8173375653522719,0.5382733645784363,-0.3847337959041618,0.37612824941147904,-0.015673586010267096,0.3034066225079118,0.1757828657381474,-0.32163563613298235,1.0,0.7539743367678635,0.9844648138521221,0.9844648138521221,0.9860726847869115,1,1,1,1,-0.00092694536,-0.0023524053,1.7487671241507197,0.6418282327496176,0.8173375653522719,1.9957504466462392,0.49110045764800386,0.7539743367678635,0.2637961982560869,0.287846535966949,0.02939380053406558,2.9607140249331154,0,,0,0.0,0.0,0.0,0.0,0.0,0.0,0,0,0,0,0,0,239,5,0,0,0,0,0,0,
552,11.040000000000001,transport,transport,transport_left,0,0,0,0,0.32840605323934324,0.6715939467606568,0,0,1.000000034088913,0.9999999862655242,0.25866722135683,0.8203666690672908,0.288315433740809,0.8168980115627477,0.5109976931914237,-0.35618147504740416,0.3656633294805662,-0.02331799204903067,-0.01673536128641073,-0.030290896550986712,-0.4657704893601927,1.0,0.7544222026720927,0.9838900187267086,0.9838900187267086,0.9856915436130242,1,1,1,1,-0.0008634813,-0.0023194887,1.7415742688816491,0.6491878912514986,0.8168980115627477,1.986398080832845,0.4969148127548835,0.7544222026720927,0.26562622181951545,0.28642590874094576,0.03295433408634153,2.988892978346629,0,,0,0.0,0.0,0.0,0.0,0.0,0.0,0,0,0,0,0,0,240,5,0,0,0,0,0,0,
553,11.06,transport,transport,transport_left,0,0,0,0,0.3437993697210205,0.6562006302789796,0,0,1.000000034088913,0.9999999862655242,0.25866722135683,0.8114176791300975,0.28675508469554445,0.8160716059461826,0.47321646344287954,-0.3257734935414825,0.34027364030268903,-0.04493664311361051,-0.20948492813083922,-0.2996193371513599,-0.4733215357130374,1.0,0.7559340166769875,0.9839720868468246,0.9839720868468246,0.9864138049148047,1,1,1,1,-0.00092916563,-0.002203036,1.734943092118553,0.6561143200057697,0.8160716059461826,1.9770580754335219,0.5024627223793826,0.7559340166769875,0.2680896262020701,0.28441493720143934,0.03655984266172606,2.4809331762978575,0,,0,0.0,0.0,0.0,0.0,0.0,0.0,0,0,0,0,0,0,241,5,0,0,0,0,0,0,
554,11.08,transport,transport,transport_left,0,0,0,0,0.3550581933162219,0.6449418066837781,0,0,1.000000034088913,0.9999999862655242,0.25866722135683,0.8029664185867605,0.28544788086347544,0.8145424447971265,0.44863400149183574,-0.3181251117125504,0.30609063268224623,-0.07985865749332373,-0.28230037040060824,-0.3840263479582326,-0.38968640344268957,1.0,0.7571824936332026,0.9843790937709855,0.9843790937709855,0.987764866196912,1,1,1,1,-0.0010852702,-0.0020332672,1.728532120672643,0.6623669484922555,0.8145424447971265,1.968352809596888,0.5075556767664884,0.7571824936332026,0.27023531055901,0.2826848814695676,0.039620076703426294,1.8714596835900439,0,,0,0.0,0.0,0.0,0.0,0.0,0.0,0,0,0,0,0,0,242,5,0,0,0,0,0,0,
555,11.1,transport,transport,transport_left,0,0,0,0,0.36444627850282146,0.6355537214971785,0,0,1.000000034088913,0.9999999862655242,0.25866722135683,0.7946628692745427,0.2848211648098425,0.8122258775800902,0.444632099406037,-0.3244076913872784,0.2795754807948096,-0.11956129862688572,-0.3084750233713411,-0.39520212531456567,-0.2867745535784202,1.0,0.7577254515740289,0.9847253457834143,0.9847253457834143,0.9891122579156622,1,1,1,1,-0.0012255944,-0.0018839575,1.7220183393985329,0.6680683026294582,0.8122258775800902,1.960463151336836,0.5122890755696775,0.7577254515740289,0.2715419522783871,0.2817164218877068,0.04193988033391416,1.3180103825077731,0,,0,0.0,0.0,0.0,0.0,0.0,0.0,0,0,0,0,0,0,243,5,0,0,0,0,0,0,
556,11.120000000000001,transport,transport,transport_left,0,0,0,0,0.3730402358525645,0.6269597641474355,0,0,1.000000034088913,0.9999999862655242,0.25866722135683,0.786471016385656,0.2844932937265668,0.8092663490532773,0.4427745909794399,-0.32860755123646707,0.255895410085911,-0.1502795887149896,-0.3460166242086811,-0.45105060646213013,-0.19149691272059163,1.0,0.7579824435334065,0.9849709647986615,0.9849709647986615,0.9905046315798216,1,1,1,1,-0.001338739,-0.0017470457,1.7154015625276866,0.6732932175536511,0.8092663490532773,1.953060312761781,0.5169130634017928,0.7579824435334065,0.27235572645212586,0.2811443567673867,0.043523382603412236,0.8306677985233603,0,,0,0.0,0.0,0.0,0.0,0.0,0.0,0,0,0,0,0,0,244,5,0,0,0,0,0,0,
557,11.14,transport,transport,transport_left,0,0,0,0,0.38102298330597983,0.6189770166940202,0,0,1.000000034088913,0.9999999862655242,0.25866722135683,0.7782829744117035,0.28439585352184976,0.80634843364455,0.43799633027799073,-0.337548795866042,0.23971569964287753,-0.14296146016006417,-0.3385922352263345,-0.38187764588980516,-0.14000773717889764,1.0,0.7582459573362323,0.9851809650066108,0.9851809650066108,0.9917897424757471,1,1,1,1,-0.0013948865,-0.0016546287,1.7086280880765061,0.678176013633147,0.80634843364455,1.945991735752073,0.52152512706505,0.7582459573362323,0.2727552665555825,0.28089596915146786,0.04447983829645781,0.4106673220291156,0,,0,0.0,0.0,0.0,0.0,0.0,0.0,0,0,0,0,0,0,245,5,0,0,0,0,0,0,
558,11.16,transport,transport,transport_left,0,0,0,0,0.3886790830382974,0.6113209169617027,0,0,1.000000034088913,0.9999999862655242,0.25866722135683,0.7701965500889637,0.284373667267006,0.803690565804024,0.42675725327541886,-0.3361135438797765,0.22830027709561812,-0.13049299721372623,-0.300732351053791,-0.3773359373468814,-0.07920739007921188,1.0,0.7586587626523323,0.985420249020679,0.985420249020679,0.9928574135346284,1,1,1,1,-0.0014139302,-0.0016031452,1.7018519921140645,0.6828146228182133,0.803690565804024,1.939182465970985,0.526153750824804,0.7586587626523323,0.27295123377189046,0.2807872787429898,0.04502095879690293,0.03895415979799659,0,,0,0.0,0.0,0.0,0.0,0.0,0.0,0,0,0,0,0,0,246,5,0,0,0,0,0,0,
559,11.18,transport,transport,transport_left,0,0,0,0,0.3960850484079619,0.6039149515920381,0,0,1.000000034088913,0.9999999862655242,0.25866722135683,0.7623098479568794,0.2843009032559751,0.8013335055910266,0.41180317448051956,-0.32890379607842124,0.21949536878873588,-0.11500404565811746,-0.25139221314844323,-0.37098107510490097,-0.02316140650233533,1.0,0.7592642114236765,0.985676795349724,0.985676795349724,0.9937308443368207,1,1,1,1,-0.001406271,-0.0015801676,1.6952065634012343,0.6872633784090771,0.8013335055910266,1.9326030825024005,0.5308348122492706,0.7592642114236765,0.2731036631092038,0.280673993444089,0.045267129313783794,-0.278380674625857,0,,0,0.0,0.0,0.0,0.0,0.0,0.0,0,0,0,0,0,0,247,5,0,0,0,0,0,0,
560,11.200000000000001,transport,transport,transport_left,0,0,0,0,0.40333611543508563,0.5966638845649144,0,0,1.000000034088913,0.9999999862655242,0.25866722135683,0.7546612464790496,0.2841239512593261,0.799359243703812,0.39549277986862347,-0.31835547448279067,0.21444785077101,-0.0952704051358201,-0.20373074719146014,-0.34585650046289684,0.0197912737658114,1.0,0.7600460438037998,0.9859062444628167,0.9859062444628167,0.9944072859769676,1,1,1,1,-0.0013695098,-0.0015850253,1.6887652456772402,0.6915910365850719,0.799359243703812,1.9262440199858601,0.5356094625704229,0.7600460438037998,0.273294529075207,0.28048774550615696,0.04531053188923316,-0.5449868425568302,0,,0,0.0,0.0,0.0,0.0,0.0,0.0,0,0,0,0,0,0,248,5,0,0,0,0,0,0,
561,11.22,transport,transport,transport_left,0,0,0,0,0.4104784488682664,0.5895215511317335,0,0,1.000000034088913,0.9999999862655242,0.25866722135683,0.7472564535679526,0.2838011423844572,0.7978014743878132,0.3810349974083444,-0.307990304394203,0.2121732223288281,-0.0728846031459656,-0.1672736667750785,-0.31091308267112144,0.04357784329299587,1.0,0.7609643609329374,0.9860962878255929,0.9860962878255929,0.9949227423384919,1,1,1,1,-0.001321245,-0.0016029663,1.6825582189939887,0.6958511220262474,0.7978014743878132,1.9200780834143456,0.5405211428707147,0.7609643609329374,0.27358300908680516,0.28017765959793817,0.04520583458962825,-0.7689095901096626,0,,0,0.0,0.0,0.0,0.0,0.0,0.0,0,0,0,0,0,0,249,5,0,0,0,0,0,0,
562,11.24,transport,transport,transport_left,0,0,0,0,0.4175172442826744,0.5824827557173256,0,0,1.000000034088913,0.9999999862655242,0.25866722135683,0.7401106635840463,0.2832695685136929,0.7964921228310506,0.36841445868527195,-0.2949619555299008,0.21225791308547337,-0.06060723134196476,-0.1497029457977546,-0.29666887079837573,0.06517609767139722,1.0,0.7619842875736849,0.9862432417734801,0.9862432417734801,0.9953994056010891,1,1,1,1,-0.001259733,-0.0016410686,1.6766210844875946,0.7000870847287577,0.7964921228310506,1.9140558824080416,0.5455996574655326,0.7619842875736849,0.2740538848684066,0.27966919694042536,0.045019870375550164,-0.9508238911946134,0,,0,0.0,0.0,0.0,0.0,0.0,0.0,0,0,0,0,0,0,250,5,0,0,0,0,0,0,
563,11.26,transport,transport,transport_left,0,0,0,0,0.4245006439824934,0.5754993560175066,0,0,1.000000034088913,0.9999999862655242,0.25866722135683,0.733099972861646,0.28267238560890123,0.7955527319214992,0.36138740655717494,-0.2850465090130469,0.21787147818783278,-0.043374696654207366,-0.12796582119885255,-0.2692982941138813,0.08064030604629026,1.0,0.7630603453442353,0.9863607891977829,0.9863607891977829,0.9957153382710183,1,1,1,1,-0.0011821575,-0.0016975291,1.6708765459312995,0.7044322680215686,0.7955527319214992,1.9081892972386327,0.550853833165723,0.7630603453442353,0.27460046867818555,0.27908932744322557,0.04486451708327406,-1.1192433919004368,0,,0,0.0,0.0,0.0,0.0,0.0,0.0,0,0,0,0,0,0,251,5,0,0,0,0,0,0,
564,11.28,transport,transport,transport_left,0,0,0,0,0.43149850353779906,0.5685014964622009,0,0,1.000000034088913,0.9999999862655242,0.25866722135683,0.7262213355640493,0.2819833859080331,0.7948024457053043,0.3586901172117216,-0.27620036267273435,0.2264659222929254,-0.032941552556358215,-0.10150461848135962,-0.23703464831125812,0.09384000130441718,1.0,0.764158383834936,0.9864523346139401,0.9864523346139401,0.9960026574183678,1,1,1,1,-0.0010968931,-0.001766149,1.6653360702286333,0.7089237295177151,0.7948024457053043,1.902441417448953,0.5562944916643786,0.764158383834936,0.2752679051139657,0.27840200940211607,0.044799007678996874,-1.2630033545425463,0,,0,0.0,0.0,0.0,0.0,0.0,0.0,0,0,0,0,0,0,252,5,0,0,0,0,0,0,
565,11.3,transport,transport,transport_left,0,0,0,0,0.4386243456110397,0.5613756543889603,0,0,1.000000034088913,0.9999999862655242,0.25866722135683,0.719468869314219,0.28122445060214185,0.7941619570145045,0.3509461019599598,-0.2602507131522194,0.23285796450986812,-0.03478363334921583,-0.15838166321757832,-0.321067520939271,0.11697437564245247,1.0,0.7652446023459885,0.9865294200851984,0.9865294200851984,0.9962348916661328,1,1,1,1,-0.0010095723,-0.0018412806,1.6600092650011773,0.7136029384055956,0.7941619570145045,1.896826688884396,0.5619299369788671,0.7652446023459885,0.2760488956971033,0.2776219989098967,0.04486889053397529,-1.3903408745029933,0,,0,0.0,0.0,0.0,0.0,0.0,0.0,0,0,0,0,0,0,253,5,0,0,0,0,0,0,
566,11.32,transport,transport,transport_left,0,0,0,0,0.44586833571095874,0.5541316642890413,0,0,1.000000034088913,0.9999999862655242,0.25866722135683,0.7127218805050953,0.28051315849753367,0.7936715224203474,0.35737769792998736,-0.2562858062695216,0.24781701449315766,-0.024962608241460377,-0.13371480705994393,-0.2764604848276368,0.12252070443623077,1.0,0.766292827581833,0.9866422779685919,0.9866422779685919,0.9964019482096153,1,1,1,1,-0.0009181686,-0.0019240566,1.6547989895698134,0.7185558410930918,0.7936715224203474,1.891343362653445,0.5677765598481737,0.766292827581833,0.27684009236097173,0.2768610866834829,0.045117300126485696,-1.5007457696607505,0,,0,0.0,0.0,0.0,0.0,0.0,0.0,0,0,0,0,0,0,254,5,0,0,0,0,0,0,
567,11.34,transport,transport,transport_left,0,0,0,0,0.45337506450722415,0.5466249354927759,0,0,1.000000034088913,0.9999999862655242,0.25866722135683,0.7059536318068232,0.27988619720444136,0.7931989169839776,0.3713174916983483,-0.2571013551088659,0.2672924026790241,-0.01817537654114111,-0.07861452956961854,-0.19623115767750274,0.11903969305817995,1.0,0.7672776185038799,0.9867923755700816,0.9867923755700816,0.99655598640344,1,1,1,1,-0.00082014874,-0.002018083,1.6496880554404336,0.7238188768941737,0.7931989169839776,1.8860047198124967,0.5738498216673533,0.7672776185038799,0.27761257618191043,0.27615230993746037,0.04556517422076026,-1.5769519837516264,0,,0,0.0,0.0,0.0,0.0,0.0,0.0,0,0,0,0,0,0,255,5,0,0,0,0,0,0,
568,11.36,transport,transport,transport_left,0,0,0,0,0.4612519285432216,0.5387480714567784,0,0,1.000000034088913,0.9999999862655242,0.25866722135683,0.699175741191381,0.27936435763629963,0.7926312802265169,0.37542233641628736,-0.24660581890100455,0.2815747428548519,-0.029037302744108182,-0.143978736414885,-0.29359508332586587,0.12953934601196695,1.0,0.7681682114269243,0.9869956082747998,0.9869956082747998,0.9966877655503963,1,1,1,1,-0.00072166696,-0.0021165349,1.6446967309417577,0.7294211878766846,0.7926312802265169,1.8808452322655165,0.5801619180135199,0.7681682114269243,0.2783566611487669,0.27551092137423,0.046240420857353776,-1.6103583553532197,0,,0,0.0,0.0,0.0,0.0,0.0,0.0,0,0,0,0,0,0,256,5,0,0,0,0,0,0,
569,11.38,transport,transport,transport_left,0,0,0,0,0.46952221091293916,0.5304777890870609,0,0,1.000000034088913,0.9999999862655242,0.25866722135683,0.6923462142571849,0.2789841983484767,0.7918855488064181,0.3885265819347446,-0.24294342324013551,0.3008761043193348,-0.03748290041980383,-0.14976976092080446,-0.308451506926974,0.13069061587732672,1.0,0.7689207295717362,0.9873042652852614,0.9873042652852614,0.9968018720580163,1,1,1,1,-0.0006258525,-0.0022201575,1.639789956642651,0.7354019224121813,0.7918855488064181,1.8758623911714438,0.5867345467583713,0.7689207295717362,0.2790449698093523,0.2749691706838546,0.04716076867032,-1.5958044134309444,0,,0,0.0,0.0,0.0,0.0,0.0,0.0,0,0,0,0,0,0,257,5,0,0,0,0,0,0,
570,11.4,transport,transport,transport_left,0,0,0,0,0.4782341952056185,0.5217658047943815,0,0,1.000000034088913,0.9999999862655242,0.25866722135683,0.6846442323911632,0.2796219625683835,0.7926686356743732,0.45713418502193004,-0.293806312474958,0.3425818441719066,0.07271309310782335,0.2903514143059733,-0.05304750197082662,0.24577504276374418,1.0,0.7693856235932043,0.9877493030269907,0.9877493030269907,0.9966508844086488,1,1,1,1,-0.0005731024,-0.0022796728,1.634195565171732,0.7420586105595969,0.7926686356743732,1.8711596545727243,0.5936117773668576,0.7693856235932043,0.27877320618536916,0.2754308558761129,0.04823158282646746,-1.4160984671368892,0,,0,0.0,0.0,0.0,0.0,0.0,0.0,0,0,0,0,0,0,258,5,0,0,0,0,0,0,
571,11.42,transport,transport,transport_left,0,0,0,0,0.4885557077004055,0.5114442922995945,0,0,1.000000034088913,0.9999999862655242,0.25866722135683,0.6761316253329187,0.2813166028367859,0.7943603676485739,0.4954049140097424,-0.3091702530745221,0.3789556304488242,0.07894563692801801,0.3256275225040742,0.10228144057250549,0.22319913921769013,1.0,0.7693331819141016,0.9882238899408597,0.9882238899408597,0.9960720382917687,1,1,1,1,-0.00041650608,-0.0024244078,1.6280241755025782,0.7495211396996652,0.7943603676485739,1.8668390465015354,0.6008386309053173,0.7693331819141016,0.2775698027330438,0.27690366876579003,0.04963254230518088,-1.0777991972711058,0,,0,0.0,0.0,0.0,0.0,0.0,0.0,0,0,0,0,0,0,259,5,0,0,0,0,0,0,
572,11.44,transport,transport,transport_left,0,0,0,0,0.5004545803472511,0.4995454196527489,0,0,1.000000034088913,0.9999999862655242,0.25866722135683,0.6676173506761478,0.2830862218693434,0.7949002706660583,0.4977657976211347,-0.3030348943204785,0.3944285763768691,0.019150463255420375,0.2041126830047382,0.09224934727309597,0.16667300576634786,1.0,0.7686092425441464,0.9886185069271181,0.9886185069271181,0.9956981816543178,1,1,1,1,-0.00033915415,-0.0025178827,1.6219574823644425,0.7573441405530613,0.7949002706660583,1.86275594253859,0.6085022425874058,0.7686092425441464,0.27634465524683394,0.27842858229887957,0.05114033213907759,-0.6844662607113853,0,,0,0.0,0.0,0.0,0.0,0.0,0.0,0,0,0,0,0,0,260,5,0,0,0,0,0,0,
573,11.46,transport,transport,transport_left,0,0,0,0,0.5124673676588758,0.4875326323411242,0,0,1.000000034088913,0.9999999862655242,0.25866722135683,0.6591610977180794,0.2846834075331193,0.7943956804418496,0.5006586274958,-0.30018241623336667,0.39944309514461956,-0.03154032358049811,0.21909808399844233,0.11161361108409851,0.1689703750569072,1.0,0.766739000909777,0.988684517515447,0.988684517515447,0.9953641443671787,1,1,1,1,-0.00034948066,-0.0025441833,1.6159609926813137,0.7652970884674051,0.7943956804418496,1.858807768063723,0.6167370460231673,0.766739000909777,0.2751982083091174,0.2798278078801089,0.052354946869240124,-0.23152860105671855,0,,0,0.0,0.0,0.0,0.0,0.0,0.0,0,0,0,0,0,0,261,5,0,0,0,0,0,0,
574,11.48,transport,transport,transport_left,0,0,0,0,0.5242325897123479,0.4757674102876521,0,0,1.000000034088913,0.9999999862655242,0.25866722135683,0.650828926323508,0.2852924041863266,0.7932192915369953,0.4914300128540493,-0.2997904633137431,0.38429561882238783,-0.0628172985234186,0.08526903615311968,0.03581354269966285,0.18561154970941207,1.0,0.764431451017728,0.9879907544946985,0.9879907544946985,0.9950686223464726,1,1,1,1,-0.00043659285,-0.0024889894,1.6099673324243011,0.7730238062359055,0.7932192915369953,1.854215164184377,0.625596696900763,0.764431451017728,0.27482877020437674,0.28032809359487665,0.052989770973994973,-0.10454786994009885,0,,0,0.0,0.0,0.0,0.0,0.0,0.0,0,0,0,0,0,0,262,5,0,0,0,0,0,0,
575,11.5,transport,transport,transport_left,0,0,0,0,0.5341102856221386,0.4658897143778614,0,0,1.000000034088913,0.9999999862655242,0.25866722135683,0.6426875849055197,0.28448489205801675,0.7919540618003312,0.4596377360460902,-0.30916966377331023,0.33436335187131905,-0.06230663147089618,-0.07630679260418749,-0.11925831411396576,0.30131587040822255,1.0,0.7632101170063845,0.9881054996802131,0.9881054996802131,0.9951118441973242,1,1,1,1,-0.00069044903,-0.0022531785,1.603804935148288,0.7798478269566315,0.7919540618003312,1.8484633576788392,0.6346792694308239,0.7632101170063845,0.2754801658965351,0.27958393818807187,0.05257827799110466,-0.04412575789182713,0,,0,0.0,0.0,0.0,0.0,0.0,0.0,0,0,0,0,0,0,263,5,0,0,0,0,0,0,
576,11.52,transport,transport,transport_left,0,0,0,0,0.5427899870685984,0.4572100129314016,0,0,1.000000034088913,0.9999999862655242,0.25866722135683,0.6346242138409798,0.28431876061064076,0.7909395346259186,0.4342888631770605,-0.32382061708547083,0.2853240652232586,-0.04834462156726557,-0.11219178109886697,-0.1686955907713301,0.3865469162329489,1.0,0.7623759252187897,0.9882243761801076,0.9882243761801076,0.9952394592419993,1,1,1,1,-0.000926096,-0.002058465,1.5973366498793258,0.7856711262645004,0.7909395346259186,1.8431311931016827,0.642764862730379,0.7623759252187897,0.27524475247489905,0.27961589442745677,0.05149863317316494,0.3869545267080131,0,,0,0.0,0.0,0.0,0.0,0.0,0.0,0,0,0,0,0,0,264,5,0,0,0,0,0,0,
577,11.540000000000001,transport,transport,transport_left,0,0,0,0,0.5520767447087066,0.4479232552912934,0,0,1.000000034088913,0.9999999862655242,0.25866722135683,0.6267808860112363,0.2844815479831757,0.7903392825985851,0.40656126436246204,-0.32782433455217336,0.23899551663790422,-0.0265407306306684,-0.12210905415599003,-0.1565221544595905,0.423850598928658,1.0,0.7621317533252434,0.9883363484970439,0.9883363484970439,0.9953861741922163,1,1,1,1,-0.0011093952,-0.0019031949,1.590753526235842,0.7905612348720953,0.7903392825985851,1.8380684670946816,0.6499729310524226,0.7621317533252434,0.2744908703784773,0.28007683020160884,0.04986702645158471,0.9638160453357952,0,,0,0.0,0.0,0.0,0.0,0.0,0.0,0,0,0,0,0,0,265,5,0,0,0,0,0,0,
578,11.56,transport,transport,transport_left,0,0,0,0,0.561093812884621,0.438906187115379,0,0,1.000000034088913,0.9999999862655242,0.25866722135683,0.6192792789916691,0.2845396506464564,0.7902543797390238,0.38007503763293493,-0.3240862131814164,0.19855705833738455,-0.0005052146186521963,-0.12248578680510613,-0.1390023158492001,0.4254711206726492,1.0,0.7623936496242317,0.9884966005069781,0.9884966005069781,0.9955359429938795,1,1,1,1,-0.0012513436,-0.0017793514,1.5842335436781203,0.7946270774836717,0.7902543797390238,1.832994084948533,0.65649306321905,0.7623936496242317,0.27371700755696154,0.2804925568764269,0.04781985285351548,1.6282591267800492,0,,0,0.0,0.0,0.0,0.0,0.0,0.0,0,0,0,0,0,0,266,5,0,0,0,0,0,0,
579,11.58,transport,transport,transport_left,0,0,0,0,0.5696661429604923,0.43033385703950766,0,0,1.000000034088913,0.9999999862655242,0.25866722135683,0.6117028621192624,0.28484443712627905,0.7914442814288838,0.4024841076108945,-0.343777120393974,0.19222001940700326,0.08283847241551771,0.02264492738251228,0.18053233318060596,0.36533450648141425,1.0,0.7630031474752274,0.988690877100071,0.988690877100071,0.9956624422483087,1,1,1,1,-0.0012104698,-0.0018346943,1.5775099221467264,0.798349990678246,0.7914442814288838,1.8278450874285581,0.6624505484972543,0.7630031474752274,0.2727279460472785,0.28114165527874513,0.045779067584585095,2.2439331234723014,0,,0,0.0,0.0,0.0,0.0,0.0,0.0,0,0,0,0,0,0,267,5,0,0,0,0,0,0,
580,11.6,transport,transport,transport_left,0,0,0,0,0.5780261020180832,0.42197389798191676,0,0,1.000000034088913,0.9999999862655242,0.25866722135683,0.603488792121302,0.2860607621474865,0.7946478800822169,0.45052707861555424,-0.3712247421312761,0.19547087589428672,0.1641888427164091,0.12425061358470316,0.4539837172139458,0.3043126298949607,1.0,0.7637379184837056,0.988906404198216,0.988906404198216,0.9956323464571384,1,1,1,1,-0.0012522377,-0.0018102117,1.5701708361080318,0.8022527265097869,0.7946478800822169,1.82267556193033,0.6678201297268385,0.7637379184837056,0.27102609512561976,0.2826141958194177,0.044271615757104185,2.6405584077615054,0,,0,0.0,0.0,0.0,0.0,0.0,0.0,0,0,0,0,0,0,268,5,0,0,0,0,0,0,
581,11.620000000000001,transport,transport,transport_left,0,0,0,0,0.5864978196781898,0.4135021803218102,0,0,1.000000034088913,0.9999999862655242,0.25866722135683,0.5954479698989966,0.2872072216913853,0.7974202320924699,0.42476441342120863,-0.3668309252791901,0.16864963989905357,0.13197415705279672,0.041605384879870526,0.29566398609876954,0.28776027752382377,1.0,0.764543045737571,0.9890511952718448,0.9890511952718448,0.9955824586520194,1,1,1,1,-0.001398582,-0.0017057993,1.5628485884888768,0.8056812026477085,0.7974202320924699,1.8174239483289605,0.6727173942110649,0.764543045737571,0.26936152518501344,0.28402941540153454,0.042606095553888765,3.0026345741176708,0,,0,0.0,0.0,0.0,0.0,0.0,0.0,0,0,0,0,0,0,269,5,0,0,0,0,0,0,
582,11.64,transport,transport,transport_left,0,0,0,0,0.5945254958450823,0.4054745041549177,0,0,1.000000034088913,0.9999999862655242,0.25866722135683,0.5876062076550141,0.28818150653652613,0.7995734880842834,0.39938495982272054,-0.3606072249685108,0.14363909905717603,0.09401374716044847,-0.03298696974401157,0.1662078268779621,0.27451229040299335,1.0,0.76535108231517,0.98916143043189,0.98916143043189,0.9956252616938748,1,1,1,1,-0.0014751591,-0.0016769655,1.5555831257687514,0.8086665508336062,0.7995734880842834,1.8120407857304306,0.6772205567651617,0.76535108231517,0.2678399384841029,0.2852821346022671,0.04077602710460894,3.3281539480988127,0,,0,0.0,0.0,0.0,0.0,0.0,0.0,0,0,0,0,0,0,270,5,0,0,0,0,0,0,
583,11.66,transport,transport,transport_left,0,0,0,0,0.6021024413224377,0.39789755867756227,0,0,1.000000034088913,0.9999999862655242,0.25866722135683,0.5796157951690691,0.289383665961902,0.8018365755685729,0.4135854937547859,-0.3749110951130894,0.13806734131059367,0.10692072141974239,-0.024182176979682356,0.25286035319737515,0.2366610630962188,1.0,0.7660366054542395,0.9892853148129865,0.9892853148129865,0.9956501510741427,1,1,1,1,-0.0015800782,-0.0016141571,1.5481017364296747,0.8114820987836425,0.8018365755685729,1.8065564046597125,0.681312630029826,0.7660366054542395,0.2661381337344423,0.2867394544526344,0.03903064675041032,3.5379879715118108,0,,0,0.0,0.0,0.0,0.0,0.0,0.0,0,0,0,0,0,0,271,5,0,0,0,0,0,0,
584,11.68,transport,transport,transport_left,0,0,0,0,0.6094788628461083,0.3905211371538917,0,0,1.000000034088913,0.9999999862655242,0.25866722135683,0.5715755843349338,0.29067775065520174,0.803636377022173,0.4107845578435577,-0.3825580821742209,0.12487616286640009,0.08245732637961038,-0.05220232718454777,0.22411741621999307,0.21341123601257259,1.0,0.7665643536706882,0.9893848429792619,0.9893848429792619,0.9957066970399323,1,1,1,1,-0.0016741343,-0.0015608706,1.5404747091146462,0.8140274768356381,0.803636377022173,1.8009665394966576,0.6850408068646794,0.7665643536706882,0.26434637574784353,0.28828595304995225,0.03721241728305673,3.6962459627845132,0,,0,0.0,0.0,0.0,0.0,0.0,0.0,0,0,0,0,0,0,272,5,0,0,0,0,0,0,
585,11.700000000000001,transport,transport,transport_left,0,0,0,0,0.6166827807760111,0.38331721922398887,0,0,1.000000034088913,0.9999999862655242,0.25866722135683,0.5632996352213764,0.29221937724210556,0.8053219143598108,0.4249085120438073,-0.3991053082458952,0.1207575245107073,0.08173014628200098,-0.06706327475969406,0.28486014100589324,0.17643134431214275,1.0,0.7668803182746183,0.9894684359006571,0.9894684359006571,0.995783021025493,1,1,1,1,-0.0017296411,-0.0015365072,1.5325594942315317,0.8164600711158809,0.8053219143598108,1.795230893930193,0.6884135943345572,0.7668803182746183,0.2623508129621624,0.29005837761259684,0.035472552946076374,3.775239636393589,0,,0,0.0,0.0,0.0,0.0,0.0,0.0,0,0,0,0,0,0,273,5,0,0,0,0,0,0,
586,11.72,transport,transport,transport_left,0,0,0,0,0.6239068120584162,0.37609318794158375,0,0,1.000000034088913,0.9999999862655242,0.25866722135683,0.5550222586646292,0.29368508607330057,0.8059265740190144,0.41700694460416193,-0.4028191796875738,0.10571211563599574,0.021364665494469786,-0.12614262478074612,0.21446411241968105,0.17242781797377704,1.0,0.7669778422351736,0.9895291912953265,0.9895291912953265,0.9958783047008759,1,1,1,1,-0.0018156506,-0.0014793016,1.5245430031016087,0.8186043378267243,0.8059265740190144,1.789291847807101,0.6914863650259077,0.7669778422351736,0.2604225193399102,0.29175549200230566,0.033610454748106755,3.8305939989383515,0,,0,0.0,0.0,0.0,0.0,0.0,0.0,0,0,0,0,0,0,274,5,0,0,0,0,0,0,
587,11.74,transport,transport,transport_left,0,0,0,0,0.6309950446076686,0.36900495539233136,0,0,1.000000034088913,0.9999999862655242,0.25866722135683,0.5465218797927708,0.295234778042327,0.8061057230036736,0.43023895112045113,-0.4174256416077967,0.10335459448303347,0.013387180016452166,-0.13941851931066798,0.22055646377120458,0.12959323454797342,1.0,0.7668237580121896,0.9896081516302193,0.9896081516302193,0.9960733458498088,1,1,1,1,-0.0018829592,-0.0014426596,1.516264928755145,0.8206770272572363,0.8061057230036736,1.783079591933699,0.6942906764173735,0.7668237580121896,0.25845656051633825,0.2935125277197878,0.03184289932218641,3.8403360384702565,0,,0,0.0,0.0,0.0,0.0,0.0,0.0,0,0,0,0,0,0,275,5,0,0,0,0,0,0,
588,11.76,transport,transport,transport_left,0,0,0,0,0.6382042423929691,0.36179575760703087,0,0,1.000000034088913,0.9999999862655242,0.25866722135683,0.5377416140400865,0.29687547348989507,0.8060509943033085,0.44096255224377756,-0.4294424876545444,0.09979399365835977,-0.008263238356601412,-0.11394573277172182,0.16171256464417771,0.09857864425988754,1.0,0.7663349795363427,0.9897075892817019,0.9897075892817019,0.9962081483373042,1,1,1,1,-0.0019211657,-0.0014164038,1.5076923478692748,0.82275846178895,0.8060509943033085,1.7765294701305665,0.6968154252441824,0.7663349795363427,0.2564700040988695,0.2953256215976139,0.03029561004225484,3.796365242035764,0,,0,0.0,0.0,0.0,0.0,0.0,0.0,0,0,0,0,0,0,276,5,0,0,0,0,0,0,
589,11.78,transport,transport,transport_left,0,0,0,0,0.645617864778208,0.35438213522179196,0,0,1.000000034088913,0.9999999862655242,0.25866722135683,0.5287540073699947,0.2984218881007482,0.8052342283857153,0.4584298566446155,-0.4453971451259988,0.1054117700151418,-0.025839414062387232,-0.12301532153019941,0.19529796880037345,0.06607372988867978,1.0,0.7654737895243411,0.9897838838321324,0.9897838838321324,0.9963361089125933,1,1,1,1,-0.0019371696,-0.001409445,1.4988811758685892,0.824790378405581,0.8052342283857153,1.7695545268863346,0.6991259031293924,0.7654737895243411,0.2546206408159443,0.2970217750619032,0.02887366337498,3.7596082301763167,0,,0,0.0,0.0,0.0,0.0,0.0,0.0,0,0,0,0,0,0,277,5,0,0,0,0,0,0,
590,11.8,transport,transport,transport_left,0,0,0,0,0.653248666069837,0.346751333930163,0,0,1.000000034088913,0.9999999862655242,0.25866722135683,0.5194903008748537,0.29986018957758837,0.803926550357682,0.47631447192220544,-0.45869106604057114,0.114204824033877,-0.058610922740433335,-0.10920447556009993,0.20208501510564889,0.04140877765694226,1.0,0.764118572533477,0.9898105052179231,0.9898105052179231,0.9964034204211922,1,1,1,1,-0.0019646473,-0.0013802238,1.4898168842991575,0.8269403839512899,0.803926550357682,1.7620590753752376,0.7012410494598047,0.764118572533477,0.2529688113139733,0.29856628526900236,0.027826365090968946,3.710725408238622,0,,0,0.0,0.0,0.0,0.0,0.0,0.0,0,0,0,0,0,0,278,5,0,0,0,0,0,0,
591,11.82,transport,transport,transport_left,0,0,0,0,0.6611843458256241,0.33881565417437587,0,0,1.000000034088913,0.9999999862655242,0.25866722135683,0.510072150296141,0.30096425020374856,0.8017853178543587,0.48948755093382895,-0.4626524440177367,0.11020443531690842,-0.11578325008434585,-0.08280073252083757,0.10141140647794018,0.008120861545405804,1.0,0.7621663673561145,0.9896699584743047,0.9896699584743047,0.9964393227590562,1,1,1,1,-0.0020158328,-0.0013227351,1.4806011174803044,0.8291310389674564,0.8017853178543587,1.7539553318936254,0.7032066435423415,0.7621663673561145,0.25171698032350803,0.29974367428865384,0.027077843796025486,3.689248991821453,0,,0,0.0,0.0,0.0,0.0,0.0,0.0,0,0,0,0,0,0,279,5,0,0,0,0,0,0,
592,11.84,transport,transport,transport_left,0,0,0,0,0.6693212194388015,0.3306787805611985,0,0,1.000000034088913,0.9999999862655242,0.25866722135683,0.500501017616753,0.30170562654924915,0.7993556295814512,0.49589398954984953,-0.46357797077000373,0.12597682449395498,-0.12302907615214811,0.09662459246208643,0.051658838345862795,-0.028271035492470186,1.0,0.7595000976679666,0.9891321852452599,0.9891321852452599,0.9963089741669385,1,1,1,1,-0.0019823648,-0.0013412721,1.471332186118551,0.831633507717936,0.7993556295814512,1.7451943129108358,0.7050403775714642,0.7595000976679666,0.2509791829980575,0.30048703163009327,0.027089276727338005,3.703638993810921,0,,0,0.0,0.0,0.0,0.0,0.0,0.0,0,0,0,0,0,0,280,5,0,0,0,0,0,0,
593,11.86,transport,transport,transport_left,0,0,0,0,0.6777728714071812,0.32222712859281877,0,0,1.000000034088913,0.9999999862655242,0.25866722135683,0.4909676450490358,0.3018233670342304,0.7975272928144492,0.4827126130290181,-0.4518713337775888,0.14642526110541995,-0.08592675600518776,0.06557514880435221,-0.05228546038985736,-0.14069281892486346,1.0,0.7579396193977496,0.9884666960549792,0.9884666960549792,0.9961444426800432,1,1,1,1,-0.0018214621,-0.0014325418,1.462243264859487,0.8345296744516587,0.7975272928144492,1.7360770118718594,0.7075949515227304,0.7579396193977496,0.2508872304285865,0.3005935840870483,0.027218414604498753,4.023581083768844,0,,0,0.0,0.0,0.0,0.0,0.0,0.0,0,0,0,0,0,0,281,5,0,0,0,0,0,0,
594,11.88,transport,transport,transport_left,0,0,0,0,0.6865359786695265,0.31346402133047346,0,0,1.000000034088913,0.9999999862655242,0.25866722135683,0.48207164569367217,0.301350089829393,0.7957020351330092,0.4485013563981602,-0.41788844257317176,0.13498628705366914,-0.09111212083045189,-0.08413344182017504,-0.2571304850752427,-0.18713173369277233,1.0,0.7582814592021705,0.9887283757778176,0.9887283757778176,0.9963210422951155,1,1,1,1,-0.0017746575,-0.0013922788,1.4537834470908666,0.8372926242129612,0.7957020351330092,1.7269345568818302,0.7100120370829979,0.7582814592021705,0.25143962873225945,0.30008180885742436,0.027618555955,3.7816396389340814,0,,0,0.0,0.0,0.0,0.0,0.0,0.0,0,0,0,0,0,0,282,5,0,0,0,0,0,0,
595,11.9,transport,transport,transport_left,0,0,0,0,0.6937340698567823,0.3062659301432177,0,0,1.000000034088913,0.9999999862655242,0.25866722135683,0.4739681178619373,0.3010698055982419,0.793523514976542,0.4132679898172134,-0.3818335111731514,0.11350748605953848,-0.11004386289651484,-0.09438940830143977,-0.4675952130664026,-0.11701765548725267,1.0,0.7591454423980496,0.9894372721108295,0.9894372721108295,0.9967230455023364,1,1,1,1,-0.0018225797,-0.001294557,1.4460159761751623,0.839639279873644,0.793523514976542,1.7185748764755744,0.7117538870017712,0.7591454423980496,0.25182261965417585,0.2997530873395196,0.02812675724980626,3.244693258948587,0,,0,0.0,0.0,0.0,0.0,0.0,0.0,0,0,0,0,0,0,283,5,0,0,0,0,0,0,
596,11.92,transport,transport,transport_left,0,0,0,0,0.6997398676368517,0.3002601323631483,0,0,1.000000034088913,0.9999999862655242,0.25866722135683,0.46641352301408834,0.3013125157302107,0.79085437766233,0.3976899713672802,-0.3637068258963303,0.08693097774677185,-0.13534276201746018,-0.12721472651077595,-0.4921008156680846,-0.03834621623934778,1.0,0.7595922132845827,0.9901666755532982,0.9901666755532982,0.997092948951834,1,1,1,1,-0.0018912144,-0.001200188,1.4386417606834847,0.8414597385662522,0.79085437766233,1.7112422958071665,0.713092373609458,0.7595922132845827,0.25156738909987664,0.3000028007973997,0.028063350644286042,2.732138240658703,0,,0,0.0,0.0,0.0,0.0,0.0,0.0,0,0,0,0,0,0,284,5,0,0,0,0,0,0,
597,11.94,transport,transport,transport_left,0,0,0,0,0.7050978337408141,0.29490216625918586,0,0,1.000000034088913,0.9999999862655242,0.25866722135683,0.4593230980128775,0.301792940341568,0.7876754649620253,0.3878108252205372,-0.34722895105883184,0.06414623316685986,-0.16035757691896035,-0.1763626296782604,-0.52457624676446,0.027286400785672,1.0,0.7597364482943753,0.9908261298058315,0.9908261298058315,0.9974318489832371,1,1,1,1,-0.0019381531,-0.0011308976,1.4315910807058003,0.8428157731641848,0.7876754649620253,1.7046654809343187,0.7143270546716876,0.7597364482943753,0.2509303860915558,0.3005572001599564,0.027282746782850115,2.308235233418365,0,,0,0.0,0.0,0.0,0.0,0.0,0.0,0,0,0,0,0,0,285,5,0,0,0,0,0,0,
598,11.96,transport,transport,transport_left,0,0,0,0,0.7099660682168187,0.29003393178318126,0,0,1.000000034088913,0.9999999862655242,0.25866722135683,0.45270761321596337,0.3022039075031719,0.784166133014714,0.37524438719178593,-0.3285979268069901,0.0451299935607797,-0.17548514552032865,-0.21020235679968455,-0.5649366438296634,0.074615725121551,1.0,0.7597981813438397,0.9913981380739044,0.9913981380739044,0.9977116925247274,1,1,1,1,-0.0019664057,-0.0010819621,1.424900983589179,0.8437842182474824,0.784166133014714,1.6985839154256284,0.7156247295952912,0.7597981813438397,0.2502420218183897,0.3010964838422093,0.025847807025816683,1.9700709548881328,0,,0,0.0,0.0,0.0,0.0,0.0,0.0,0,0,0,0,0,0,286,5,0,0,0,0,0,0,
599,11.98,transport,transport,transport_left,0,0,0,0,0.7143773779934905,0.28562262200650945,0,0,1.000000034088913,0.9999999862655242,0.25866722135683,0.44658170721608664,0.3023906656240197,0.7804863000378648,0.3595849530050179,-0.30810237756491593,0.029977100334819068,-0.182963484941622,-0.21938550712677762,-0.5963286615059988,0.10958504199054948,1.0,0.7598876347101624,0.9919706502576165,0.9919706502576165,0.997865783328683,1,1,1,1,-0.0019795485,-0.0010568537,1.4186124956383013,0.8444402605792255,0.7804863000378648,1.692855243877575,0.7170392021271544,0.7598876347101624,0.24970064181098978,0.30144518557792505,0.023893822390485236,1.7254721732353664,0,,0,0.0,0.0,0.0,0.0,0.0,0.0,0,0,0,0,0,0,287,5,0,0,0,0,0,0,
600,12.0,transport,transport,transport_left,0,0,0,0,0.7183790105172355,0.2816209894827645,0,0,1.000000034088913,0.9999999862655242,0.25866722135683,0.44057041490276727,0.30277237931526485,0.7775915486246422,0.3360717720170804,-0.30541012825746233,0.0337033523945504,-0.13613586427473703,-0.18907592605673929,-0.44145221758718306,0.11750921803844763,1.0,0.7600292833386598,0.9925690433301644,0.9925690433301644,0.9978885615997439,1,1,1,1,-0.0019061454,-0.0011214204,1.412447812366996,0.8451157692481991,0.7775915486246422,1.6874854669781336,0.7185242915641499,0.7600292833386598,0.24897294416537066,0.30198507886350345,0.021820307514565374,1.517121184482292,0,,0,0.0,0.0,0.0,0.0,0.0,0.0,0,0,0,0,0,0,288,5,0,0,0,0,0,0,
601,12.02,transport,transport,transport_left,0,0,0,0,0.7222780036272279,0.27772199637277206,0,0,1.000000034088913,0.9999999862655242,0.25866722135683,0.4347647010321055,0.30328052573327446,0.7752110933151742,0.3174451631018415,-0.2938069034665994,0.030961279953477673,-0.11614789793950432,-0.1563534599652459,-0.3865506895721145,0.12763236583785714,1.0,0.7602400873789318,0.9931347655366126,0.9931347655366126,0.9978358913499504,1,1,1,1,-0.0018795766,-0.0011454262,1.406485392940555,0.8457599191532853,0.7752110933151742,1.682482485814088,0.7200432455796909,0.7602400873789318,0.2481323679130168,0.30264491389357323,0.019624815499845724,1.359676729675333,0,,0,0.0,0.0,0.0,0.0,0.0,0.0,0,0,0,0,0,0,289,5,0,0,0,0,0,0,
602,12.040000000000001,transport,transport,transport_left,0,0,0,0,0.7260198863974596,0.2739801136025404,0,0,1.000000034088913,0.9999999862655242,0.25866722135683,0.42941219498706323,0.30359638905716746,0.7727932062304371,0.29760256060022205,-0.2710277164009952,0.02368906245029914,-0.12062375113756155,-0.13910992346391896,-0.4279312065657489,0.1416365451128421,1.0,0.7605195129148299,0.9936420339641255,0.9936420339641255,0.9976773641404739,1,1,1,1,-0.0018691309,-0.0011603124,1.4009485272303885,0.8462627459781177,0.7727932062304371,1.677785500630733,0.7216350700506257,0.7605195129148299,0.2474964680514221,0.3031056961369295,0.017254113071912547,1.2633964462437093,0,,0,0.0,0.0,0.0,0.0,0.0,0.0,0,0,0,0,0,0,290,5,0,0,0,0,0,0,
603,12.06,transport,transport,transport_left,0,0,0,0,0.7294258674088371,0.2705741325911629,0,0,1.000000034088913,0.9999999862655242,0.25866722135683,0.42434781682146444,0.3038568571861528,0.7707029012473503,0.27731806450566043,-0.257682136861647,0.027575243770324446,-0.09871591145599698,-0.10935003874536928,-0.3632055875483813,0.14001650016546371,1.0,0.7608386736866356,0.9941044131730047,0.9941044131730047,0.997434372631355,1,1,1,1,-0.001810614,-0.0012243576,1.3957266227159735,0.8467957542915595,0.7707029012473503,1.6733578346778353,0.7233052696231698,0.7608386736866356,0.2469615232494095,0.3034899960848885,0.014926886327710553,1.1816674215567686,0,,0,0.0,0.0,0.0,0.0,0.0,0.0,0,0,0,0,0,0,291,5,0,0,0,0,0,0,
604,12.08,transport,transport,transport_left,0,0,0,0,0.7326147440565394,0.26738525594346063,0,0,1.000000034088913,0.9999999862655242,0.25866722135683,0.4196019207137061,0.3040147290506006,0.7687848975726156,0.2593406572036092,-0.2414619126649328,0.028027647610180076,-0.09037794078441855,-0.10016720706481164,-0.33131995540534437,0.13585049492645676,1.0,0.7611788200378887,0.9945152216399914,0.9945152216399914,0.9971622666540501,1,1,1,1,-0.001766596,-0.001275871,1.3908397685862688,0.8473236167623566,0.7687848975726156,1.669182545131938,0.7250523845588747,0.7611788200378887,0.24656976488181104,0.3037530059325806,0.012612171368633865,1.1255963634347694,0,,0,0.0,0.0,0.0,0.0,0.0,0.0,0,0,0,0,0,0,292,5,0,0,0,0,0,0,
605,12.1,transport,transport,transport_left,0,0,0,0,0.7355721819117712,0.2644278180882288,0,0,1.000000034088913,0.9999999862655242,0.25866722135683,0.41515971890665254,0.3040539028536081,0.7669905239263547,0.24214300113028778,-0.22443756177762375,0.02811443273531658,-0.08643258952310308,-0.10857166986444919,-0.3113130247451205,0.12941770030877012,1.0,0.7615283420900189,0.9948759920557593,0.9948759920557593,0.9968725011421449,1,1,1,1,-0.0017099269,-0.0013387091,1.3862819535524615,0.8478688885300271,0.7669905239263547,1.6652290560522935,0.7268842207102593,0.7615283420900189,0.24633996843251207,0.3038776325392548,0.01035182509748818,1.092151344452359,0,,0,0.0,0.0,0.0,0.0,0.0,0.0,0,0,0,0,0,0,293,5,0,0,0,0,0,0,
606,12.120000000000001,transport,transport,transport_left,0,0,0,0,0.7383156582731748,0.2616843417268252,0,0,1.000000034088913,0.9999999862655242,0.25866722135683,0.4109545470482551,0.3040235220991871,0.765370091465275,0.227139431908965,-0.21099393110184197,0.033152657019539115,-0.07729672631271843,-0.10682671665470099,-0.26474623455338525,0.12431022300641797,1.0,0.76187473241676,0.9951920356314283,0.9951920356314283,0.9965958174540246,1,1,1,1,-0.0016636141,-0.0013936199,1.3820080874314378,0.8484959040726958,0.765370091465275,1.6614767259556642,0.7287980257664778,0.76187473241676,0.24622587948102156,0.30391192569399306,0.008236711149710335,1.0642895964971362,0,,0,0.0,0.0,0.0,0.0,0.0,0.0,0,0,0,0,0,0,294,5,0,0,0,0,0,0,
607,12.14,transport,transport,transport_left,0,0,0,0,0.740893606464415,0.25910639353558496,0,0,1.000000034088913,0.9999999862655242,0.25866722135683,0.40698906037242316,0.303891113169053,0.7638895217553664,0.21249329301351857,-0.1970923804072999,0.035559750066506426,-0.07101758469788202,-0.10685527418699556,-0.23912151158723963,0.1089273049108341,1.0,0.7622157413332458,0.9954637436514338,0.9954637436514338,0.9963345251132506,1,1,1,1,-0.0016071089,-0.001455728,1.3780129685465987,0.8491811656710198,0.7638895217553664,1.6579006891068004,0.7308060308548744,0.7622157413332458,0.24625151205358028,0.30382727406768323,0.006228659223866367,1.05613189855824,0,,0,0.0,0.0,0.0,0.0,0.0,0.0,0,0,0,0,0,0,295,5,0,0,0,0,0,0,
608,12.16,transport,transport,transport_left,0,0,0,0,0.743310738317274,0.256689261682726,0,0,1.000000034088913,0.9999999862655242,0.25866722135683,0.4032505065204902,0.30365643331555353,0.7625755878633926,0.19740031235040692,-0.18293225507699382,0.0366064745477347,-0.06451851974177591,-0.12194070966040561,-0.23309557634427963,0.08953571199884522,1.0,0.7625432632872766,0.9956959440902728,0.9956959440902728,0.9960690510823805,1,1,1,1,-0.001576189,-0.0014844574,1.3742851909584826,0.8499280290045034,0.7625755878633926,1.6544870542815429,0.7329060426762571,0.7625432632872766,0.24641272981892995,0.30362545097918753,0.004337627416943296,1.058643645065843,0,,0,0.0,0.0,0.0,0.0,0.0,0.0,0,0,0,0,0,0,296,5,0,0,0,0,0,0,
609,12.18,transport,transport,transport_left,0,0,0,0,0.7455718447117441,0.2544281552882559,0,0,1.000000034088913,0.9999999862655242,0.25866722135683,0.39963973845531287,0.3033963524984068,0.7615284908755687,0.18618955044100516,-0.17318707580535136,0.04648143758242812,-0.050122464301807064,-0.08302966294708658,-0.20350590860269158,0.08259960882848774,1.0,0.76285507879437,0.9958938883486562,0.9958938883486562,0.9957987676986968,1,1,1,1,-0.0015102215,-0.001541812,1.3707645148812133,0.8508503287552005,0.7615284908755687,1.6512158826547656,0.7351076096611632,0.76285507879437,0.24663069206531124,0.30338422585520286,0.002712602362449662,1.0547735383766286,0,,0,0.0,0.0,0.0,0.0,0.0,0.0,0,0,0,0,0,0,297,5,0,0,0,0,0,0,
610,12.200000000000001,transport,transport,transport_left,0,0,0,0,0.7477515966217452,0.2522484033782548,0,0,1.000000034088913,0.9999999862655242,0.25866722135683,0.3962382246029096,0.30300517445237574,0.7605907264481445,0.17357746170078317,-0.16028549670213804,0.047020220227228175,-0.04718891445264137,-0.11809638196936412,-0.20049966721574763,0.06403588004019173,1.0,0.7631576715183882,0.996054166291552,0.996054166291552,0.9955309868876908,1,1,1,1,-0.0014532544,-0.0015891083,1.3674895450600382,0.8518237737256259,0.7605907264481445,1.6480704627875937,0.7374276009221734,0.7631576715183882,0.24699986368603769,0.30300291189453954,0.0011709518967688154,1.0753929236547215,0,,0,0.0,0.0,0.0,0.0,0.0,0.0,0,0,0,0,0,0,298,5,0,0,0,0,0,0,
611,12.22,transport,transport,transport_left,0,0,0,0,0.7497937018029586,0.25020629819704143,0,0,1.000000034088913,0.9999999862655242,0.25866722135683,0.3929073881887842,0.30260856502276584,0.7599194958283408,0.16710126055535043,-0.15297141648101303,0.058883066087290444,-0.03248632861896457,-0.07982215830884898,-0.16847167759307355,0.0644176904066977,1.0,0.7634549181483548,0.9961876331275075,0.9961876331275075,0.9952850051483967,1,1,1,1,-0.0013976283,-0.001634378,1.3643754800777828,0.8530076393431616,0.7599194958283408,1.6450381089380048,0.7398686434734496,0.7634549181483548,0.2473914566597637,0.302608555269907,7.682836137040683e-05,1.0801567414305078,0,,0,0.0,0.0,0.0,0.0,0.0,0.0,0,0,0,0,0,0,299,5,0,0,0,0,0,0,
612,12.24,transport,transport,transport_left,0,0,0,0,0.7517880718187024,0.24821192818129756,0,0,1.000000034088913,0.9999999862655242,0.25866722135683,0.38972380870559586,0.30210361169354577,0.7593459772979948,0.15886653618968374,-0.14284356262623243,0.06326450684957359,-0.02884259194722202,-0.10534944969009755,-0.16084656358158622,0.05485898676629626,1.0,0.7637586884721747,0.9962885858667366,0.9962885858667366,0.9950458263070165,1,1,1,1,-0.001333762,-0.0016899742,1.3614601745611639,0.8542906388585148,0.7593459772979948,1.6421002818079793,0.7424527096807058,0.7637586884721747,0.24790165938480557,0.3021012358841314,0.0011981133356491203,1.1068141210163942,0,,0,0.0,0.0,0.0,0.0,0.0,0.0,0,0,0,0,0,0,300,5,0,0,0,0,0,0,
613,12.26,transport,transport,transport_left,0,0,0,0,0.7536884146009618,0.2463115853990382,0,0,1.000000034088913,0.9999999862655242,0.25866722135683,0.3866158100452829,0.3015526052156817,0.7589370352226689,0.15577253435616228,-0.13600470468849749,0.0734487117626835,-0.01931552491491193,-0.09919723859987117,-0.13077056166420578,0.05692632974124097,1.0,0.7640777337796305,0.9963656779511936,0.9963656779511936,0.9948551430531467,1,1,1,1,-0.0012788363,-0.0017377473,1.3586983812950195,0.8557526975957619,0.7589370352226689,1.6392497680774496,0.7451864591374507,0.7640777337796305,0.24846346060746785,0.3015453476866601,0.002092128317308442,1.1292937078785417,0,,0,0.0,0.0,0.0,0.0,0.0,0.0,0,0,0,0,0,0,301,5,0,0,0,0,0,0,
614,12.280000000000001,transport,transport,transport_left,0,0,0,0,0.7555354906398983,0.24446450936010167,0,0,1.000000034088913,0.9999999862655242,0.25866722135683,0.38354525171873505,0.3009819920933287,0.758698011769023,0.15651579815837902,-0.1307696040126573,0.0854454534905505,-0.009776513556550449,-0.09153116620113605,-0.09166190059427663,0.06234051145048435,1.0,0.7644204570509459,0.9964191672478061,0.9964191672478061,0.9947019683938984,1,1,1,1,-0.001206506,-0.0018055774,1.3560629958856187,0.8574302582285195,0.758698011769023,1.6364782465161738,0.7480801472168173,0.7644204570509459,0.24904515041065903,0.3009697023830917,0.0027198918915739972,1.1497924576607341,0,,0,0.0,0.0,0.0,0.0,0.0,0.0,0,0,0,0,0,0,302,5,0,0,0,0,0,0,
615,12.3,transport,transport,transport_left,0,0,0,0,0.7573567034044749,0.24264329659552508,0,0,1.000000034088913,0.9999999862655242,0.25866722135683,0.3805399923687918,0.3003585944699517,0.7585838229103564,0.15507351676702338,-0.12264554476494821,0.09478394068092479,-0.004676595000242896,-0.10853449754518851,-0.09352580080270642,0.068315455917103,1.0,0.7648002527300259,0.9964493692580906,0.9964493692580906,0.9945747690007543,1,1,1,1,-0.0011416562,-0.0018696822,1.353577125207884,0.8593090966248408,0.7585838229103564,1.6337823461161616,0.7511410817234461,0.7648002527300259,0.24967646509587077,0.300342680044723,0.003091895133746844,1.1701171081341986,0,,0,0.0,0.0,0.0,0.0,0.0,0.0,0,0,0,0,0,0,303,5,0,0,0,0,0,0,
616,12.32,transport,transport,transport_left,0,0,0,0,0.7591328177105867,0.24086718228941328,0,0,1.000000034088913,0.9999999862655242,0.25866722135683,0.37758522185848425,0.29968605591690967,0.7585737334037576,0.15715638285753986,-0.11566002059665807,0.10639841683791249,0.0005149784773157695,-0.11284609751328159,-0.08651947000689678,0.0803080803368128,1.0,0.7652252498021526,0.9964667470154498,0.9964667470154498,0.9944540354254527,1,1,1,1,-0.0010723509,-0.0019422062,1.3512333315397196,0.8614151006258772,0.7585737334037576,1.6311520147203815,0.7543764958263128,0.7652252498021526,0.25035078264229427,0.2996692888558399,0.0031700832273475477,1.1856167114100868,0,,0,0.0,0.0,0.0,0.0,0.0,0.0,0,0,0,0,0,0,304,5,0,0,0,0,0,0,
617,12.34,transport,transport,transport_left,0,0,0,0,0.7608724215147411,0.2391275784852589,0,0,1.000000034088913,0.9999999862655242,0.25866722135683,0.3746607485416361,0.29899090033780856,0.7586498669828012,0.16207219103353818,-0.10921601465346656,0.11965677320575671,0.0046383052520906215,-0.1156151319468498,-0.077851517109774,0.09260720864589295,1.0,0.7656922695487854,0.9964756003506102,0.9964756003506102,0.9943441387697864,1,1,1,1,-0.0009990223,-0.0020246692,1.3490204353919177,0.8637816469272817,0.7586498669828012,1.6285952025532526,0.7577934020531507,0.7656922695487854,0.25104017828653874,0.29897671579152385,0.002912370053361202,1.2080366537761709,0,,0,0.0,0.0,0.0,0.0,0.0,0.0,0,0,0,0,0,0,305,5,0,0,0,0,0,0,
618,12.36,transport,transport,transport_left,0,0,0,0,0.7625946747714154,0.2374053252285846,0,0,1.000000034088913,0.9999999862655242,0.25866722135683,0.37170113588436743,0.29835076990044557,0.7588124595414046,0.17438266894137158,-0.10820176276896669,0.1364159882123324,0.009611031206746294,-0.11460333326149133,-0.009843092998048704,0.09496752170674637,1.0,0.7661984862336779,0.9964850042185521,0.9964850042185521,0.9942737393081156,1,1,1,1,-0.00091378763,-0.002121348,1.3468849898519695,0.8664613705658273,0.7588124595414046,1.626126653957986,0.7614029347908201,0.7661984862336779,0.25166821973485104,0.2983420809778904,0.002276975619227628,1.2450403113795352,0,,0,0.0,0.0,0.0,0.0,0.0,0.0,0,0,0,0,0,0,306,5,0,0,0,0,0,0,
619,12.38,transport,transport,transport_left,0,0,0,0,0.7643398199498537,0.23566018005014633,0,0,1.000000034088913,0.9999999862655242,0.25866722135683,0.36869956567557083,0.29779187259916073,0.7590451622154728,0.18401053425149208,-0.10184727742263723,0.15277200315851452,0.012154169986088438,-0.12919344928012214,-0.044872550423085356,0.10309338457008274,1.0,0.7667540709649167,0.9965006582946837,0.9965006582946837,0.9942554176377393,1,1,1,1,-0.0008272268,-0.0022188164,1.3448254163179465,0.8694824567916809,0.7590451622154728,1.6237699525319491,0.765223427914227,0.7667540709649167,0.2522137279096484,0.29778930440002965,0.0012367582873260424,1.3021213602844781,0,,0,0.0,0.0,0.0,0.0,0.0,0.0,0,0,0,0,0,0,307,5,0,0,0,0,0,0,
620,12.4,transport,transport,transport_left,0,0,0,0,0.7661093961439632,0.23389060385603677,0,0,1.000000034088913,0.9999999862655242,0.25866722135683,0.36568419238977673,0.29728778336172457,0.7592980802718918,0.19648042710382646,-0.09653638347740465,0.17062507960577342,0.013128865508071427,-0.13128875806714332,-0.06731986263202251,0.11041273149160374,1.0,0.7673572420316515,0.9965354513377775,0.9965354513377775,0.9941771440381904,1,1,1,1,-0.0007386543,-0.0023189373,1.342870283154834,0.8728586441724169,0.7592980802718918,1.6215309670704805,0.7692813813403075,0.7673572420316515,0.25271241101671704,0.29728769404931416,0.0002304408146344139,1.379631647856857,0,,0,0.0,0.0,0.0,0.0,0.0,0.0,0,0,0,0,0,0,308,5,0,0,0,0,0,0,
621,12.42,transport,transport,transport_left,0,0,0,0,0.767882594903413,0.23211740509658696,0,0,1.000000034088913,0.9999999862655242,0.25866722135683,0.3620293288361976,0.297490395182794,0.7606973594344015,0.2531285809514421,-0.13839477323385407,0.190426426530747,0.09305235792160722,0.12525323837823915,-0.006604975075718798,0.21864134966710413,1.0,0.7679397939853996,0.9966064031224512,0.9966064031224512,0.9940754061745227,1,1,1,1,-0.00079325214,-0.0022665896,1.340348203822388,0.876596751718526,0.7606973594344015,1.619449391166715,0.7736255788156119,0.7679397939853996,0.2525197966080965,0.2974857159518368,0.0016685414702731355,1.5624608234686923,0,,0,0.0,0.0,0.0,0.0,0.0,0.0,0,0,0,0,0,0,309,5,0,0,0,0,0,0,
622,12.44,transport,transport,transport_left,0,0,0,0,0.7699729546036878,0.23002704539631225,0,0,1.000000034088913,0.9999999862655242,0.25866722135683,0.3577079534772156,0.2984600968959504,0.7630682080960971,0.2901822843848451,-0.15460904743587908,0.21527150691610256,0.11815235474525101,0.21224610387383358,0.07813064209142274,0.24151153339661502,1.0,0.7683969094676973,0.9966909062616197,0.9966909062616197,0.9941312193201938,1,1,1,1,-0.00067520514,-0.002368439,1.3372624561120605,0.8807983139956344,0.7630682080960971,1.6175726054719533,0.7783061210979569,0.7683969094676973,0.251577980461183,0.2984426810783751,0.0032242130654385054,1.8364400173598698,0,,0,0.0,0.0,0.0,0.0,0.0,0.0,0,0,0,0,0,0,310,5,0,0,0,0,0,0,
623,12.46,transport,transport,transport_left,0,0,0,0,0.7723575319442663,0.22764246805573374,0,0,1.000000034088913,0.9999999862655242,0.25866722135683,0.3534495232060306,0.29935938100874787,0.7648710359002495,0.28508278407999266,-0.1449576774819668,0.23058755890816493,0.084195268243574,0.13477973497563545,0.1082456548101469,0.20525311657856354,1.0,0.7686339288947925,0.9967945218049866,0.9967945218049866,0.9942504604694729,1,1,1,1,-0.0005653836,-0.0024749227,1.3343394338047132,0.885353873151085,0.7648710359002495,1.61578524684995,0.7833524353315805,0.7686339288947925,0.2507395493976207,0.29931428851438074,0.005195737586783114,2.097949237015735,0,,0,0.0,0.0,0.0,0.0,0.0,0.0,0,0,0,0,0,0,311,5,0,0,0,0,0,0,
624,12.48,transport,transport,transport_left,0,0,0,0,0.7746282184654838,0.2253717815345162,0,0,1.000000034088913,0.9999999862655242,0.25866722135683,0.349308646151465,0.3001506296108375,0.7658964718907427,0.27816204406163497,-0.1395254079726474,0.23614195182526776,0.04630077617887387,0.1110134461152701,0.15454966008292442,0.1965302676922661,1.0,0.7683010087982076,0.9968971498906637,0.9968971498906637,0.9944729719494937,1,1,1,1,-0.00053803995,-0.0025031306,1.3315522022679902,0.8900468596527611,0.7658964718907427,1.6141168170179556,0.7888162370774465,0.7683010087982076,0.2500363167920614,0.30006567340076556,0.00714087545944167,2.452024681700509,0,,0,0.0,0.0,0.0,0.0,0.0,0.0,0,0,0,0,0,0,312,5,0,0,0,0,0,0,
625,12.5,transport,transport,transport_left,0,0,0,0,0.7767662333832364,0.22323376661676364,0,0,1.000000034088913,0.9999999862655242,0.25866722135683,0.3451691198480063,0.300987377676378,0.7662028676276685,0.2770988199240042,-0.14249110766897813,0.23743665237968756,0.010191974552106605,0.1756549364913278,0.22681524022847027,0.21750147324206595,1.0,0.7669164121160412,0.9968348157276355,0.9968348157276355,0.9947775929533684,1,1,1,1,-0.00056741014,-0.0024761744,1.3287363927029212,0.8947663042913124,0.7662028676276685,1.612626442158201,0.7947670975905522,0.7669164121160412,0.24928943092716502,0.30086198286228444,0.00868727740302401,2.9826702074606866,0,,0,0.0,0.0,0.0,0.0,0.0,0.0,0,0,0,0,0,0,313,5,0,0,0,0,0,0,
626,12.52,transport,transport,transport_left,0,0,0,0,0.7788271708619747,0.22117282913802527,0,0,1.000000034088913,0.9999999862655242,0.25866722135683,0.3410165073453433,0.3014588256857899,0.7659166171740031,0.2777566906434988,-0.1458664391130167,0.23564226087653528,-0.018560334768310514,0.1376905572509122,0.2686674960129253,0.255815787725782,1.0,0.7646172134490384,0.9963590940841576,0.9963590940841576,0.9951550036956269,1,1,1,1,-0.0005734898,-0.002472762,1.3258563252278692,0.8994518097172626,0.7659166171740031,1.610847761310958,0.8011802220474066,0.7646172134490384,0.24889882392576135,0.30129709002929855,0.00987355679237327,3.424061156201456,0,,0,0.0,0.0,0.0,0.0,0.0,0.0,0,0,0,0,0,0,314,5,0,0,0,0,0,0,
627,12.540000000000001,transport,transport,transport_left,0,0,0,0,0.7807456677549838,0.21925433224501623,0,0,1.000000034088913,0.9999999862655242,0.25866722135683,0.33703721752442284,0.30077938227737666,0.7652900002419752,0.2568877058189348,-0.14334344481168582,0.21058974736483493,-0.033104509288762456,-0.11284667600811452,0.16300263478482013,0.3433628349128023,1.0,0.7633372726616734,0.996087361500972,0.996087361500972,0.9955290040587577,1,1,1,1,-0.00067167357,-0.002392996,1.3229973052238142,0.9037355128809352,0.7652900002419752,1.60797147282761,0.8075172162753311,0.7633372726616734,0.24964955368162414,0.3005848519542965,0.010815894728312875,3.5672995992600267,0,,0,0.0,0.0,0.0,0.0,0.0,0.0,0,0,0,0,0,0,315,5,0,0,0,0,0,0,
628,12.56,transport,transport,transport_left,0,0,0,0,0.7824175770421362,0.21758242295786379,0,0,1.000000034088913,0.9999999862655242,0.25866722135683,0.3330988499724582,0.3001457177971707,0.7646277173005533,0.23649644315706858,-0.15437503993901402,0.17618523390023733,-0.0325219621992748,-0.19921148741049102,0.12147759714796302,0.41193953418067464,1.0,0.7626824058126872,0.9962605798536801,0.9962605798536801,0.9958806833012861,1,1,1,1,-0.0008834936,-0.0022523887,1.3199532611026026,0.9073459179441565,0.7646277173005533,1.6049870212178152,0.8133075879581224,0.7626824058126872,0.2503011999240688,0.29994251020777296,0.011042757003522294,3.7175921983553106,0,,0,0.0,0.0,0.0,0.0,0.0,0.0,0,0,0,0,0,0,316,5,0,0,0,0,0,0,
629,12.58,transport,transport,transport_left,0,0,0,0,0.7839683960342374,0.2160316039657626,0,0,1.000000034088913,0.9999999862655242,0.25866722135683,0.3289568951079375,0.3002804282336981,0.7639163231277742,0.22781897166599513,-0.17804689113470396,0.13747474836277274,-0.03607605813847587,-0.20967988962856976,0.1273088545659006,0.47498363558861006,1.0,0.7621349543883331,0.99645853869216,0.99645853869216,0.9962152985286112,1,1,1,1,-0.0011350252,-0.0020864047,1.316460042662321,0.9101907338870907,0.7639163231277742,1.6023070257405778,0.8182133570747905,0.7621349543883331,0.25011935831170373,0.3000987656163224,0.010443488678247265,3.7543794565132487,0,,0,0.0,0.0,0.0,0.0,0.0,0.0,0,0,0,0,0,0,317,5,0,0,0,0,0,0,
630,12.6,transport,transport,transport_left,0,0,0,0,0.7854665424676162,0.21453345753238384,0,0,1.000000034088913,0.9999999862655242,0.25866722135683,0.3246448443334509,0.3008978451549004,0.7631866774683993,0.22225751430188617,-0.19889107962567043,0.0922428605944562,-0.0364965173453589,-0.23490575088088972,0.11286714761730962,0.5250032387733142,1.0,0.7619408701658366,0.9966172399128252,0.9966172399128252,0.9965316416763839,1,1,1,1,-0.0013888068,-0.0019093044,1.312531534044152,0.9121459226826761,0.7631866774683993,1.5997208859849652,0.8223584550121926,0.7619408701658366,0.24938098699040165,0.30077148776959606,0.00871925247519452,3.8332209469992664,0,,0,0.0,0.0,0.0,0.0,0.0,0.0,0,0,0,0,0,0,318,5,0,0,0,0,0,0,
631,12.620000000000001,transport,transport,transport_left,0,0,0,0,0.7869242373125491,0.21307576268745088,0,0,1.000000034088913,0.9999999862655242,0.25866722135683,0.32018131228907476,0.30176148170333517,0.762799800977251,0.21920556732859667,-0.21161927536390523,0.04862255436677409,-0.03007008894495782,-0.2372925882450026,0.08250747324093977,0.5411120438669734,1.0,0.7620925191263316,0.9967557433573748,0.9967557433573748,0.9967907645563086,1,1,1,1,-0.0015191622,-0.0018349923,1.3082296608205048,0.9133364417727123,0.762799800977251,1.597018197468298,0.8258083152040571,0.7620925191263316,0.2483748482861442,0.30169993325329736,0.006094433094896989,3.967320070243589,0,,0,0.0,0.0,0.0,0.0,0.0,0.0,0,0,0,0,0,0,319,5,0,0,0,0,0,0,
632,12.64,transport,transport,transport_left,0,0,0,0,0.7883453037858578,0.21165469621414224,0,0,1.000000034088913,0.9999999862655242,0.25866722135683,0.31484970590874845,0.30351809980194927,0.7642407458506248,0.2859944464573899,-0.27103924930302736,0.04307389209387848,0.08046855635343007,-0.23034308585387292,0.34715959828435955,0.501840655768208,1.0,0.7624315302311748,0.9969424918523762,0.9969424918523762,0.997270312002564,1,1,1,1,-0.0016695298,-0.0017165877,1.302951920782642,0.9142649778994237,0.7642407458506248,1.5941259273657642,0.8285857225471623,0.7624315302311748,0.24651845419931145,0.30350171695142547,0.003153524206797792,3.9426395374755194,0,,0,0.0,0.0,0.0,0.0,0.0,0.0,0,0,0,0,0,0,320,5,0,0,0,0,0,0,
633,12.66,transport,transport,transport_left,0,0,0,0,0.7899311422017139,0.2100688577982861,0,0,1.000000034088913,0.9999999862655242,0.25866722135683,0.30936841465867093,0.30542650522748505,0.7654512948981119,0.29354528801324997,-0.28837573114091186,-0.006583163858979952,0.05445122365321294,-0.1635905631262421,0.4143473631613198,0.46381643310402004,1.0,0.7628581153412965,0.9971356018928351,0.9971356018928351,0.9978907434822211,1,1,1,1,-0.0019429363,-0.0014812686,1.2972478178749949,0.9142528520703682,0.7654512948981119,1.5910492539049017,0.8307898885342014,0.7628581153412965,0.24457915038172726,0.3054239902672976,0.0012394614462012676,3.9306629505642605,0,,0,0.0,0.0,0.0,0.0,0.0,0.0,0,0,0,0,0,0,321,5,0,0,0,0,0,0,
634,12.68,transport,transport,transport_left,0,0,0,0,0.7914327288007542,0.20856727119924579,0,0,1.000000034088913,0.9999999862655242,0.25866722135683,0.30399963121003565,0.30720233965907917,0.7660136444395342,0.2985577809062533,-0.2940574074956515,-0.04591223720592401,0.023644367433908416,-0.17753166649288593,0.3407967453454674,0.4396428342077597,1.0,0.763266651018311,0.9973191881140286,0.9973191881140286,0.9983763924759351,1,1,1,1,-0.0021307655,-0.0013139285,1.291410055583984,0.9134206864988944,0.7660136444395342,1.587757075754772,0.8324779837524034,0.763266651018311,0.24296856737399095,0.3071268661456752,0.006809227823240019,3.9230728403534005,0,,0,0.0,0.0,0.0,0.0,0.0,0.0,0,0,0,0,0,0,322,5,0,0,0,0,0,0,
635,12.700000000000001,transport,transport,transport_left,0,0,0,0,0.7927865834934674,0.20721341650653258,0,0,1.000000034088913,0.9999999862655242,0.25866722135683,0.2987038938181731,0.30889618162874205,0.7660162265431675,0.3091950773203795,-0.3000870086162968,-0.07440172917148873,-0.003710228452604736,-0.18798704579598396,0.26142224966310906,0.42667631496700725,1.0,0.763473886768949,0.9975015243367782,0.9975015243367782,0.9987208403093353,1,1,1,1,-0.0022681095,-0.0011802204,1.2854456736750433,0.9119954237508259,0.7660162265431675,1.5842462129558854,0.8336686163966723,0.763473886768949,0.24174496113346455,0.30861474981036047,0.013182838249231138,3.894358514384272,0,,0,0.0,0.0,0.0,0.0,0.0,0.0,0,0,0,0,0,0,323,5,0,0,0,0,0,0,
636,12.72,transport,transport,transport_left,0,0,0,0,0.7940174373774116,0.2059825626225884,0,0,1.000000034088913,0.9999999862655242,0.25866722135683,0.29340523974814486,0.31055322678920944,0.7654514098730565,0.32424381968510474,-0.3086246936017029,-0.09409992336987442,-0.03209450926600167,-0.1812776190613614,0.20541421323009212,0.4079834848758487,1.0,0.7633207988574081,0.9976637829226009,0.9976637829226009,0.9989609466509373,1,1,1,1,-0.0023662783,-0.0010772236,1.2793110136581345,0.9101556130207388,0.7654514098730565,1.5804771613336803,0.8343779239331092,0.7633207988574081,0.24093532665323664,0.3099031591269894,0.020083292367090194,3.8547337079309125,0,,0,0.0,0.0,0.0,0.0,0.0,0.0,0,0,0,0,0,0,324,5,0,0,0,0,0,0,
637,12.74,transport,transport,transport_left,0,0,0,0,0.7951508817438574,0.2048491182561426,0,0,1.000000034088913,0.9999999862655242,0.25866722135683,0.2880503713335582,0.31213783418694074,0.764286128237274,0.34099976908128443,-0.3181078548213266,-0.10595163479036246,-0.062148904251907555,-0.16585821426437725,0.16415895527447485,0.3800283069299991,1.0,0.7626753234475921,0.9977748109925669,0.9977748109925669,0.9991299377579101,1,1,1,1,-0.0024262853,-0.0010036118,1.272983537671723,0.9080596621576835,0.764286128237274,1.5763593915421945,0.834621805303903,0.7626753234475921,0.2405990989484843,0.3109473646509923,0.027235343719455324,3.806734264755563,0,,0,0.0,0.0,0.0,0.0,0.0,0.0,0,0,0,0,0,0,325,5,0,0,0,0,0,0,
638,12.76,transport,transport,transport_right,0,0,0,0,0.7963092857942436,0.20369071420575635,0,0,1.000000034088913,0.9999999862655242,0.25866722135683,0.28280748527875377,0.3126539429440598,0.7646295245602149,0.3206642315967943,-0.3076219892179003,-0.08524223710426987,0.030463456610240698,0.03170119869803466,0.4319354968562034,0.3024727347327531,1.0,0.7611988118320726,0.9980447320321719,0.9980447320321719,0.999357697914116,1,1,1,1,-0.0022958256,-0.0010917522,1.266820112475744,0.9062603495085054,0.7646295245602149,1.5711221635697643,0.8344776932575716,0.7611988118320726,0.24139291447462244,0.31089268079992266,0.03313953927719537,4.115862716452674,0,,0,0.0,0.0,0.0,0.0,0.0,0.0,0,0,0,0,0,0,326,5,0,0,0,0,0,0,
639,12.780000000000001,transport,transport,transport_right,0,0,0,0,0.797272811803435,0.202727188196565,0,0,1.000000034088913,0.9999999862655242,0.25866722135683,0.27749366005779885,0.31219204938215417,0.7665238270848712,0.31795247376666674,-0.30024346316522305,-0.03441412381925551,0.09880944531090752,0.2939576314949773,0.697353359151601,0.07203432597300927,1.0,0.7594975954391363,0.9983117846294176,0.9983117846294176,0.999711618805174,1,1,1,1,-0.0020166524,-0.0012565888,1.2608720896724852,0.9054034641948113,0.7665238270848712,1.5648986684778026,0.8344688811103697,0.7594975954391363,0.2428315684050197,0.3099970046212615,0.036955822589613566,4.572896427971835,0,,0,0.0,0.0,0.0,0.0,0.0,0.0,0,0,0,0,0,0,327,5,0,0,0,0,0,0,
640,12.8,transport,transport,transport_right,0,0,0,0,0.7980836970570819,0.20191630294291807,0,0,1.000000034088913,0.9999999862655242,0.25866722135683,0.27200286489983355,0.31180473502932915,0.7693869539005589,0.3245118951793854,-0.2874908498169084,0.03153130612589097,0.1471827371618817,0.3185465013024365,0.7034342262689685,-0.06768830794826369,1.0,0.7594469434097003,0.9987791911165284,0.9987791911165284,0.9998910587244209,1,1,1,1,-0.0015958138,-0.0015348531,1.255178378884946,0.9058215871451633,0.7693869539005589,1.558752004648538,0.8346510417808287,0.7594469434097003,0.24359783250890452,0.3094384443487944,0.03834112603599703,4.718290812250426,0,,0,0.0,0.0,0.0,0.0,0.0,0.0,0,0,0,0,0,0,328,5,0,0,0,0,0,0,
641,12.82,transport,transport,transport_right,0,0,0,0,0.79876973097407,0.20123026902593,0,0,1.000000034088913,0.9999999862655242,0.25866722135683,0.2664725672498762,0.3119015207651469,0.7730296827348201,0.3354483530716996,-0.2645001343786951,0.09267613636560666,0.18432691133014567,0.3621577572058145,0.595275074057848,-0.16574032013361975,1.0,0.759993359671561,0.9991428037709741,0.9991428037709741,0.9998289174429715,1,1,1,1,-0.001257766,-0.0017752685,1.2499018529162973,0.9074974995773004,0.7730296827348201,1.5531244472521737,0.8344316598173149,0.759993359671561,0.2430620082846971,0.30973038071292835,0.036737581834353175,4.685948094803039,0,,0,0.0,0.0,0.0,0.0,0.0,0.0,0,0,0,0,0,0,329,5,0,0,0,0,0,0,
642,12.84,transport,transport,transport_right,0,0,0,0,0.7993053385205483,0.2006946614794517,0,0,1.000000034088913,0.9999999862655242,0.25866722135683,0.2612235538078807,0.3120267037489818,0.7770395446394548,0.33474156838495717,-0.229322190888607,0.1395281196961479,0.19998788509539187,0.3711321014736805,0.44959238827677966,-0.2753635533034909,1.0,0.7608469363339246,0.9993939126048674,0.9993939126048674,0.9995838821683956,1,1,1,1,-0.0009980835,-0.0019802041,1.2452844416129092,0.9101484170548481,0.7770395446394548,1.5478972536008042,0.8340816708825967,0.7608469363339246,0.24190281020414764,0.3103124493343555,0.032662633705320146,4.6212144888042825,0,,0,0.0,0.0,0.0,0.0,0.0,0.0,0,0,0,0,0,0,330,5,0,0,0,0,0,0,
643,12.86,transport,transport,transport_right,0,0,0,0,0.7996734328699444,0.2003265671300556,0,0,1.000000034088913,0.9999999862655242,0.25866722135683,0.25640530168415915,0.31188123647756427,0.7811058147446879,0.32748203100429435,-0.19476894048281065,0.1690267904460119,0.201840245157949,0.34936075151629875,0.33466107808639795,-0.3802185260405219,1.0,0.7619340019244576,0.9995795641649508,0.9995795641649508,0.9992464367209719,1,1,1,1,-0.0008335449,-0.0021190234,1.2413522184996804,0.9134390146218578,0.7811058147446879,1.5429048245644228,0.8338404502985195,0.7619340019244576,0.24078375430158158,0.3107209903011,0.026876976263673497,4.478997971803992,0,,0,0.0,0.0,0.0,0.0,0.0,0.0,0,0,0,0,0,0,331,5,0,0,0,0,0,0,
644,12.88,transport,transport,transport_right,0,0,0,0,0.7998920194856787,0.20010798051432133,0,0,1.000000034088913,0.9999999862655242,0.25866722135683,0.2519977748567158,0.31145357664495504,0.7849674850760084,0.3104456207449773,-0.1716714640776492,0.17688465281522361,0.18872522740642939,0.23774197173507028,0.38408825246168743,-0.47940077625228555,1.0,0.7631606621728674,0.9997057521569728,0.9997057521569728,0.998877444868393,1,1,1,1,-0.0007644333,-0.0021753497,1.237930467813221,0.9169819927912255,0.7849674850760084,1.5380762288797036,0.8338203879560804,0.7631606621728674,0.2400775818271548,0.31078735009905517,0.020360585044203017,4.287002897501164,0,,0,0.0,0.0,0.0,0.0,0.0,0.0,0,0,0,0,0,0,332,5,0,0,0,0,0,0,
645,12.9,transport,transport,transport_left,0,0,0,0,0.7999894726500896,0.20001052734991043,0,0,1.000000034088913,0.9999999862655242,0.25866722135683,0.24753703853221637,0.3115595232522892,0.7866361644247483,0.25378100140149834,-0.1833915601428953,0.16259751326292854,0.0658360161417283,0.1710716632483132,0.1297136925882033,-0.4494066204297312,1.0,0.7641476440029878,0.999706392288237,0.999706392288237,0.9985520924689646,1,1,1,1,-0.00093941763,-0.0019716062,1.2343483921479865,0.9202790196361847,0.7866361644247483,1.5337803499127434,0.834198596784304,0.7641476440029878,0.23926577487861891,0.3112011140917526,0.014939983843555785,3.7700776882485783,0,,0,0.0,0.0,0.0,0.0,0.0,0.0,0,0,0,0,0,0,333,5,0,1,0,0,0,0,
646,12.92,transport,transport,transport_left,0,0,0,0,0.8,0.19999999999999996,0,0,1.000000034088913,0.9999999862655242,0.25866722135683,0.24289855820835868,0.3122166701636189,0.7863651624847161,0.23718389543474558,-0.2097109203560186,0.10838093003142085,-0.023045696833816888,0.14350496007120317,0.03749615358786522,-0.32787933003394876,1.0,0.7642793712804561,0.9996981549345209,0.9996981549345209,0.9983870713538403,1,1,1,1,-0.0012776144,-0.0016367026,1.2302353295552064,0.9225957337903017,0.7863651624847161,1.529938687770598,0.8350906127831591,0.7642793712804561,0.2383674850106276,0.31196381019796937,0.012563051174908094,3.256528751386028,0,,0,0.0,0.0,0.0,0.0,0.0,0.0,0,0,0,0,0,0,334,5,0,2,0,0,0,0,
647,12.94,transport,transport,transport_left,0,0,0,0,0.8,0.19999999999999996,0,0,1.000000034088913,0.9999999862655242,0.25866722135683,0.23820262443264265,0.3132922091649937,0.7848073781473119,0.2514895209026631,-0.22957505529090133,0.05598363870355575,-0.08607035093189963,0.06009074830277711,0.05126428557805363,-0.15955697716181907,1.0,0.7642059134356929,0.9997115430725886,0.9997115430725886,0.9982677653000523,1,1,1,1,-0.0015390106,-0.0013945885,1.2256998828291121,0.9238418050552968,0.7848073781473119,1.5264242924539175,0.8359962714221382,0.7642059134356929,0.23732557988492284,0.31302597950524297,0.012912957765956107,2.98873867031387,0,,0,0.0,0.0,0.0,0.0,0.0,0.0,0,0,0,0,0,0,335,5,0,3,0,0,0,0,
648,12.96,transport,transport,transport_left,0,0,0,0,0.8,0.19999999999999996,0,0,1.000000034088913,0.9999999862655242,0.25866722135683,0.23370582426201855,0.31457617623247014,0.7824477988245296,0.25517124309522515,-0.2251718315227949,0.023245453208637273,-0.11776951429193222,-0.19984497773354232,-0.045616472481462764,0.02561885136012094,1.0,0.7644930604653997,0.9997442934040944,0.9997442934040944,0.9983168613820501,1,1,1,1,-0.0016556121,-0.0012957044,1.2211185758487162,0.924336238116178,0.7824477988245296,1.523290596548686,0.8368705845192427,0.7644930604653997,0.23626669708615003,0.31421474409185784,0.015075319178391944,2.9266233625294555,0,,0,0.0,0.0,0.0,0.0,0.0,0.0,0,0,0,0,0,0,336,5,0,4,0,0,0,0,
649,12.98,transport,place,transport_left,0,0,0,0,0.8,0.19999999999999996,0,0,1.000000034088913,0.9999999862655242,0.25866722135683,0.2296395459578959,0.31574479258908855,0.7796728502273444,0.25579996568704394,-0.21477375374493324,-0.014273280961182373,-0.1382104576304079,-0.2888008282168724,-0.1510461092340145,0.135774375707534,1.0,0.764962046813291,0.9997887203184416,0.9997887203184416,0.9985685929837096,1,1,1,1,-0.0017727055,-0.001201991,1.2167440448883222,0.9241293407540079,0.7796728502273444,1.52043918470988,0.8377346875867483,0.764962046813291,0.2355660577512803,0.3151849149842245,0.018794770908785077,2.988950691309884,0,,0,0.0,0.0,0.0,0.0,0.0,0.0,0,1,0,0,0,0,0,5,0,0,0,0,0,0,
650,13.0,place,place,place_lower_0.00,0,0,0,0,0.0,0.0,0,0,1.000000034088913,0.9999999862655242,0.25866722135683,0.22476915572964873,0.3177012717386582,0.7778325279658347,0.28409638313565,-0.2715426221747697,-0.016161418375266436,-0.08194002568530181,-0.563538297490973,-0.2945097759498759,0.2814905436135817,1.0,0.7658052770653786,0.9998595354349951,0.9998595354349951,0.9990622170664394,1,1,1,1,-0.0017757751,-0.0012463965,1.2114806053435592,0.9238610254817861,0.7778325279658347,1.5174886847517581,0.8384610641160679,0.7658052770653786,0.23431683630610614,0.31684519844350756,0.02330704373478272,3.1700874312506424,0,,0,0.0,0.0,0.0,0.0,0.0,0.0,0,1,0,0,0,0,1,5,0,0,0,0,0,0,
651,13.02,place,place,place_lower_0.00,0,0,0,0,0.0,0.0,0,0,1.000000034088913,0.9999999862655242,0.25866722135683,0.2187612297054658,0.32064037296674214,0.7780776319929416,0.32108179301921813,-0.31959012955939237,0.009712362377500273,0.02934854193473624,-0.5484002432210479,-0.3118275725299711,0.300222235854236,1.0,0.7672591049028719,0.9999415830267877,0.9999415830267877,0.9995228691253275,1,1,1,1,-0.0018138476,-0.0012138523,1.2051594157927763,0.9240651212749542,0.7780776319929416,1.514292972951479,0.8389376132962836,0.7672591049028719,0.2321692813045283,0.3194615214498093,0.027469712215902026,3.3844476808624977,0,,0,0.0,0.0,0.0,0.0,0.0,0.0,0,1,0,0,0,0,2,5,0,0,0,0,0,0,
652,13.040000000000001,place,place,place_lower_0.00,0,0,0,0,0.0,0.0,0,0,1.000000034088913,0.9999999862655242,0.25866722135683,0.21223169950404888,0.3239511093013765,0.7809982035300808,0.3752453124323329,-0.33553395946933506,0.035153316814429396,0.1642870988915871,-0.42400892757227565,-0.2164886966963966,0.28087616452110753,1.0,0.7690913179386761,0.9999635560350532,0.9999635560350532,0.9997852408322858,1,1,1,1,-0.0017888136,-0.001264561,1.1984483255844276,0.9247632274511774,0.7809982035300808,1.5109578796773402,0.8394280071828655,0.7690913179386761,0.2296358571777918,0.32246517665073926,0.030992435612579736,3.4995129118029378,0,,0,0.0,0.0,0.0,0.0,0.0,0.0,0,1,0,0,0,0,3,5,0,0,0,0,0,0,
653,13.06,place,place,place_lower_0.00,0,0,0,0,0.0,0.0,0,0,1.000000034088913,0.9999999862655242,0.25866722135683,0.20563930180451434,0.3271178265874475,0.7865235685560589,0.44707547644070766,-0.3330902398254845,0.04197692771846771,0.29523771999357656,-0.3933293172328343,-0.19299556645828114,0.1738740722663193,1.0,0.7708167411809832,0.9999541706498166,0.9999541706498166,0.9999126643107271,1,1,1,1,-0.001705084,-0.0013853647,1.191747469996363,0.9257003007374786,0.7865235685560589,1.5074543756627503,0.8400543890671004,0.7708167411809832,0.2272650104799898,0.32532426134802317,0.034208148877986344,3.6114795565295648,0,,0,0.0,0.0,0.0,0.0,0.0,0.0,0,1,0,0,0,0,4,5,0,0,0,0,0,0,
654,13.08,place,place,place_lower_0.00,0,0,0,0,0.0,0.0,0,0,1.000000034088913,0.9999999862655242,0.25866722135683,0.19903020383268216,0.33020073237561687,0.7937149108979576,0.4986187312137342,-0.324493799430156,0.06971029134799345,0.37210870525795775,-0.2920766531717159,-0.027573242488161225,0.1033124799946774,1.0,0.7721331004922135,0.9999345374585411,0.9999345374585411,0.9999316448095111,1,1,1,1,-0.0015697517,-0.0015417673,1.1852280110411415,0.9271740390223628,0.7937149108979576,1.5039425506314856,0.84084000219384,0.7721331004922135,0.22474383333055917,0.32820248458298146,0.036271928194563596,3.7147818513457995,0,,0,0.0,0.0,0.0,0.0,0.0,0.0,0,1,0,0,0,0,5,5,0,0,0,0,0,0,
655,13.1,place,place,place_lower_0.00,0,0,0,0,0.0,0.0,0,0,1.000000034088913,0.9999999862655242,0.25866722135683,0.192472112772199,0.3333307457806902,0.801823582286914,0.5253789003241381,-0.310364181861203,0.1056418361964474,0.4105324176827816,-0.2163195920169708,0.15610974601181804,0.04949949277672522,1.0,0.7732276995942562,0.9999072939893219,0.9999072939893219,0.9998806189968913,1,1,1,1,-0.0014536567,-0.0016581751,1.1790004319928948,0.9292584019942466,0.801823582286914,1.5006381465017709,0.841745164777138,0.7732276995942562,0.22178882979410391,0.3312900918738847,0.03682745048064254,3.833270560261185,0,,0,0.0,0.0,0.0,0.0,0.0,0.0,0,1,0,0,0,0,6,5,0,0,0,0,0,0,
656,13.120000000000001,place,place,place_lower_0.00,0,0,0,0,0.0,0.0,0,0,1.000000034088913,0.9999999862655242,0.25866722135683,0.18606131217496674,0.3364509153351052,0.8102469099142814,0.5283728466550095,-0.28983795826453723,0.14631585764918534,0.4168494846245416,-0.12144732611991822,0.31270518738581043,0.02266808326852534,1.0,0.7742295112944343,0.9998756281482666,0.9998756281482666,0.9997794090987586,1,1,1,1,-0.001275409,-0.0018351562,1.1731812960472474,0.9319774723838012,0.8102469099142814,1.4975948931160896,0.8427864612521575,0.7742295112944343,0.21835566470363554,0.33456365647423975,0.035586207952197454,3.899270388987591,0,,0,0.0,0.0,0.0,0.0,0.0,0.0,0,1,0,0,0,0,7,5,0,0,0,0,0,0,
657,13.14,place,place,place_lower_0.00,0,0,0,0,0.0,0.0,0,0,1.000000034088913,0.9999999862655242,0.25866722135683,0.17980488702755365,0.33956797585285453,0.818578670020535,0.5226362589674768,-0.27248639436675726,0.16427336791543562,0.41462523399600687,-0.09379722088774271,0.36161968020899143,-0.046794316154889444,1.0,0.7751837817667523,0.9998392789172561,0.9998392789172561,0.9996039197885331,1,1,1,1,-0.0011747517,-0.0019398071,1.1677328055094414,0.9352271926668216,0.818578670020535,1.4948210730549474,0.8440149376849154,0.7751837817667523,0.21452752079414017,0.3379857754970224,0.03274180487513162,3.916408423325104,0,,0,0.0,0.0,0.0,0.0,0.0,0.0,0,1,0,0,0,0,8,5,0,0,0,0,0,0,
658,13.16,place,place,place_lower_0.00,0,0,0,0,0.0,0.0,0,0,1.000000034088913,0.9999999862655242,0.25866722135683,0.1737378547208353,0.34265796462701553,0.8265608472549119,0.505638970474509,-0.25553052541819093,0.18952504290918173,0.3930078588938108,0.005221879033348977,0.4510881790602615,-0.04565908618440386,1.0,0.776065342013888,0.9998019355987285,0.9998019355987285,0.9993553895769709,1,1,1,1,-0.0010832287,-0.0020471849,1.1626374600029739,0.9388942594058718,0.8265608472549119,1.4923181282730396,0.8454858139026308,0.776065342013888,0.2104705549084873,0.3414696602171296,0.028512310911729635,3.9123894562261703,0,,0,0.0,0.0,0.0,0.0,0.0,0.0,0,1,0,0,0,0,9,5,0,0,0,0,0,0,
659,13.18,place,place,place_lower_0.00,0,0,0,0,0.0,0.0,0,0,1.000000034088913,0.9999999862655242,0.25866722135683,0.1678453902703493,0.3457448660483906,0.834070782842999,0.4860060121415571,-0.24274431526965842,0.19876766680864208,0.37117173366711625,0.07054660562426222,0.4702253585123314,-0.04913683631239707,1.0,0.7767854768416294,0.9997751640315774,0.9997751640315774,0.9990116483498537,1,1,1,1,-0.0010472871,-0.0021055974,1.1578131238396958,0.9428414021480249,0.834070782842999,1.4900827290436296,0.8472567702428826,0.7767854768416294,0.2063572619783075,0.34496017529785067,0.023280675619399824,3.9197856882334485,0,,0,0.0,0.0,0.0,0.0,0.0,0.0,0,1,0,0,0,0,10,5,0,0,0,0,0,0,
660,13.200000000000001,place,place,place_lower_0.00,0,0,0,0,0.0,0.0,0,0,1.000000034088913,0.9999999862655242,0.25866722135683,0.16216246231749606,0.3487768162765642,0.8410926493285354,0.46389899339955937,-0.23149981018432483,0.20363547971704896,0.3466160777606159,0.14168524207518093,0.4806703581318743,-0.013658946622328659,1.0,0.7771907476290374,0.9997740252311587,0.9997740252311587,0.9985813623705384,1,1,1,1,-0.001042325,-0.0021390654,1.15321932272637,0.9468914768314894,0.8410926493285354,1.4880932214029277,0.849399222999819,0.7771907476290374,0.2024280702671806,0.34833467630901976,0.017556219772680737,3.955454029537899,0,,0,0.0,0.0,0.0,0.0,0.0,0.0,0,1,0,0,0,0,11,5,0,0,0,0,0,0,
661,13.22,place,place,place_lower_0.00,0,0,0,0,0.0,0.0,0,0,1.000000034088913,0.9999999862655242,0.25866722135683,0.1567061806583915,0.3516789287677914,0.8476188355286103,0.4394117890247585,-0.2225807382396837,0.19997047087865907,0.321795503503675,0.20278022311077393,0.4894263328139792,0.057884842907294384,1.0,0.7770659502032282,0.999805712461399,0.999805712461399,0.9980529661445908,1,1,1,1,-0.001070831,-0.0021399446,1.1488088643592895,0.9508801421075598,0.8476188355286103,1.4862982234390338,0.8519913083233317,0.7770659502032282,0.1988770655147351,0.35147816522864456,0.011881426966779754,3.999489377834262,0,,0,0.0,0.0,0.0,0.0,0.0,0.0,0,1,0,0,0,0,12,5,0,0,0,0,0,0,
662,13.24,place,place,place_lower_0.00,0,0,0,0,0.0,0.0,0,0,1.000000034088913,0.9999999862655242,0.25866722135683,0.1515442087581346,0.35422652254769244,0.8536677369752989,0.41093315811998865,-0.21329150807083785,0.18513768085610308,0.29849092474405153,0.24550002057275513,0.5102247613248102,0.16773314189929514,1.0,0.7763183674825505,0.9998190783997871,0.9998190783997871,0.9973986661350578,1,1,1,1,-0.001134444,-0.0020995922,1.1445804052291795,0.9545889359685769,0.8536677369752989,1.4845295302903037,0.8550348218074484,0.7763183674825505,0.1959615604033067,0.35415954192775634,0.006888260865603776,3.967460982931601,0,,0,0.0,0.0,0.0,0.0,0.0,0.0,0,1,0,0,0,0,13,5,0,0,0,0,0,0,
663,13.26,place,place,place_lower_0.00,0,0,0,0,0.0,0.0,0,0,1.000000034088913,0.9999999862655242,0.25866722135683,0.14683280558002967,0.3554692480013964,0.859133523580197,0.36823450652111256,-0.1994796937878688,0.1550950750101162,0.26786194441680555,0.23019211361596198,0.5727636824328697,0.33719004180041634,1.0,0.7766541417496151,0.9997069441641578,0.9997069441641578,0.9965539509952979,1,1,1,1,-0.0012215562,-0.0020214804,1.140616944039088,0.9577299326747474,0.859133523580197,1.4818404341900073,0.8581060598133504,0.7766541417496151,0.19456247739372456,0.3554580260591769,0.0028245326678477123,3.5424724346734893,0,,0,0.0,0.0,0.0,0.0,0.0,0.0,0,1,0,0,0,0,14,5,0,0,0,0,0,0,
664,13.280000000000001,place,place,place_lower_0.00,0,0,0,0,0.0,0.0,0,0,1.000000034088913,0.9999999862655242,0.25866722135683,0.14259024701288164,0.35633507450637025,0.8644135435412532,0.34182249769933215,-0.19031129881995693,0.10865030015765283,0.26233440824741794,0.1907672493325064,0.6357978856176975,0.42950551830012956,1.0,0.7779679244593825,0.999653525471039,0.999653525471039,0.9954371610051642,1,1,1,1,-0.0014172085,-0.0018487908,1.1368605207196092,0.9599851672305262,0.8644135435412532,1.4793127592337927,0.8614907528706994,0.7779679244593825,0.19367468683898295,0.3563316372738931,0.0015651201765823353,3.558392841138783,0,,0,0.0,0.0,0.0,0.0,0.0,0.0,0,1,0,0,0,0,15,5,0,0,0,0,0,0,
665,13.3,place,place,place_lower_0.01,0,0,0,0,0.0,0.0,0,0,1.000000034088913,0.9999999862655242,0.25866722135683,0.13873690701064342,0.35755171458786145,0.8697033445522809,0.3274011694602455,-0.18313541746001807,0.06725721457988391,0.26292472634318126,0.19104301207992475,0.6660191777241327,0.42897670734419835,1.0,0.7794087014013251,0.9996111534778856,0.9996111534778856,0.9940707383436503,1,1,1,1,-0.0015731342,-0.0017174967,1.1332558441178466,0.9613888679132584,0.8697033445522809,1.4775250562909523,0.8648386832711321,0.7794087014013251,0.19248609487738916,0.3575384835305203,0.00307593878602698,3.8985899332385268,0,,0,0.0,0.0,0.0,0.0,0.0,0.0,0,1,0,0,0,0,16,5,0,0,0,0,0,0,
666,13.32,place,place,place_lower_0.01,0,0,0,0,0.0,0.0,0,0,1.000000034088913,0.9999999862655242,0.25866722135683,0.1351909792636745,0.35907645451130316,0.8749743648975584,0.31797252558202577,-0.17651112244715353,0.03710906398567201,0.261864980567401,0.1779283479478802,0.6776982535038939,0.4248139289016344,1.0,0.7804333705200563,0.9995781349418309,0.9995781349418309,0.9924787027147781,1,1,1,1,-0.0016747601,-0.0016146041,1.129787843082742,0.9621618373830452,0.8749743648975584,1.4762598284115531,0.8678587962511707,0.7804333705200563,0.19108979018855252,0.35901872024554815,0.006438842881824086,4.305315141590992,0,,0,0.0,0.0,0.0,0.0,0.0,0.0,0,1,0,0,0,0,17,5,0,0,0,0,0,0,
667,13.34,place,place,place_lower_0.01,0,0,0,0,0.0,0.0,0,0,1.000000034088913,0.9999999862655242,0.25866722135683,0.13186036960500958,0.36101889962762557,0.880020315653373,0.3030160941201669,-0.17200725375718495,0.016532703751901537,0.24891550304753035,0.15620606486310315,0.66927096949496,0.42824753387876685,1.0,0.7806868829171124,0.9995673250135237,0.9995673250135237,0.9907028375922836,1,1,1,1,-0.0017372556,-0.0015265681,1.1264170730507692,0.9625047954740871,0.880020315653373,1.4754835427976336,0.8703785473859175,0.7806868829171124,0.18946263201988256,0.36085323359676386,0.010935707160535324,4.64773358060479,0,,0,0.0,0.0,0.0,0.0,0.0,0.0,0,1,0,0,0,0,18,5,0,0,0,0,0,0,
668,13.36,place,place,place_lower_0.02,0,0,0,0,0.0,0.0,0,0,1.000000034088913,0.9999999862655242,0.25866722135683,0.12871768044397394,0.3634682714886698,0.8844691760958836,0.2739758633108756,-0.16766316657895305,-0.0012922597012755485,0.21667987057990018,0.13629748556728544,0.6546781399644657,0.4295116145609473,1.0,0.7805485765023168,0.9995553671063957,0.9995553671063957,0.9887837314596442,1,1,1,1,-0.0017837919,-0.0014359243,1.1231302873264954,0.9624875617034433,0.8844691760958836,1.4752173355407674,0.8722440308620455,0.7805485765023168,0.18760463404299776,0.36310335060414023,0.016283155683348524,4.880135986772215,0,,0,0.0,0.0,0.0,0.0,0.0,0.0,0,1,0,0,0,0,19,5,0,0,0,0,0,0,
669,13.38,place,place,place_lower_0.02,0,0,0,0,0.0,0.0,0,0,1.000000034088913,0.9999999862655242,0.25866722135683,0.12583418126519552,0.36626664599517506,0.888214622672111,0.2430357661488458,-0.16000314508469565,-0.021343966093966646,0.18168602671075698,0.1332321920655539,0.6417123491490965,0.4300774938551412,1.0,0.7802489480408182,0.9995087639233815,0.9995087639233815,0.9867350034984889,1,1,1,1,-0.0018475391,-0.0013346411,1.119984827289865,0.9620804586417934,0.888214622672111,1.475414967518173,0.8736458987353847,0.7802489480408182,0.1858445095910032,0.3655573402031221,0.022783480686095467,5.006441722212453,0,,0,0.0,0.0,0.0,0.0,0.0,0.0,0,1,0,0,0,0,20,5,0,0,0,0,0,0,
670,13.4,place,place,place_lower_0.03,0,0,0,0,0.0,0.0,0,0,1.000000034088913,0.9999999862655242,0.25866722135683,0.12332458628020775,0.3690055692388423,0.8913089537321114,0.21418713454222565,-0.1473050245493724,-0.04252528410109416,0.14956255733986198,0.1407045033072651,0.6350132280487346,0.41553191549507984,1.0,0.7798832266823162,0.9994034917138076,0.9994034917138076,0.9845473647938816,1,1,1,1,-0.0019124039,-0.0012473352,1.1170788745500535,0.9612508095328604,0.8913089537321114,1.4758032337169988,0.8747525767789686,0.7798832266823162,0.18481505587515318,0.36773500477376914,0.03059536555294015,5.165703351813645,0,,0,0.0,0.0,0.0,0.0,0.0,0.0,0,1,0,0,0,0,21,5,0,0,0,0,0,0,
671,13.42,place,place,place_lower_0.03,0,0,0,0,0.0,0.0,0,0,1.000000034088913,0.9999999862655242,0.25866722135683,0.12126939275604025,0.3711475601535086,0.8938338769385245,0.18810385858632778,-0.13031493290726098,-0.05989145903055573,0.12171315874478209,0.16951128270868643,0.6247615212324225,0.35799916149989697,1.0,0.7798527709934892,0.999295467405757,0.999295467405757,0.9822126446133507,1,1,1,1,-0.0019712336,-0.0011715777,1.1145040157784363,0.96006123570089,0.8938338769385245,1.47598186995003,0.8758931161341426,0.7798527709934892,0.18524547678027878,0.3690314770366814,0.03957626010662957,5.462171575471568,0,,0,0.0,0.0,0.0,0.0,0.0,0.0,0,1,0,0,0,0,22,5,0,0,0,0,0,0,
672,13.44,place,place,place_lower_0.04,0,0,0,0,0.0,0.0,0,0,1.000000034088913,0.9999999862655242,0.25866722135683,0.11969007376717254,0.37293624036362133,0.8959678232613154,0.1687787950054715,-0.11154221498181582,-0.07328230189792367,0.10331660151684682,0.21873121122073547,0.6000573885919319,0.29829948221175073,1.0,0.7799621838067362,0.9991903468110535,0.9991903468110535,0.9797752072019927,1,1,1,1,-0.0020291843,-0.0011092611,1.1122984821712631,0.9585901768396536,0.8959678232613154,1.4761632486580771,0.8768352315088109,0.7799621838067362,0.18690787312010626,0.36967898758388285,0.04918216664105174,5.6969556202495095,0,,0,0.0,0.0,0.0,0.0,0.0,0.0,0,1,0,0,0,0,23,5,0,0,0,0,0,0,
673,13.46,place,place,place_lower_0.05,0,0,0,0,0.0,0.0,0,0,1.000000034088913,0.9999999862655242,0.25866722135683,0.11855089681193831,0.3745670825401276,0.8977793668563974,0.1517310404611893,-0.0935354581983077,-0.08144645370456408,0.08740653223883212,0.260036626263674,0.5617310350690055,0.2697384286508413,1.0,0.7800268576088131,0.9990728235384599,0.9990728235384599,0.9772923018805532,1,1,1,1,-0.002068285,-0.0010711737,1.1104536524558437,0.9569382477431738,0.8977793668563974,1.4765088841427583,0.8775400948851755,0.7800268576088131,0.18952096143202335,0.36989300409136755,0.05898868405793038,5.848906629302806,0,,0,0.0,0.0,0.0,0.0,0.0,0.0,0,1,0,0,0,0,24,5,0,0,0,0,0,0,
674,13.48,place,place,place_lower_0.05,0,0,0,0,0.0,0.0,0,0,1.000000034088913,0.9999999862655242,0.25866722135683,0.1177925413632424,0.3761082141943771,0.8992847448057176,0.13710360338213623,-0.07752262810225338,-0.08685789639830581,0.07241095238806769,0.285549886392919,0.5108829004531246,0.2656203074407475,1.0,0.7800377091935252,0.9989479631802327,0.9989479631802327,0.9748456100279979,1,1,1,1,-0.002091799,-0.0010458417,1.1089279606775913,0.9551693091581829,0.8992847448057176,1.4770494779648402,0.8780723747533886,0.7800377091935252,0.1929272138102959,0.36976043541443626,0.06880849647107536,5.947003250970831,0,,0,0.0,0.0,0.0,0.0,0.0,0.0,0,1,0,0,0,0,25,5,0,0,0,0,0,0,
675,13.5,place,place,place_lower_0.06,0,0,0,0,0.0,0.0,0,0,1.000000034088913,0.9999999862655242,0.25866722135683,0.11738458069381912,0.37757291521270775,0.9005125019386738,0.12508593500603907,-0.062330914070823716,-0.09109443537369692,0.05884855250027797,0.2983043146672564,0.45227435122198956,0.2707149868956036,1.0,0.780057735778465,0.9988152646388256,0.9988152646388256,0.9725091817240603,1,1,1,1,-0.002106417,-0.0010252036,1.1077004280532883,0.9533120335948181,0.9005125019386738,1.4777860626480104,0.878492722124821,0.780057735778465,0.19702323346529324,0.369311956161003,0.07854925422151417,6.0307474982298,0,,0,0.0,0.0,0.0,0.0,0.0,0.0,0,1,0,0,0,0,26,5,0,0,0,0,0,0,
676,13.52,place,place,place_lower_0.07,0,0,0,0,0.0,0.0,0,0,1.000000034088913,0.9999999862655242,0.25866722135683,0.11730067992784451,0.3789451644589043,0.9015269562106663,0.11677774667298704,-0.048123991668504756,-0.09456616134495764,0.04876848031658829,0.29858413171887216,0.3850268238734592,0.2727122939473776,1.0,0.7800874469928234,0.998681211897813,0.998681211897813,0.9703581102803716,1,1,1,1,-0.002114389,-0.0010093786,1.1067514540113252,0.9513832827976477,0.9015269562106663,1.4786829203393557,0.8788131648298009,0.7800874469928234,0.2017015097459494,0.3685599442118097,0.08810791785857683,6.111437993685929,0,,0,0.0,0.0,0.0,0.0,0.0,0.0,0,1,0,0,0,0,27,5,0,0,0,0,0,0,
677,13.540000000000001,place,place,place_lower_0.08,0,0,0,0,0.0,0.0,0,0,1.000000034088913,0.9999999862655242,0.25866722135683,0.11752027575335124,0.38023163094031737,0.9023859718145305,0.1121587607389171,-0.03482300251405773,-0.09824008101550892,0.04142260962882259,0.28405605460679,0.31165655536551795,0.2702038058787366,1.0,0.7801171435995334,0.9985474680991557,0.9985474680991557,0.9684711333576432,1,1,1,1,-0.0021192916,-0.0009960718,1.1060613504553012,0.9493836609961742,0.9023859718145305,1.479730212938319,0.8790439540151151,0.7801171435995334,0.20686668034799313,0.3675293361175773,0.09745912097134173,6.191787755035856,0,,0,0.0,0.0,0.0,0.0,0.0,0.0,0,1,0,0,0,0,28,5,0,0,0,0,0,0,
678,13.56,place,place,place_lower_0.09,0,0,0,0,0.0,0.0,0,0,1.000000034088913,0.9999999862655242,0.25866722135683,0.11802663358796571,0.3814269473203003,0.9031234254600506,0.11039914114341702,-0.0223134857153189,-0.10206740163034576,0.03566965439790613,0.2584013164793894,0.23324550330452667,0.261988521469475,1.0,0.7801322611555835,0.998416476336763,0.998416476336763,0.9669185844553079,1,1,1,1,-0.0021229573,-0.0009838827,1.1056135380678371,0.9473115244033509,0.9031234254600506,1.4809075574006692,0.8791872615075877,0.7801322611555835,0.21243366933040128,0.36623495661536803,0.10657613567315442,6.271509683632474,0,,0,0.0,0.0,0.0,0.0,0.0,0.0,0,1,0,0,0,0,29,5,0,0,0,0,0,0,
679,13.58,place,place,place_lower_0.09,0,0,0,0,0.0,0.0,0,0,1.000000034088913,0.9999999862655242,0.25866722135683,0.11880874853410303,0.382524830237987,0.9037642839782415,0.11104037121784927,-0.010268337279066212,-0.1060915904739486,0.031130366532199492,0.2251302452587981,0.15133536104930137,0.24918359907138038,1.0,0.7801130929305496,0.9982912441066758,0.9982912441066758,0.9657608046992247,1,1,1,1,-0.002126459,-0.0009734519,1.1053971764611548,0.9451642214034824,0.9037642839782415,1.482199203869846,0.8792439825590979,0.7801130929305496,0.21832004663960203,0.36469236634898433,0.11543276690515111,6.348113945046799,0,,0,0.0,0.0,0.0,0.0,0.0,0.0,0,1,0,0,0,0,30,5,0,0,0,0,0,0,
680,13.6,place,place,place_lower_0.10,0,0,0,0,0.0,0.0,0,0,1.000000034088913,0.9999999862655242,0.25866722135683,0.11986357496772033,0.383517983954597,0.9043183539320543,0.1134523548263582,0.0018120863094809895,-0.11020064958010968,0.026906690450048787,0.18854537067960409,0.06833633358861746,0.2326449579160454,1.0,0.7800821174979813,0.9981731762036387,0.9981731762036387,0.9650395115951034,1,1,1,1,-0.002130974,-0.0009636171,1.105410886049066,0.9429401151381106,0.9043183539320543,1.4836013350839599,0.8792374599706548,0.7800821174979813,0.2244548317097162,0.36291461139887415,0.12401221250265113,6.429750085507655,0,,0,0.0,0.0,0.0,0.0,0.0,0.0,0,1,0,0,0,0,31,5,0,0,0,0,0,0,
681,13.620000000000001,place,place,place_lower_0.11,0,0,0,0,0.0,0.0,0,0,1.000000034088913,0.9999999862655242,0.25866722135683,0.12119032929991987,0.3843602668406708,0.9047952765532953,0.11746231285654847,0.01398769404745622,-0.1142595841089851,0.02337705704502153,0.14712249570658367,-0.014503052933662303,0.21223804501339583,1.0,0.7801198212847346,0.9980601320376098,0.9980601320376098,0.9647735724937304,1,1,1,1,-0.0021330006,-0.0009583272,1.1056577754233292,0.9406405926371134,0.9047952765532953,1.4850737684665878,0.8791888314839159,0.7801198212847346,0.23077578255034323,0.36088668446737127,0.13226343296610626,6.536818555264764,0,,0,0.0,0.0,0.0,0.0,0.0,0.0,0,1,0,0,0,0,32,5,0,0,0,0,0,0,
682,13.64,place,place,place_lower_0.12,0,0,0,0,0.0,0.0,0,0,1.000000034088913,0.9999999862655242,0.25866722135683,0.12276289256103931,0.38501166675613335,0.9052387765727784,0.12134943396818976,0.025712503592175858,-0.11651531188939675,0.022107337667367097,0.09775545195609381,-0.09960817585157372,0.19022977488813156,1.0,0.7801539122809306,0.9979596864314235,0.9979596864314235,0.9649864925780618,1,1,1,1,-0.002125252,-0.0009657182,1.1061298449308627,0.9382975467626549,0.9052387765727784,1.4865586538764988,0.8790699783291911,0.7801539122809306,0.23709765011851533,0.3586533525878309,0.1400062720589507,6.654710246920799,0,,0,0.0,0.0,0.0,0.0,0.0,0.0,0,1,0,0,0,0,33,5,0,0,0,0,0,0,
683,13.66,place,place,place_lower_0.13,0,0,0,0,0.0,0.0,0,0,1.000000034088913,0.9999999862655242,0.25866722135683,0.12454583818913843,0.38548371988760777,0.9056704333416451,0.12476391566971166,0.03655442835087685,-0.11729962351388987,0.021693472397917985,0.04530232632760156,-0.18702247870139851,0.16895403541089993,1.0,0.7801592106923068,0.9978758000420083,0.9978758000420083,0.9656958019534111,1,1,1,1,-0.0021124668,-0.0009808578,1.1068097549915532,0.935942595349759,0.9056704333416451,1.488048228511241,0.8788906487855451,0.7801592106923068,0.24326423357763532,0.3562911008729757,0.14715416996167888,6.770011268317728,0,,0,0.0,0.0,0.0,0.0,0.0,0.0,0,1,0,0,0,0,34,5,0,0,0,0,0,0,
684,13.68,place,place,place_lower_0.15,0,0,0,0,0.0,0.0,0,0,1.000000034088913,0.9999999862655242,0.25866722135683,0.12650996626269212,0.3857825658421178,0.9060972462073269,0.12794192976153682,0.04658851246711886,-0.11717173997812978,0.021666362124377714,-0.0005691377396810846,-0.2762250142165785,0.14852138535665513,1.0,0.7801358038255967,0.9978119286225887,0.9978119286225887,0.9668951491309621,1,1,1,1,-0.002099786,-0.0009985603,1.1076805895126862,0.9335946435029482,0.9060972462073269,1.489531842504652,0.8786600578924812,0.7801358038255967,0.24917888150908718,0.3538527937432803,0.15367624561982085,6.880684708745847,0,,0,0.0,0.0,0.0,0.0,0.0,0.0,0,1,0,0,0,0,35,5,0,0,0,0,0,0,
685,13.700000000000001,place,place,place_lower_0.16,0,0,0,0,0.0,0.0,0,0,1.000000034088913,0.9999999862655242,0.25866722135683,0.1286258573426331,0.3859134912693361,0.9065185134330821,0.13036588670605312,0.05587417005923841,-0.11580460748249485,0.021508938204199742,-0.039311993880934204,-0.3656505612612012,0.12981068390378003,1.0,0.7800871317644346,0.997770829601534,0.997770829601534,0.9685546313271526,1,1,1,1,-0.0020857342,-0.0010228343,1.1087276253535283,0.9312764671841925,0.9065185134330821,1.4909993904475125,0.8783848765896781,0.7800871317644346,0.25474608266701987,0.3513942328268145,0.15953468550676528,6.984963788654946,0,,0,0.0,0.0,0.0,0.0,0.0,0.0,0,1,0,0,0,0,36,5,0,0,0,0,0,0,
686,13.72,place,place,place_lower_0.17,0,0,0,0,0.0,0.0,0,0,1.000000034088913,0.9999999862655242,0.25866722135683,0.1308710267641967,0.38588319420409195,0.9069394102409986,0.1328004923283217,0.06435681277888525,-0.11411612967950409,0.02171820339159631,-0.0777372042057278,-0.45287451303433646,0.11283649267491373,1.0,0.7800177523952938,0.9977546963022172,0.9977546963022172,0.9706285338049024,1,1,1,1,-0.0020730235,-0.0010524578,1.109935017628042,0.9289962888930174,0.9069394102409986,1.4924430377051092,0.8780703215887541,0.7800177523952938,0.25993276356131706,0.34894617999684496,0.16474951603802185,7.082853534538509,0,,0,0.0,0.0,0.0,0.0,0.0,0.0,0,1,0,0,0,0,37,5,0,0,0,0,0,0,
687,13.74,place,place,place_lower_0.18,0,0,0,0,0.0,0.0,0,0,1.000000034088913,0.9999999862655242,0.25866722135683,0.1332236702042972,0.38570415324054874,0.9073688980621314,0.135220082780708,0.07182751685201146,-0.11236187596340468,0.02236263490915141,-0.11362335559726087,-0.5376611520991749,0.09737589527747749,1.0,0.7799312771020837,0.9977657783506598,0.9977657783506598,0.9730586340059046,1,1,1,1,-0.0020644702,-0.0010834225,1.1112832656828964,0.9267566338797738,0.9073688980621314,1.4938575447553928,0.8777197618428227,0.7799312771020837,0.2647393718914539,0.34652796254320645,0.16936961062322473,7.175857045963274,0,,0,0.0,0.0,0.0,0.0,0.0,0.0,0,1,0,0,0,0,38,5,0,0,0,0,0,0,
688,13.76,place,place,place_lower_0.19,0,0,0,0,0.0,0.0,0,0,1.000000034088913,0.9999999862655242,0.25866722135683,0.13565780641265174,0.38539541663518,0.9078111432956207,0.1369934367529042,0.0781203992762148,-0.11012045619577282,0.02319245691020301,-0.14417651290041586,-0.6199451687204494,0.08301994046934756,1.0,0.779830902287331,0.9978053836142006,0.9978053836142006,0.9757739721147054,1,1,1,1,-0.002058003,-0.0011181571,1.1127500083497752,0.9245646911784935,0.9078111432956207,1.4952406001083398,0.8773357341755375,0.779830902287331,0.26916391999935374,0.34416401030362315,0.17343806149496582,7.263836507188895,0,,0,0.0,0.0,0.0,0.0,0.0,0.0,0,1,0,0,0,0,39,5,0,0,0,0,0,0,
689,13.780000000000001,place,place,place_lower_0.20,0,0,0,0,0.0,0.0,0,0,1.000000034088913,0.9999999862655242,0.25866722135683,0.13815121745910058,0.3849736038317264,0.9082684596084128,0.13823710559860836,0.08350773508705396,-0.1074765820470984,0.02418139483951544,-0.1716215697800963,-0.69735300404817,0.07185135114371713,1.0,0.779721971619673,0.9978741347616391,0.9978741347616391,0.9786915650793762,1,1,1,1,-0.0020525046,-0.0011580624,1.1143169862596685,0.9224281271165976,0.9082684596084128,1.496591700435239,0.8769229785158852,0.779721971619673,0.2732079062233522,0.34187465056749,0.1769926522388532,7.34674228219179,0,,0,0.0,0.0,0.0,0.0,0.0,0.0,0,1,0,0,0,0,40,5,0,0,0,0,0,0,
690,13.8,place,place,place_lower_0.22,0,0,0,0,0.0,0.0,0,0,1.000000034088913,0.9999999862655242,0.25866722135683,0.140684687842473,0.3844522939173787,0.9087503259640586,0.13906428008245994,0.08811108941163283,-0.10447583866177444,0.025692587519885693,-0.19912703696874332,-0.7680667792095832,0.06311150654008214,1.0,0.7796044027007688,0.9979710622652603,0.9979710622652603,0.9817206758702307,1,1,1,1,-0.0020489283,-0.0012020953,1.1159688979707254,0.9203544967303613,0.9087503259640586,1.4979097646985533,0.8764826307849728,0.7796044027007688,0.2768720781253315,0.33967765332081357,0.18006292825787246,7.424391975658418,0,,0,0.0,0.0,0.0,0.0,0.0,0.0,0,1,0,0,0,0,41,5,0,0,0,0,0,0,
691,13.82,place,place,place_lower_0.23,0,0,0,0,0.0,0.0,0,0,1.000000034088913,0.9999999862655242,0.25866722135683,0.1432448202596848,0.3838440474715999,0.9092743470023082,0.13979329870296872,0.09197398272698021,-0.10144918405683036,0.0281250052052962,-0.22336033653622628,-0.8313941463929416,0.05494135406624934,1.0,0.7794777120658207,0.9980944428470087,0.9980944428470087,0.9847640477300709,1,1,1,1,-0.0020491667,-0.0012483187,1.1176922808075984,0.918344529659505,0.9092743470023082,1.4991951780467385,0.8760149634259379,0.7794777120658207,0.2801783189822512,0.3375785112287816,0.18269373699155425,7.496776118014136,0,,0,0.0,0.0,0.0,0.0,0.0,0.0,0,1,0,0,0,0,42,5,0,0,0,0,0,0,
692,13.84,place,place,place_lower_0.24,0,0,0,0,0.0,0.0,0,0,1.000000034088913,0.9999999862655242,0.25866722135683,0.14581738670226535,0.38316320893544126,0.9098579403743465,0.14029693486673958,0.0951010692336386,-0.09824132535965623,0.031427035418553496,-0.24407606725429226,-0.8865271347079361,0.047656360370328776,1.0,0.7793421699481716,0.998240940658847,0.998240940658847,0.9877249042453227,1,1,1,1,-0.0020519383,-0.0012971498,1.1194734189565263,0.9164008201635041,0.9098579403743465,1.5004495842068792,0.8755204313096735,0.7793421699481716,0.28314469172080764,0.33558466202912135,0.1849242528510121,7.563905575304091,0,,0,0.0,0.0,0.0,0.0,0.0,0.0,0,1,0,0,0,0,43,5,0,0,0,0,0,0,
693,13.86,place,place,place_lower_0.25,0,0,0,0,0.0,0.0,0,0,1.000000034088913,0.9999999862655242,0.25866722135683,0.14838771783150922,0.38242285494019096,0.9105189970806307,0.140559726699341,0.09751050809693548,-0.09475967838138205,0.0356278112368407,-0.2620134299610076,-0.9325581408963932,0.0416283257756712,1.0,0.7791977589939392,0.9984064050935465,0.9984064050935465,0.9905110083956938,1,1,1,1,-0.002056066,-0.0013485141,1.1212992258401688,0.9145282313769315,0.9105189970806307,1.5016736777891426,0.8749995546330263,0.7791977589939392,0.2857829964211342,0.3337048353974221,0.18678416103349277,7.625338822569478,0,,0,0.0,0.0,0.0,0.0,0.0,0.0,0,1,0,0,0,0,44,5,0,0,0,0,0,0,
694,13.88,place,place,place_lower_0.27,0,0,0,0,0.0,0.0,0,0,1.000000034088913,0.9999999862655242,0.25866722135683,0.15084354352215942,0.3816827071614222,0.9112184554057724,0.14065131192522737,0.09921914895473219,-0.09096256733257034,0.0407941585432753,-0.2773427639658461,-0.9687281711176532,0.03691083508747233,1.0,0.7790439049499254,0.998586230886991,0.998586230886991,0.993038408725667,1,1,1,1,-0.0019717105,-0.0014892258,1.1231206525471857,0.9128501845860365,0.9112184554057724,1.5028671064409371,0.8744533136042372,0.7790439049499254,0.28780150443628005,0.33213816635480536,0.18805830850175073,7.66336324243396,0,,0,0.0,0.0,0.0,0.0,0.0,0.0,0,1,0,0,0,0,45,5,0,0,0,0,0,0,
695,13.9,place,place,place_lower_0.28,0,0,0,0,0.0,0.0,0,0,1.000000034088913,0.9999999862655242,0.25866722135683,0.15241572199628384,0.3814416227353362,0.9116123946350678,0.07647587634990552,0.0678530754531593,-0.030469522574857865,0.01777998900714324,-0.02290204603932007,-0.49757756319244856,0.15443586564122092,1.0,0.7788838815674525,0.9987739327335758,0.9987739327335758,0.9944967632034958,1,1,1,1,-0.0018955357,-0.0016047992,1.1245023169983825,0.9120810812337912,0.9116123946350678,1.5040254336628749,0.873872240997052,0.7788838815674525,0.2876361104916476,0.33205743590563935,0.18771140299603203,7.5733357287939285,0,,0,0.0,0.0,0.0,0.0,0.0,0.0,0,1,0,0,0,0,46,5,0,0,0,0,0,0,
696,13.92,place,place,place_lower_0.30,0,0,0,0,0.0,0.0,0,0,1.000000034088913,0.9999999862655242,0.25866722135683,0.15397989304893636,0.38133832587529526,0.9120765657024096,0.08553239166717447,0.06486222728719375,-0.05011777566441221,0.024431333531000844,-0.10130798677874578,-0.5070708705888435,0.06255425311714134,1.0,0.7786912181003941,0.9989372932124502,0.9989372932124502,0.9955126961445457,1,1,1,1,-0.0019433685,-0.001577083,1.1257393199636538,0.9111211954823903,0.9120765657024096,1.5051929688592949,0.8732550216440363,0.7786912181003941,0.2881498647426096,0.3317168856638078,0.1881032337491227,7.521851377584172,0,,0,0.0,0.0,0.0,0.0,0.0,0.0,0,1,0,0,0,0,47,5,0,0,0,0,0,0,
697,13.94,place,place,place_lower_0.31,0,0,0,0,0.0,0.0,0,0,1.000000034088913,0.9999999862655242,0.25866722135683,0.15552831747907286,0.3812150146858328,0.9124936960533073,0.08174687420362939,0.06230943147837011,-0.04847536567134436,0.021218508758528643,-0.10816064559749677,-0.4408659937329573,0.03690644828512703,1.0,0.7784572996636796,0.9990926344869314,0.9990926344869314,0.9963873215572417,1,1,1,1,-0.0019336678,-0.0015800633,1.1269440543524272,0.9101430262835184,0.9124936960533073,1.5063099164858562,0.872640625431309,0.7784572996636796,0.2887627747004528,0.3313099521538322,0.188569888968905,7.481385457661099,0,,0,0.0,0.0,0.0,0.0,0.0,0.0,0,1,0,0,0,0,48,5,0,0,0,0,0,0,
698,13.96,place,place,place_lower_0.32,0,0,0,0,0.0,0.0,0,0,1.000000034088913,0.9999999862655242,0.25866722135683,0.1570982271911773,0.38103803532804154,0.9128941031458392,0.08428676168249272,0.06248269016390598,-0.05259231002218529,0.020837959385050116,-0.1436796672768884,-0.4393671877356524,0.004817137592485166,1.0,0.7782011222329589,0.9992409728093762,0.9992409728093762,0.9971200339740695,1,1,1,1,-0.0019281544,-0.0015670992,1.1281387688146374,0.9091136965981536,0.9128941031458392,1.5073670688738434,0.872020829347716,0.7782011222329589,0.2895361323444187,0.330780738576081,0.18914039059311524,7.456699942835061,0,,0,0.0,0.0,0.0,0.0,0.0,0.0,0,1,0,0,0,0,49,5,0,0,0,0,0,0,
699,13.98,place,place,place_lower_0.34,0,0,0,0,0.0,0.0,0,0,1.000000034088913,0.9999999862655242,0.25866722135683,0.15863818046176928,0.38084387031279815,0.913210141237259,0.08128481691830496,0.061730310548040186,-0.050304034991253126,0.016312396656642882,-0.16119786479241385,-0.44028996724572966,-0.009002015629745803,1.0,0.7779177701113675,0.99937529772859,0.99937529772859,0.997773902342562,1,1,1,1,-0.0019019134,-0.0015693344,1.1293209295235471,0.9081186589775202,0.913210141237259,1.5083898661977315,0.8713927171443333,0.7779177701113675,0.29021975353197793,0.33028595292242685,0.18961340368485535,7.433969372169298,0,,0,0.0,0.0,0.0,0.0,0.0,0.0,0,1,0,0,0,0,50,5,0,0,0,0,0,0,
700,14.0,place,place,place_lower_0.35,0,0,0,0,0.0,0.0,0,0,1.000000034088913,0.9999999862655242,0.25866722135683,0.1600900131432861,0.38067838970192314,0.9133839161963806,0.07534883217532116,0.059537761143600404,-0.04532054072676146,0.008874125107651752,-0.17045820539026244,-0.4420423816874404,-0.014949633797572921,1.0,0.7776035906129842,0.9994939204899999,0.9994939204899999,0.998343992897674,1,1,1,1,-0.0018651523,-0.0015789457,1.1304636040534566,0.9072203051908182,0.9133839161963806,1.5093915435113636,0.8707558967322405,0.7776035906129842,0.29066563187022654,0.3299359334868465,0.18989027405376088,7.400953049501151,0,,0,0.0,0.0,0.0,0.0,0.0,0.0,0,1,0,0,0,0,51,5,0,0,0,0,0,0,
701,14.02,place,place,place_lower_0.37,0,0,0,0,0.0,0.0,0,0,1.000000034088913,0.9999999862655242,0.25866722135683,0.16142847835740218,0.3805751082066872,0.9133698976849935,0.06901822024648938,0.05675954583149834,-0.0392595118967505,-0.0007479362431802542,-0.17401396204822464,-0.4400459227900385,-0.018000104779085344,1.0,0.7772532474854846,0.9995924167593698,0.9995924167593698,0.9988252058688343,1,1,1,1,-0.0018243529,-0.0015910305,1.1315519046146656,0.9064411332052077,0.9133698976849935,1.5103886818917276,0.870107826600091,0.7772532474854846,0.29082416263970196,0.32978065401040724,0.1899529763573074,7.355707428691365,0,,0,0.0,0.0,0.0,0.0,0.0,0.0,0,1,0,0,0,0,52,5,0,0,0,0,0,0,
702,14.040000000000001,place,place,place_lower_0.38,0,0,0,0,0.0,0.0,0,0,1.000000034088913,0.9999999862655242,0.25866722135683,0.16263355407398836,0.3805590705310704,0.9131276886559505,0.06351259006471441,0.0530974907065049,-0.032559098151258854,-0.012426210402925643,-0.17225682154209573,-0.4351058419494833,-0.019653929820179866,1.0,0.7768614853105339,0.9996673951021243,0.9996673951021243,0.9992135371649864,1,1,1,1,-0.0017793067,-0.0016057082,1.1325703390017505,0.9057938974705095,0.9131276886559505,1.5113895316643822,0.869445232654533,0.7768614853105339,0.2906747409287811,0.3298485464995075,0.1898029044446751,7.295154668657669,0,,0,0.0,0.0,0.0,0.0,0.0,0.0,0,1,0,0,0,0,53,5,0,0,0,0,0,0,
703,14.06,place,place,place_lower_0.40,0,0,0,0,0.0,0.0,0,0,1.000000034088913,0.9999999862655242,0.25866722135683,0.16368525077690715,0.38066332978296097,0.9126045948606389,0.06102172015998475,0.04858079507270401,-0.02537213199573832,-0.02682930486200227,-0.17001603789671302,-0.42658874494439825,-0.018504675271286262,1.0,0.7764206299279707,0.9997131535014246,0.9997131535014246,0.9995093648520927,1,1,1,1,-0.0017291345,-0.0016223527,1.133501602274647,0.9052888854702699,0.9126045948606389,1.512408498449905,0.8687630771659567,0.7764206299279707,0.29020142031967494,0.330170642078086,0.1894516237755584,7.2154143561261685,0,,0,0.0,0.0,0.0,0.0,0.0,0.0,0,1,0,0,0,0,54,5,0,0,0,0,0,0,
704,14.08,place,place,place_lower_0.41,0,0,0,0,0.0,0.0,0,0,1.000000034088913,0.9999999862655242,0.25866722135683,0.16456891546827193,0.38091641313275315,0.9117465020265895,0.06425216666624292,0.043324167451194835,-0.017938326108224,-0.04392691535269118,-0.16956952583483126,-0.4137624870139503,-0.01587077925374864,1.0,0.7759219125289549,0.9997234210945632,0.9997234210945632,0.9997146194456197,1,1,1,1,-0.0016745366,-0.001638446,1.1343315422623994,0.9049317273657221,0.9117465020265895,1.5134591589277335,0.8680594603404125,0.7759219125289549,0.2893998530572916,0.3307682171312185,0.18891717849300357,7.116108986940601,0,,0,0.0,0.0,0.0,0.0,0.0,0.0,0,1,0,0,0,0,55,5,0,0,0,0,0,0,
705,14.1,place,place,place_lower_0.43,0,0,0,0,0.0,0.0,0,0,1.000000034088913,0.9999999862655242,0.25866722135683,0.16527241172020976,0.3813503766509862,0.910488789602939,0.07510124978522592,0.037185622080988905,-0.010688424652541016,-0.06436757575207971,-0.16741214540604643,-0.39772520225052505,-0.01472192843559473,1.0,0.7753548813483128,0.9996906380433354,0.9996906380433354,0.9998342108221627,1,1,1,1,-0.0016168393,-0.0016501732,1.1350431185639986,0.9047196870884676,0.910488789602939,1.5145563615009698,0.8673324137549856,0.7753548813483128,0.28828981733241715,0.33165190090390045,0.18824220142858072,6.997904417249291,0,,0,0.0,0.0,0.0,0.0,0.0,0.0,0,1,0,0,0,0,56,5,0,0,0,0,0,0,
706,14.120000000000001,place,place,place_lower_0.44,0,0,0,0,0.0,0.0,0,0,1.000000034088913,0.9999999862655242,0.25866722135683,0.16578576898171343,0.3819995476599399,0.9087603466260199,0.09349078441403091,0.03020174685503706,-0.0037351606617668787,-0.08839926375307576,-0.16316032373889988,-0.3787047390071719,-0.015135978660608788,1.0,0.7747067184114711,0.9996057348807144,0.9996057348807144,0.999875806555658,1,1,1,1,-0.0015547462,-0.0016560294,1.1356196991415795,0.9046468130206834,0.9087603466260199,1.5157177395224433,0.8665793188685081,0.7747067184114711,0.28689662556445994,0.3328308915019316,0.18747600399631983,6.862904770457485,0,,0,0.0,0.0,0.0,0.0,0.0,0.0,0,1,0,0,0,0,57,5,0,0,0,0,0,0,
707,14.14,place,place,place_lower_0.46,0,0,0,0,0.0,0.0,0,0,1.000000034088913,0.9999999862655242,0.25866722135683,0.16609967407475146,0.38290184591259036,0.9064880250986037,0.11827335142573771,0.022358132716932422,0.0028459074705243607,-0.11610598765592281,-0.15721533725176984,-0.3570548852352657,-0.016959430493186777,1.0,0.773961857885021,0.9994580598047061,0.9994580598047061,0.9998490741669381,1,1,1,1,-0.0014877804,-0.0016551353,1.1360445111408706,0.9047056947712376,0.9064880250986037,1.5169643511012656,0.8657968380954605,0.773961857885021,0.2852470295283241,0.3343163234077606,0.18667195693619004,6.713825914179115,0,,0,0.0,0.0,0.0,0.0,0.0,0.0,0,1,0,0,0,0,58,5,0,0,0,0,0,0,
708,14.16,place,place,place_lower_0.47,0,0,0,0,0.0,0.0,0,0,1.000000034088913,0.9999999862655242,0.25866722135683,0.16620583002590214,0.3840995870748679,0.9036018710639384,0.14818120373699933,0.013620104146551753,0.008891373245485517,-0.1472857949219566,-0.14931005569263142,-0.33319051781817927,-0.02021267926641197,1.0,0.7731014359392646,0.999235392834259,0.999235392834259,0.9997651994270571,1,1,1,1,-0.0014164634,-0.0016461052,1.1363000563470276,0.9048859396318301,0.9036018710639384,1.5183211076024168,0.8649809375793135,0.7731014359392646,0.28337457859688336,0.3361194009055662,0.18589309058156872,6.55454292651959,0,,0,0.0,0.0,0.0,0.0,0.0,0.0,0,1,0,0,0,0,59,5,0,0,0,0,0,0,
709,14.18,place,place,place_lower_0.49,0,0,0,0,0.0,0.0,0,0,1.000000034088913,0.9999999862655242,0.25866722135683,0.16609841505397566,0.38563751052584916,0.9000426834190538,0.18194251578318416,0.0039766980401873915,0.014138131708168893,-0.18134877488975173,-0.13855127036693088,-0.3073265031164338,-0.02523603457152564,1.0,0.7721032019107235,0.99892439010832,0.99892439010832,0.9996367071007866,1,1,1,1,-0.0013429113,-0.0016273893,1.1363684561041658,0.905172052825463,0.9000426834190538,1.519815415363486,0.86412672471914,0.7721032019107235,0.28132636667355176,0.33824705903530256,0.1852166746773708,6.390538984018394,0,,0,0.0,0.0,0.0,0.0,0.0,0.0,0,1,0,0,0,0,60,5,0,0,0,0,0,0,
710,14.200000000000001,place,place,place_lower_0.50,0,0,0,0,0.0,0.0,0,0,1.000000034088913,0.9999999862655242,0.25866722135683,0.16577624483780967,0.38755746665813523,0.8957747972888578,0.21794975533514033,-0.006449413270584171,0.01832485295579879,-0.2170822440534027,-0.1258434125714599,-0.2786177430192863,-0.03141171335850726,1.0,0.7709411829472943,0.9985109763400984,0.9985109763400984,0.9994770085370814,1,1,1,1,-0.0012692846,-0.0016002096,1.1362342034057127,0.9055435705856617,0.8957747972888578,1.5214746928780576,0.8632286177488724,0.7709411829472943,0.27916240981279705,0.34069921719089413,0.184729081002379,6.228271564659801,0,,0,0.0,0.0,0.0,0.0,0.0,0.0,0,1,0,0,0,0,61,5,0,0,0,0,0,0,
711,14.22,place,place,place_lower_0.51,0,0,0,0,0.0,0.0,0,0,1.000000034088913,0.9999999862655242,0.25866722135683,0.16524290807327735,0.3898935665180375,0.8907863875443388,0.2546733945389634,-0.017505311405012373,0.02123424830530232,-0.2531821649672837,-0.11159890351397886,-0.24608269523058302,-0.03852935947430766,1.0,0.7695856925114015,0.9979802564450879,0.9979802564450879,0.9993000167267463,1,1,1,1,-0.0012023486,-0.0015641339,1.1358843004207626,0.9059750702487122,0.8907863875443388,1.523321875626535,0.8622816092868378,0.7695856925114015,0.2769600986872828,0.34346372449753276,0.18452550817282226,6.073545061962141,0,,0,0.0,0.0,0.0,0.0,0.0,0.0,0,1,0,0,0,0,62,5,0,0,0,0,0,0,
712,14.24,place,place,place_lower_0.53,0,0,0,0,0.0,0.0,0,0,1.000000034088913,0.9999999862655242,0.25866722135683,0.1645033187083182,0.3926732938302083,0.8850731757899836,0.2918714552453955,-0.029311668718005016,0.0226661837175601,-0.2895099593791423,-0.08941229441266532,-0.21139231962651153,-0.049690243360470385,1.0,0.7680029192460937,0.9973183134866535,0.9973183134866535,0.9991225840821365,1,1,1,1,-0.0011481084,-0.0015203543,1.1353044380549564,0.9064368517870115,0.8850731757899836,1.5253728481292372,0.861282105086495,0.7680029192460937,0.2748205073635615,0.34651454947263616,0.18471595137194058,5.9355377988190074,0,,0,0.0,0.0,0.0,0.0,0.0,0.0,0,1,0,0,0,0,63,5,0,0,0,0,0,0,
713,14.26,place,place,place_lower_0.54,0,0,0,0,0.0,0.0,0,0,1.000000034088913,0.9999999862655242,0.25866722135683,0.16356398943215475,0.3959111478843237,0.8786464461274094,0.3286525289613843,-0.041618311120220505,0.022821204479237005,-0.325207001152083,-0.06346494098439637,-0.17319833352468808,-0.06308669777441193,1.0,0.7661545169952928,0.9965125447281482,0.9965125447281482,0.9989614571387797,1,1,1,1,-0.0011088885,-0.0014743544,1.1344843607204682,0.906902486141089,0.8786464461274094,1.5276346200021846,0.8602279679775131,0.7661545169952928,0.27284516484175,0.3498192300377828,0.18539725811040358,5.821248813266885,0,,0,0.0,0.0,0.0,0.0,0.0,0.0,0,1,0,0,0,0,64,5,0,0,0,0,0,0,
714,14.280000000000001,place,place,place_lower_0.56,0,0,0,0,0.0,0.0,0,0,1.000000034088913,0.9999999862655242,0.25866722135683,0.16243131578813488,0.3996103767179897,0.8715184427940774,0.3650967254898277,-0.05428601867289787,0.021977376730766215,-0.36036875842957633,-0.03529690921148491,-0.13162533758002523,-0.07786078900625175,1.0,0.7639959086205562,0.9955518376130594,0.9955518376130594,0.9988313122114676,1,1,1,1,-0.0010871477,-0.0014296956,1.1334169941879335,0.9073509328078597,0.8715184427940774,1.530106009991272,0.8591194293928476,0.7639959086205562,0.2711334328719371,0.353341013417975,0.1866509614694017,5.735681381166694,0,,0,0.0,0.0,0.0,0.0,0.0,0.0,0,1,0,0,0,0,65,5,0,0,0,0,0,0,
715,14.3,place,place,place_lower_0.57,0,0,0,0,0.0,0.0,0,0,1.000000034088913,0.9999999862655242,0.25866722135683,0.16111028537665767,0.40376690256814485,0.8636913875228445,0.4016214916123279,-0.06721421949769843,0.020426613859468885,-0.39542992384044806,-0.004025080014879643,-0.08766216366501726,-0.0941150295021034,1.0,0.7614748474171961,0.9944264625031806,0.9944264625031806,0.9987446425424393,1,1,1,1,-0.0010830648,-0.0013889708,1.1320972758193362,0.9077674389659823,0.8636913875228445,1.5327802079034112,0.8579588097338675,0.7614748474171961,0.2697811410616465,0.35704167957904526,0.18854429360987868,5.6817612820958034,0,,0,0.0,0.0,0.0,0.0,0.0,0.0,0,1,0,0,0,0,66,5,0,0,0,0,0,0,
716,14.32,place,place,place_lower_0.59,0,0,0,0,0.0,0.0,0,0,1.000000034088913,0.9999999862655242,0.25866722135683,0.15960276810268265,0.4083721854192083,0.8551451011023973,0.43952956399232657,-0.08031211010832262,0.018670133621587492,-0.4317263354299636,0.028029508324973997,-0.042686668359033425,-0.11073823609900146,1.0,0.7585293447821598,0.9931270276773433,0.9931270276773433,0.9987101023635558,1,1,1,1,-0.0010924973,-0.0013563074,1.1305217496458133,0.9081461602476478,0.8551451011023973,1.5356467927878952,0.8567502339189345,0.7585293447821598,0.268872442421093,0.3608867741187057,0.19112450939179548,5.660485604016707,0,,0,0.0,0.0,0.0,0.0,0.0,0.0,0,1,0,0,0,0,67,5,0,0,0,0,0,0,
717,14.34,place,place,place_lower_0.60,0,0,0,0,0.0,0.0,0,0,1.000000034088913,0.9999999862655242,0.25866722135683,0.15790441623541912,0.41341640894911763,0.8458224841993971,0.4806427811304087,-0.09356432257111673,0.017311870082443847,-0.4711300242489652,0.05576700555609573,0.0015279043525553739,-0.12531915031587826,1.0,0.7550862610285739,0.9916429415599297,0.9916429415599297,0.9987283903809977,1,1,1,1,-0.0011098571,-0.0013335682,1.1286873296473479,0.9084937863198127,0.8458224841993971,1.5386930911124492,0.8554994210173914,0.7550862610285739,0.2684682588944552,0.3648526555950581,0.1944110770856898,5.671343348497519,0,,0,0.0,0.0,0.0,0.0,0.0,0.0,0,1,0,0,0,0,68,5,0,0,0,0,0,0,
718,14.36,place,place,place_lower_0.62,0,0,0,0,0.0,0.0,0,0,1.000000034088913,0.9999999862655242,0.25866722135683,0.15600986239987033,0.41888777227179186,0.8356423070071926,0.5259335045761884,-0.10683597202772635,0.016580492500666576,-0.5147010914940027,0.08059925067150903,0.043434756762982994,-0.13791153085244684,1.0,0.7510584732269465,0.9899619446548856,0.9899619446548856,0.9987950954287279,1,1,1,1,-0.0011327453,-0.0013200976,1.1265930079590498,0.9088227076664054,0.8356423070071926,1.5419062514142272,0.8542161552247334,0.7510584732269465,0.2686238903484059,0.36891651935719283,0.19841261931691354,5.712664624897893,0,,0,0.0,0.0,0.0,0.0,0.0,0.0,0,1,0,0,0,0,69,5,0,0,0,0,0,0,
719,14.38,place,place,place_lower_0.63,0,0,0,0,0.0,0.0,0,0,1.000000034088913,0.9999999862655242,0.25866722135683,0.15391860151515402,0.4247661229072499,0.8245076695285093,0.5760227716403761,-0.11981362968252295,0.01648889653758833,-0.5631829577335706,0.10245280174851759,0.0828920760647217,-0.14768635840305233,1.0,0.7463435541908243,0.9880666123554481,0.9880666123554481,0.998903078213429,1,1,1,1,-0.0011576302,-0.0013153143,1.1242435632969572,0.9091458100141782,0.8245076695285093,1.5452708415908598,0.852911566869226,0.7463435541908243,0.26939455866474143,0.37304802811953297,0.2031290916776451,5.777665993011528,0,,0,0.0,0.0,0.0,0.0,0.0,0.0,0,1,0,0,0,0,70,5,0,0,0,0,0,0,
720,14.4,place,place,place_lower_0.65,0,0,0,0,0.0,0.0,0,0,1.000000034088913,0.9999999862655242,0.25866722135683,0.15163055324109181,0.43101821825792996,0.8123123770717051,0.6311848734950506,-0.1322548762883462,0.017452096063693853,-0.6169265892874944,0.1234726851450034,0.11924537374380415,-0.15282313415687943,1.0,0.7408388735943487,0.9859304548294452,0.9859304548294452,0.999043575134736,1,1,1,1,-0.0011843778,-0.0013173707,1.121649767453484,0.9094838714100557,0.8123123770717051,1.5487625288776812,0.8515926501512384,0.7408388735943487,0.2708016059456632,0.3772210860795365,0.20852087830050825,5.864648024979707,0,,0,0.0,0.0,0.0,0.0,0.0,0.0,0,1,0,0,0,0,71,5,0,0,0,0,0,0,
721,14.42,place,place,place_lower_0.66,0,0,0,0,0.0,0.0,0,0,1.000000034088913,0.9999999862655242,0.25866722135683,0.14915876472422537,0.4376030969051114,0.7989469097520349,0.6916653774975431,-0.14361427335060353,0.018883953489694953,-0.6763278282160183,0.14329269090688204,0.15426600242748897,-0.155288410120133,1.0,0.7344262936280477,0.9835294798416158,0.9835294798416158,0.9992068564015404,1,1,1,1,-0.0012102611,-0.001328323,1.1188294833099743,0.9098451245448381,0.7989469097520349,1.5523584131483539,0.8502704872053315,0.7344262936280477,0.2728969346286954,0.3813852122647327,0.21457350788652624,5.972668413689883,0,,0,0.0,0.0,0.0,0.0,0.0,0.0,0,1,0,0,0,0,72,5,0,0,0,0,0,0,
722,14.44,place,place,place_lower_0.68,0,0,0,0,0.0,0.0,0,0,1.000000034088913,0.9999999862655242,0.25866722135683,0.14651103364779183,0.4444798750634934,0.7843228295753376,0.7560280701448802,-0.15408066988715052,0.021177330167802245,-0.739857493508772,0.16222672196680532,0.18727390202748917,-0.15072440749935512,1.0,0.7269706499008382,0.9808510973189614,0.9808510973189614,0.9993821499294107,1,1,1,1,-0.0012353696,-0.0013439395,1.1158015124111182,0.9102475456361117,0.7843228295753376,1.556037085243859,0.8489694928840262,0.7269706499008382,0.27570636571344065,0.38549850840140476,0.2212538346712906,6.0889822520165895,0,,0,0.0,0.0,0.0,0.0,0.0,0.0,0,1,0,0,0,0,73,5,0,0,0,0,0,0,
723,14.46,place,place,place_lower_0.69,0,0,0,0,0.0,0.0,0,0,1.000000034088913,0.9999999862655242,0.25866722135683,0.14372035611480824,0.4515956116843685,0.7683616538412169,0.8239371652392709,-0.16320003839549482,0.0225323889208914,-0.8072982665531694,0.17710790014968703,0.22170679009896865,-0.1357749220211164,1.0,0.7183157434600808,0.9779140763019031,0.9779140763019031,0.9995578550519566,1,1,1,1,-0.001264248,-0.0013580509,1.1125924949757937,0.9106776569564229,0.7683616538412169,1.5597797244742386,0.8477318209854542,0.7183157434600808,0.27935617376209326,0.3894533860668929,0.22861464645470697,6.176192813778931,0,,0,0.0,0.0,0.0,0.0,0.0,0.0,0,1,0,0,0,0,74,5,0,0,0,0,0,0,
724,14.48,place,place,place_lower_0.70,0,0,0,0,0.0,0.0,0,0,1.000000034088913,0.9999999862655242,0.25866722135683,0.1408375914715411,0.4588426916538649,0.7510031197578139,0.8942952966985582,-0.1702751512221483,0.02257969988464815,-0.8776449212104837,0.18988858386848234,0.2608030950534356,-0.10381405680870998,1.0,0.7083669628006625,0.9747289669523821,0.9747289669523821,0.9997223682833594,1,1,1,1,-0.0012980886,-0.0013689287,1.1092407705265053,0.9111085430660958,0.7510031197578139,1.5635218609097583,0.8465693564864183,0.7083669628006625,0.28395204316342965,0.3930980480613432,0.2366654607130615,6.210174792895083,0,,0,0.0,0.0,0.0,0.0,0.0,0.0,0,1,0,0,0,0,75,5,0,0,0,0,0,0,
725,14.5,place,place,place_lower_0.72,0,0,0,0,0.0,0.0,0,0,1.000000034088913,0.9999999862655242,0.25866722135683,0.13792168930716406,0.4661003169394568,0.7322129859485588,0.9656909207266553,-0.17482695695442413,0.021408364510398785,-0.9494925862927741,0.20194723095904255,0.3066901238535361,-0.05564242256675411,1.0,0.6970656379062345,0.9713204112073092,0.9713204112073092,0.9998630181797887,1,1,1,1,-0.0013375022,-0.0013771392,1.1057963738105483,0.9115153724456841,0.7322129859485588,1.5671962521651166,0.8454876683704124,0.6970656379062345,0.28953680054396724,0.3962890423471137,0.245366053818921,6.194288271785647,0,,0,0.0,0.0,0.0,0.0,0.0,0.0,0,1,0,0,0,0,76,5,0,0,0,0,0,0,
726,14.52,place,place,place_lower_0.73,0,0,0,0,0.0,0.0,0,0,1.000000034088913,0.9999999862655242,0.25866722135683,0.13503155295641214,0.4732494340853893,0.7119886617566156,1.036573188654822,-0.17631454122362578,0.01976185834707906,-1.021276958981156,0.2156270376466284,0.36099253235932005,0.005933866909648821,1.0,0.6843881300571503,0.9677387007480565,0.9677387007480565,0.9999628099670794,1,1,1,1,-0.0013796426,-0.0013868846,1.1023200139604372,0.9118856173299685,0.7119886617566156,1.5707462604436329,0.8444921572035907,0.6843881300571503,0.2960500298440605,0.39892673335588374,0.25460260854151684,6.136159543061201,0,,0,0.0,0.0,0.0,0.0,0.0,0.0,0,1,0,0,0,0,77,5,0,0,0,0,0,0,
727,14.540000000000001,place,place,place_lower_0.75,0,0,0,0,0.0,0.0,0,0,1.000000034088913,0.9999999862655242,0.25866722135683,0.13221471732768636,0.48017452451889436,0.6903516385686267,1.1059947896072668,-0.17466194772057236,0.018621741970585238,-1.0919573752591534,0.23408349595977446,0.42250243085008565,0.07872035659972504,1.0,0.6703439523645779,0.9640449134854849,0.9640449134854849,0.9999974781298653,1,1,1,1,-0.0014228709,-0.0014006235,1.0988744899057277,0.9122242865248285,0.6903516385686267,1.5741206713186178,0.8436047481307775,0.6703439523645779,0.3033337876999906,0.4009601702150213,0.2641940875532371,6.0401178025292905,0,,0,0.0,0.0,0.0,0.0,0.0,0.0,0,1,0,0,0,0,78,5,0,0,0,0,0,0,
728,14.56,place,place,place_lower_0.76,0,0,0,0,0.0,0.0,0,0,1.000000034088913,0.9999999862655242,0.25866722135683,0.12951385728011724,0.4867500570300433,0.6673516036683517,1.172353581316557,-0.16950387495576383,0.018354963220829495,-1.1598898444791643,0.2566854112120254,0.4924700041434446,0.15909695831558754,1.0,0.6549720402600064,0.960255044578932,0.960255044578932,0.9999322635951051,1,1,1,1,-0.0014647134,-0.0014207996,1.0955300812701088,0.9125480033655745,0.6673516036683517,1.5772558259337974,0.842791821224025,0.6549720402600064,0.31105986684900244,0.4024248884133012,0.2738244459581586,5.915010841862039,0,,0,0.0,0.0,0.0,0.0,0.0,0.0,0,1,0,0,0,0,79,5,0,0,0,0,0,0,
729,14.58,place,place,place_lower_0.77,0,0,0,0,0.0,0.0,0,0,1.000000034088913,0.9999999862655242,0.25866722135683,0.1269613553479099,0.4928887667351884,0.6430800380204701,1.2335977081775906,-0.16075182914151162,0.019584151140632885,-1.2229221627204092,0.2819653217980027,0.5707084492117322,0.2418353249380033,1.0,0.6383225263142551,0.9563996247963984,0.9563996247963984,0.9997193909006303,1,1,1,1,-0.0015028007,-0.0014502741,1.0923597494676227,0.9128858730177732,0.6430800380204701,1.5801327565425698,0.842056289207062,0.6383225263142551,0.3188405453553499,0.403436402737489,0.2831579158702251,5.752451829807308,0,,0,0.0,0.0,0.0,0.0,0.0,0.0,0,1,0,0,0,0,80,5,0,0,0,0,0,0,
730,14.6,place,place,place_lower_0.78,0,0,0,0,0.0,0.0,0,0,1.000000034088913,0.9999999862655242,0.25866722135683,0.12458123381270732,0.4985480125349252,0.6176527695609403,1.2889367015459054,-0.1480469662923445,0.02305796908569569,-1.2801985183655367,0.31096662747178616,0.6569573367525515,0.3233097719566283,1.0,0.6205454054967715,0.9525066556145715,0.9525066556145715,0.9992955987677858,1,1,1,1,-0.0015360899,-0.001489643,1.0894428146005286,0.9132793264857035,0.6176527695609403,1.5827752336710423,0.8413540520923515,0.6205454054967715,0.32614567222462587,0.4042537466287918,0.2917687939775407,5.550074833942338,0,,0,0.0,0.0,0.0,0.0,0.0,0.0,0,1,0,0,0,0,81,5,0,0,0,0,0,0,
731,14.620000000000001,place,place,place_lower_0.80,0,0,0,0,0.0,0.0,0,0,1.000000034088913,0.9999999862655242,0.25866722135683,0.12240954583445098,0.5037519057943947,0.5911723342347912,1.3391341018852112,-0.1310730442045637,0.027530874422530195,-1.33241962266712,0.34301784860694856,0.7520043419726063,0.39840426002007,0.9500146082227463,0.6018352491460349,0.9487919411127247,0.9487919411127247,0.9985792315107077,1,1,1,1,-0.0015718229,-0.0015310384,1.0868650348101618,0.9137528497270049,0.5911723342347912,1.5852861657133221,0.8406614079523389,0.6018352491460349,0.3324989993050024,0.4051912709569607,0.2993092322862219,5.301069017236754,0,,0,0.0,0.0,0.0,0.0,0.0,0.0,0,1,0,0,0,0,82,5,0,0,0,0,0,0,
732,14.64,place,place,place_lower_0.81,0,0,0,0,0.0,0.0,0,0,1.000000034088913,0.9999999862655242,0.25866722135683,0.12050502752672407,0.5084395164355477,0.5637055640680781,1.3863186584368548,-0.10896791036923462,0.03212710063640318,-1.3816559870838405,0.37824927579539136,0.8585534435249937,0.4619791955281582,0.8715381220321375,0.5823914007219654,0.9453482957755686,0.9453482957755686,0.9974645073127104,1,1,1,1,-0.0016149022,-0.0015697964,1.084728873492944,0.9143116823234898,0.5637055640680781,1.5877019390198868,0.839955531080682,0.5823914007219654,0.3373989884663147,0.40652060405011026,0.3053714792772029,5.028395251677456,0,,0,0.0,0.0,0.0,0.0,0.0,0.0,0,1,0,0,0,0,83,5,0,0,0,0,0,0,
733,14.66,place,place,place_lower_0.82,0,0,0,0,0.0,0.0,0,0,1.000000034088913,0.9999999862655242,0.25866722135683,0.1189593182800929,0.5125168714156221,0.5352973439498608,1.431372541821791,-0.08093982841016154,0.03515410416406421,-1.4286498124518585,0.40985816233850797,0.9809799928184475,0.5123190628361449,0.790371778837231,0.5624313223575577,0.94235366462298,0.94235366462298,0.9958125626128012,1,1,1,1,-0.0016662218,-0.0016002245,1.083153583226111,0.9149305636064274,0.5352973439498608,1.5900570982688624,0.8392842158891693,0.5624313223575577,0.3404489801071051,0.408425486754263,0.3096161579362432,4.724703337885188,0,,0,0.0,0.0,0.0,0.0,0.0,0.0,0,1,0,0,0,0,84,5,0,0,0,0,0,0,
734,14.68,place,place,place_lower_0.83,0,0,0,0,0.0,0.0,0,0,1.000000034088913,0.9999999862655242,0.25866722135683,0.1178772360626785,0.5158843574588843,0.5059940852656768,1.4745468635986732,-0.046872522983776324,0.0363947580000156,-1.4733522461135828,0.43934258050442343,1.1181468927740634,0.5596715784297817,0.7066481825967051,0.5421769595694391,0.9400928368263676,0.9400928368263676,0.9934494139427679,1,1,1,1,-0.0017283149,-0.0016188212,1.082262235983614,0.9155726629559944,0.5059940852656768,1.5923588202925962,0.8385133030632769,0.5421769595694391,0.3411006672437313,0.41117000461513387,0.31157005243693864,4.373635246814169,0,,0,0.0,0.0,0.0,0.0,0.0,0.0,0,1,0,0,0,0,85,5,0,0,0,0,0,0,
735,14.700000000000001,place,place,place_lower_0.84,0,0,0,0,0.0,0.0,0,0,1.000000034088913,0.9999999862655242,0.25866722135683,0.11732706424971903,0.5184375069586034,0.4757859887309456,1.5194764198830317,-0.0076011973169638055,0.03810238883776508,-1.518979598396489,0.4569939238526625,1.2647190750663322,0.6027103021097242,0.6203393353546159,0.5217252483419089,0.9382623589876228,0.9382623589876228,0.9901669620790328,1,1,1,1,-0.0017817505,-0.0016354509,1.0821628135812862,0.9162448809193702,0.4757859887309456,1.5946238268621789,0.8377518335293456,0.5217252483419089,0.33894476092473746,0.41490354333011314,0.3108576818313628,4.033827272695235,0,,0,0.0,0.0,0.0,0.0,0.0,0.0,0,1,0,0,0,0,86,5,0,0,0,0,0,0,
736,14.72,place,place,place_lower_0.85,0,0,0,0,0.0,0.0,0,0,1.000000034088913,0.9999999862655242,0.25866722135683,0.11793477961222196,0.5198145882790304,0.4450678780538984,1.5333586943066522,0.04922106969047506,-0.005317526866501334,-1.5325592633279637,0.7517972023069542,0.978117039393301,0.48884837707622647,0.5325733048487669,0.5011208303432907,0.9364844350777386,0.9364844350777386,0.986004471106589,1,1,1,1,-0.0024330951,-0.0010352619,1.0831184919721897,0.916334376835548,0.4450678780538984,1.5968456286774826,0.8370145482913615,0.5011208303432907,0.33546367721086673,0.41833757041805575,0.308546403907769,3.737447762857141,0,,0,0.0,0.0,0.0,0.0,0.0,0.0,0,1,0,0,0,0,87,5,0,0,0,0,0,0,
737,14.74,place,place,place_lower_0.87,0,0,0,0,0.0,0.0,0,0,1.000000034088913,0.9999999862655242,0.25866722135683,0.12086722931664398,0.5190511476330286,0.4144867788596536,1.5417299819316679,0.1546949871836509,-0.06137261717237805,-1.5327211749006027,0.9162137227742898,0.16627047205683337,0.38023968622604604,0.4451987357223532,0.4804735198691069,0.934770559566659,0.934770559566659,0.9834721046712309,1,1,1,1,-0.0027465113,-0.00065602735,1.085983674962966,0.9150547060863167,0.4144867788596536,1.5990265800081507,0.8363078239768529,0.4804735198691069,0.3310077144233663,0.4203163516830757,0.3045459872777724,3.5639827522695056,0,,0,0.0,0.0,0.0,0.0,0.0,0.0,0,1,0,0,0,0,88,5,0,0,0,0,0,0,
738,14.76,place,place,place_lower_0.88,0,0,0,0,0.0,0.0,0,0,1.000000034088913,0.9999999862655242,0.25866722135683,0.12506240455885864,0.5164149560049499,0.3830429740454033,1.593485587641117,0.23878341734538552,-0.06829760354130697,-1.5740121457508927,0.683576887890488,-0.18300467280261545,0.47953361254997157,0.35535929339592365,0.4598687248302196,0.9328105385378425,0.9328105385378425,0.982284663746903,1,1,1,1,-0.0027986802,-0.00054417923,1.090529733879939,0.9137156974883062,0.3830429740454033,1.6010298742993776,0.8357797403354763,0.4598687248302196,0.3217828897965301,0.4233092532907169,0.2957933110535971,3.3859769891784812,0,,0,0.0,0.0,0.0,0.0,0.0,0.0,0,1,0,0,0,0,89,5,0,0,0,0,0,0,
739,14.780000000000001,place,place,place_lower_0.89,0,0,0,0,0.0,0.0,0,0,1.000000034088913,0.9999999862655242,0.25866722135683,0.127285999827689,0.5157218845268863,0.35491372223221035,1.2977779827232676,0.03412867315370292,-0.01171591954218075,-1.2972762478899098,-1.1874049370019994,-0.6292195075917072,-1.0933224153749876,0.2749900025010867,0.43952613730261986,0.9305950930765045,0.9305950930765045,0.983551826139347,1,1,1,1,0.00055124983,-0.0021289028,1.093004949707192,0.9130988273378595,0.35491372223221035,1.6028490083482185,0.8354580001371621,0.43952613730261986,0.3168230029599206,0.4255384063412919,0.29135223855065273,3.1248524554535146,0,,0,0.0,0.0,0.0,0.0,0.0,0.0,0,1,0,0,0,0,90,5,0,0,0,0,0,0,
740,14.8,place,place,place_lower_0.90,0,0,0,0,0.0,0.0,0,0,1.000000034088913,0.9999999862655242,0.25866722135683,0.12615987474169615,0.519490622634653,0.3309795053952685,1.2373074559925605,-0.05259502698426397,-0.04571818555484056,-1.23534341431882,-1.2189132639152547,0.09815144389352613,-1.0388030519079086,0.20660652582410996,0.4197516168465294,0.9279069943390394,0.9279069943390394,0.9872902993719446,1,1,1,1,-0.0037683435,-0.001587633,1.0907993335313417,0.9124111672553068,0.3309795053952685,1.6044744431326514,0.8348973698936638,0.4197516168465294,0.3263484117525787,0.4235156555926442,0.3008404834347799,2.815897917660391,0,,0,0.0,0.0,0.0,0.0,0.0,0.0,0,1,0,0,0,0,91,5,0,0,0,0,0,0,91
741,14.82,place,place,place_release_0.00,0,0,0,0,0.0,0.0,0,0,1.000000034088913,0.9999999862655242,0.25866722135683,0.12631974589042708,0.5207163106449283,0.30525892399066007,1.22069716784277,-0.017585332907527496,0.01755067096558338,-1.2204443066336739,-1.5582740050246535,-0.1835254610510354,-1.1192913131925204,0.1331191503823716,0.4011646550530579,0.9260165297384328,0.9260165297384328,0.9870628383467647,1,1,1,1,-0.0017826594,-0.0024361648,1.0913215840913988,0.9127242582137597,0.30525892399066007,1.6060994998301388,0.8343075913670733,0.4011646550530579,0.3235427899441841,0.42633230840618097,0.29897531500229657,2.4435085721576497,0,,0,0.0,0.0,0.0,0.0,0.0,0.0,0,1,0,0,0,0,92,5,0,0,0,0,0,0,91
742,14.84,place,place,place_release_0.00,0,0,0,0,0.0,0.0,0,0,1.000000034088913,0.9999999862655242,0.25866722135683,0.12706440118312332,0.5218593220082298,0.2821923729826621,1.1115519274509225,0.015296225831354024,-0.02869082121939002,-1.1110763023631338,-1.620114009154809,-0.8875116213040961,-1.3986227222442051,0.06721471893094878,0.38421615150265803,0.9245361086655631,0.9245361086655631,0.9897497069158754,0,1,0,1,0.0005238913,-0.0016227402,1.0915181702089702,0.9118535580387583,0.2821923729826621,1.6074925002620974,0.8337021492663255,0.38421615150265803,0.32620137210984745,0.42584528800049287,0.30165036491717795,2.210980839683069,0,,0,0.0,0.0,0.0,0.0,0.0,0.0,0,1,0,0,0,0,93,5,0,0,0,0,0,0,91
743,14.86,place,place,place_release_0.00,0,0,0,0,0.0,0.0,0,0,1.000000034088913,0.9999999862655242,0.25866722135683,0.12652229616880922,0.524422975228247,0.264820493939662,0.7013442294491146,-0.11288700058436724,0.006265296884155505,-0.6921712211119375,-0.3650917988115431,-1.2665632397718487,-0.5340963120436971,0.017580778808091408,0.3693503837185419,0.924571671955163,0.924571671955163,0.9925978861141649,1,1,1,1,-0.00496966,-0.0013117976,1.0902160298113015,0.9112927963447187,0.264820493939662,1.608771917799713,0.8330671740730069,0.3693503837185419,0.33235645571791994,0.42459876662715357,0.3077910725247673,1.923889326585193,0,,0,0.0,0.0,0.0,0.0,0.0,0.0,0,1,0,0,0,0,94,5,0,0,0,0,0,0,91
744,14.88,place,place,place_release_0.00,0,0,0,0,0.0,0.0,0,0,1.000000034088913,0.9999999862655242,0.25866722135683,0.1219152648795956,0.5314715810822486,0.2620200778843044,0.29948046762325237,-0.2810403768605437,0.037349683230777746,-0.09648760658491885,-0.13915619913074825,-1.721485541002324,-0.12913117692421067,0.009579590078498323,0.35688389699750095,0.9254720941394887,0.9254720941394887,0.9962476106172148,1,1,1,1,-0.0019072779,-0.0001023002,1.0844275007443902,0.9120492347917577,0.2620200778843044,1.609944883428922,0.8327175135545098,0.35688389699750095,0.3488410469295533,0.4211563322501439,0.3241749300974267,1.5380065395778442,0,,0,0.0,0.0,0.0,0.0,0.0,0.0,0,1,0,0,0,0,95,5,0,0,0,0,0,0,91
745,14.9,place,place,place_release_0.00,0,0,0,0,0.0,0.0,0,0,1.000000034088913,0.9999999862655242,0.25866722135683,0.11859783510057645,0.537522743950537,0.26065245106760965,0.26606385470894545,-0.25257964028468294,-0.06732135670285803,-0.049611843625585544,0.33446746873233735,-1.7060734579735668,-0.35219659912216017,0.005672084887941814,0.3465979794220463,0.9268549134298809,0.9268549134298809,0.9984788839018599,1,1,1,1,-0.0036246367,-0.00044012442,1.0792589484313129,0.9117760043342622,0.26065245106760965,1.6109076891204128,0.83252755458407,0.3465979794220463,0.36844584007574976,0.4142530574499905,0.34252752394143365,1.2180202863893361,0,,0,0.0,0.0,0.0,0.0,0.0,0.0,0,1,0,0,0,0,96,5,0,0,0,0,0,0,91
746,14.92,place,place,place_release_0.01,0,0,0,0,0.0,0.0,0,0,1.000000034088913,0.9999999862655242,0.25866722135683,0.11553651755401195,0.542680735840487,0.25849574018531774,0.22950334677634404,-0.19863086302502428,0.025970588948732963,-0.11199595950360357,-0.04054429760248378,-1.3190574400145798,-0.22305854925986393,0.0,0.3391649992998976,0.928514781127349,0.928514781127349,0.9996254684067041,1,1,1,1,-0.0035792626,-0.0013104118,1.074982435541302,0.9121004620293756,0.25849574018531774,1.6117472043408618,0.8321882350054245,0.3391649992998976,0.38331925244439213,0.4091533925071316,0.35650509456707274,0.846843925546663,0,,0,0.0,0.0,0.0,0.0,0.0,0.0,0,1,0,0,0,0,97,5,0,0,0,0,0,0,91
747,14.94,place,place,place_release_0.01,0,0,0,0,0.0,0.0,0,0,1.000000034088913,0.9999999862655242,0.25866722135683,0.11290302058325864,0.5466969691587187,0.25626136021170737,0.19522569191005085,-0.1493959140874989,0.04140066371114155,-0.11865882470341471,-0.14143064695652652,-1.041678979324617,-0.19517940915104004,0.0,0.3345897405468834,0.9299955470318668,0.9299955470318668,0.9999711883303029,1,1,1,1,9.801611e-05,-0.0018353201,1.0719772386096693,0.9130150790332868,0.25626136021170737,1.6126093450064038,0.8318085422252264,0.3345897405468834,0.39170153632746,0.40722498411457864,0.36475387372886137,0.47616445527137397,0,,0,0.0,0.0,0.0,0.0,0.0,0.0,0,1,0,0,0,0,98,5,0,0,0,0,0,0,91
748,14.96,place,place,place_release_0.01,0,0,0,0,0.0,0.0,0,0,1.000000034088913,0.9999999862655242,0.25866722135683,0.11227414999046038,0.5484565718476467,0.2563252483343639,0.026365990690227905,-0.02242340849322312,0.013697824495388327,0.002173895286524461,-0.13664321713320016,-0.025252316039425696,0.02363542239785705,0.0,0.33230462442133235,0.9310779987106291,0.9310779987106291,0.9999927826888775,1,1,1,1,-0.0036002286,-0.0018784888,1.0711340439494623,0.9131355090769768,0.2563252483343639,1.613443528166613,0.8312512338405144,0.33230462442133235,0.3945432008277206,0.4069457035304453,0.36769526184190054,0.2816143804114103,0,,0,0.0,0.0,0.0,0.0,0.0,0.0,0,1,0,0,0,0,99,5,0,0,0,0,0,0,91
749,14.98,place,place,place_release_0.02,0,0,0,0,0.0,0.0,0,0,1.000000034088913,0.9999999862655242,0.25866722135683,0.11230782553648688,0.549358613687098,0.2563906334348708,0.014320901800039906,0.013037069826017506,0.0044768729377019905,0.003883380926152062,-0.027940862926118828,0.07428860471589126,0.014336011345734406,0.0,0.3321066185180837,0.9321236508768642,0.9321236508768642,0.9999979226593705,1,1,1,1,-0.002867777,-0.0018447675,1.071357178749836,0.9132751018172063,0.2563906334348708,1.6144611593134743,0.8306134255207428,0.3321066185180837,0.39306481940007854,0.40890448562017634,0.3668678346106528,0.1760621133658824,0,,0,0.0,0.0,0.0,0.0,0.0,0.0,0,1,0,0,0,0,100,5,0,0,0,0,0,0,91
750,15.0,place,place,place_release_0.02,0,0,0,0,0.0,0.0,0,0,1.000000034088913,0.9999999862655242,0.25866722135683,0.1126406014300424,0.5502479151720275,0.25654586480715275,0.020648880570884053,0.01657952691584613,-0.009335472743010768,0.008021502648623243,0.032011270126921315,0.055728623632416124,-0.0007170980495556473,0.0,0.33366782890383917,0.9327735749060911,0.9327735749060911,0.9999978538070623,1,1,1,1,-0.002023507,-0.0017624088,1.071687539872925,0.913116117768611,0.25654586480715275,1.6156130558580444,0.8299427974580418,0.33366782890383917,0.3923224972088295,0.4103234784863553,0.3666161632470947,0.14405845740103182,0,,0,0.0,0.0,0.0,0.0,0.0,0.0,0,1,0,0,0,0,101,5,0,0,0,0,0,0,91
751,15.02,place,place,place_release_0.03,0,0,0,0,0.0,0.0,0,0,1.000000034088913,0.9999999862655242,0.25866722135683,0.11323116507963164,0.5511548043555939,0.2568553159449246,0.034778957014696694,0.017063038267224332,-0.0254688437039186,0.01642457233862497,0.11807431427557154,0.030248830192387076,-0.01753127028259029,0.0,0.33656583940171636,0.9327895441501168,0.9327895441501168,0.9999927000554107,1,1,1,1,-0.0016880967,-0.0016207285,1.0720340236872123,0.9126363720554717,0.2568553159449246,1.616830146100007,0.8291570131202453,0.33656583940171636,0.3926606960847696,0.41099017828588846,0.36723111485382975,0.15413301993516754,0,,0,0.0,0.0,0.0,0.0,0.0,0.0,0,1,0,0,0,0,102,5,0,0,0,0,0,0,91
752,15.040000000000001,place,place,place_release_0.03,0,0,0,0,0.0,0.0,0,0,1.000000034088913,0.9999999862655242,0.25866722135683,0.11413311786248087,0.5520452201705773,0.2574050912320733,0.05611647288791222,0.017755423401985607,-0.04482617638762939,0.028712669323160224,0.23163560205330547,0.01984591224901354,-0.029093015356926207,0.0,0.3403843847106298,0.9322064182568884,0.9322064182568884,0.9999709549650196,1,1,1,1,-0.0016512163,-0.001470495,1.072388309356368,0.9117599375528557,0.2574050912320733,1.6180865982117663,0.828289567639506,0.3403843847106298,0.3943986215806498,0.410639684007695,0.3689566031815144,0.21263172469007124,0,,0,0.0,0.0,0.0,0.0,0.0,0.0,0,1,0,0,0,0,103,5,0,0,0,0,0,0,91
753,15.06,place,place,place_release_0.04,0,0,0,0,0.0,0.0,0,0,1.000000034088913,0.9999999862655242,0.25866722135683,0.1153065188681067,0.5528421406168953,0.25815583966306704,0.07328700067830275,0.019836756265916498,-0.05935666701215679,0.03813494002192882,0.31884913668885734,0.01876516575038987,-0.03956890864786661,0.0,0.34476138599049316,0.931133515656178,0.931133515656178,0.9999099778221463,1,1,1,1,-0.0017247088,-0.0013608225,1.0727819165818888,0.9105662629042568,0.25815583966306704,1.6193339202160417,0.82740774099962,0.34476138599049316,0.39711612656121886,0.40948474042444105,0.3714252008162603,0.310117742779637,0,,0,0.0,0.0,0.0,0.0,0.0,0.0,0,1,0,0,0,0,104,5,0,0,0,0,0,0,91
754,15.08,place,place,place_release_0.05,0,0,0,0,0.0,0.0,0,0,1.000000034088913,0.9999999862655242,0.25866722135683,0.1166413109028291,0.5535222458269418,0.2589835538202434,0.08211027878061142,0.01901573662740565,-0.06906126826743016,0.04013777357105041,0.3920369175604719,-0.02377861123135818,-0.07118233151347671,0.0009038070383239814,0.34937230092733784,0.9297271317307841,0.9297271317307841,0.9997869466532636,1,1,1,1,-0.0018303283,-0.0012783445,1.0731780908924402,0.9091695540768013,0.2589835538202434,1.6205022001586593,0.8265669146441459,0.34937230092733784,0.4005173927529313,0.40770244975245046,0.3743869510161271,0.43381260148457307,0,,0,0.0,0.0,0.0,0.0,0.0,0.0,0,1,0,0,0,0,105,5,0,0,0,0,0,0,91
755,15.1,place,place,place_release_0.05,0,0,0,0,0.0,0.0,0,0,1.000000034088913,0.9999999862655242,0.25866722135683,0.1180439042856278,0.5540115271489575,0.25984994037467063,0.0853252678112314,0.021168212479368013,-0.07083948517488456,0.042591964590096114,0.3889567892324249,0.0032715543353449197,-0.0538379692740189,0.0033791971938303333,0.3539473290363837,0.9281694718704543,0.9281694718704543,0.9995979088392102,1,1,1,1,-0.0018841662,-0.001249779,1.0736011684795093,0.9077111117712936,0.25984994037467063,1.6215339583406347,0.8258671748613197,0.3539473290363837,0.40402895777701514,0.4056267031741264,0.3773536138504695,0.580956569053807,0,,0,0.0,0.0,0.0,0.0,0.0,0.0,0,1,0,0,0,0,106,5,0,0,0,0,0,0,91
756,15.120000000000001,place,place,place_release_0.06,0,0,0,0,0.0,0.0,0,0,1.000000034088913,0.9999999862655242,0.25866722135683,0.11942337941922812,0.554288635241327,0.26065480222132936,0.08202154930828139,0.020485442793922053,-0.06911472721917206,0.039128450849570034,0.3740741213564208,-0.0064301700577152,-0.04949726943115541,0.005678802469998143,0.35826889365565395,0.9266407332591885,0.9266407332591885,0.9993513122358761,1,1,1,1,-0.0018794574,-0.0012629516,1.074016168722202,0.9062793622500187,0.26065480222132936,1.622376602501915,0.8254293417019832,0.35826889365565395,0.40754525224244526,0.40331159866575855,0.38023104231422616,0.7495674191841006,0,,0,0.0,0.0,0.0,0.0,0.0,0.0,0,1,0,0,0,0,107,5,0,0,0,0,0,0,91
757,15.14,place,complete,place_release_0.07,0,0,0,0,0.0,0.0,0,0,1.000000034088913,0.9999999862655242,0.25866722135683,0.12069270109416116,0.5543257933319284,0.2613613027583037,0.0733657198666252,0.020259058403366274,-0.061701311740844846,0.034132792643090305,0.31126612243733925,0.012419821617292038,-0.01753034470653305,0.0076973754327820075,0.3621172407369541,0.9252060954294048,0.9252060954294048,0.9990872629141421,1,1,1,1,-0.0018430687,-0.0013133772,1.0744252601810294,0.9049862303217563,0.2613613027583037,1.6229856871433193,0.8252457567589411,0.3621172407369541,0.410643210034385,0.40104476291429797,0.3826750361495852,0.9130872153068895,0,,0,0.0,0.0,0.0,0.0,0.0,0.0,0,1,0,0,0,0,0,5,0,0,0,0,0,0,91
758,15.16,complete,complete,placed_verify,0,0,0,0,0.0,0.0,0,0,1.000000034088913,0.9999999862655242,0.25866722135683,0.12110741314729352,0.5545745445764327,0.26153235739307695,0.052034201686025086,0.04726994722100708,0.021479811610291562,0.0034246062564219876,0.03804242253178593,-0.014065146651969796,-0.35779342298743894,0.008186102960705544,0.3678854616397143,0.9272025992552798,0.9272025992552798,0.9989505800318765,1,1,1,1,-0.0010410435,-0.0017875172,1.075285898381743,0.9051366943296504,0.26153235739307695,1.6239997119215481,0.8247247777826502,0.3678854616397143,0.40688052499078853,0.4040919671594345,0.3798191774639298,0.9990356472955922,0,,0,0.0,0.0,0.0,0.0,0.0,0.0,0,1,0,0,0,0,1,5,0,0,0,0,0,0,91
759,15.18,complete,complete,placed_verify,0,0,0,0,0.0,0.0,0,0,1.000000034088913,0.9999999862655242,0.25866722135683,0.12096705397193981,0.5544108112257865,0.26120598321682187,0.09920100250196372,0.07555588548291699,0.062174931576738326,-0.016322528900720383,-0.3587775710960193,-0.020241541925834772,-0.3507518196725047,0.007253605314262447,0.3780055615796974,0.9310174042153843,0.9310174042153843,0.9991331285059432,0,0,0,0,0.0009488128,0.00055944547,1.076610888717153,0.9063847893166267,0.26120598321682187,1.6248718064083274,0.8240360568645362,0.3780055615796974,0.39726884280955777,0.41095346739708133,0.3721405584431111,1.1107708826563365,0,,0,0.0,0.0,0.0,0.0,0.0,0.0,0,1,0,0,0,0,2,5,0,0,0,0,0,0,91
760,15.200000000000001,complete,complete,placed_verify,0,0,0,0,0.0,0.0,0,0,1.000000034088913,0.9999999862655242,0.25866722135683,0.12003116666281097,0.5543277241155091,0.25961614004759487,0.14752141995059892,0.056940259192742065,0.08930019130609924,-0.10269299907977367,-0.6863187206184941,0.12031852309201713,-0.27124579361879686,0.0027111962593281574,0.3919471862271311,0.9353653041512879,0.9353653041512879,0.9995255667119536,0,0,0,0,0.00377151,0.0012520365,1.0775497543980803,0.9083838203863224,0.25961614004759487,1.6253336244543435,0.8234599872812216,0.3919471862271311,0.38623063628187976,0.41873192847306756,0.36323931202487686,1.1566719899612814,0,,0,0.0,0.0,0.0,0.0,0.0,0.0,0,1,0,0,0,0,3,5,0,0,0,0,0,0,91
761,15.22,complete,complete,placed_verify,0,0,0,0,0.0,0.0,0,0,1.000000034088913,0.9999999862655242,0.25866722135683,0.11761842897924517,0.5544755715116143,0.257557640767012,0.20114320603174934,0.005929773365770125,0.1717005298057778,-0.10460571296528973,-0.9775189479175268,-0.0005257097571099659,-0.035702122544727405,0.0,0.40908774668650566,0.9396161844743857,0.9396161844743857,0.999908652842707,0,0,0,0,0.010665815,0.005921062,1.0777626128608926,0.9117555746675232,0.257557640767012,1.625098780435728,0.8230635284197171,0.40908774668650566,0.3724147393824615,0.4284094739034769,0.35200636652321704,0.930453514706543,0,,0,0.0,0.0,0.0,0.0,0.0,0.0,0,1,0,0,0,0,4,5,0,0,0,0,0,0,91
762,15.24,complete,complete,placed_verify,0,0,0,0,0.0,0.0,0,0,1.000000034088913,0.9999999862655242,0.25866722135683,0.11525218790543955,0.5540003219392786,0.2562019314194853,0.13340168208773737,0.003790234249222359,0.13004684467838307,-0.029486625737277596,-0.6961709347234445,0.019018928337974143,-0.004642234133862971,0.0,0.4286613134662793,0.9434170381305471,0.9434170381305471,0.9999748999557153,0,0,0,0,0.018959295,0.015822392,1.0778091061886468,0.9149775473686708,0.2562019314194853,1.624077512154993,0.8227431429860794,0.4286613134662793,0.35901759753454215,0.43683883760849984,0.3407171652055104,0.4961391866340886,0,,0,0.0,0.0,0.0,0.0,0.0,0.0,0,1,0,0,0,0,5,5,0,0,0,0,0,0,91
763,15.26,complete,complete,placed_verify,0,0,0,0,0.0,0.0,0,0,1.000000034088913,0.9999999862655242,0.25866722135683,0.11528120795467105,0.552133668207215,0.2567050232686981,0.0272894739181466,0.0004654418172362613,-0.01377560621020122,0.023552737084794134,0.09639121530003358,-0.0013185742210930817,0.0029043219663099362,0.0,0.4498986885128706,0.9462630283565285,0.9462630283565285,0.9999550950006576,0,0,0,0,0.024834882,0.031590488,1.0778373511021022,0.9149640586368072,0.2567050232686981,1.6221649616441607,0.8224489789496119,0.4498986885128706,0.35777709549052633,0.43577012500937984,0.33905159742620955,0.2546321854606095,0,,0,0.0,0.0,0.0,0.0,0.0,0.0,0,1,0,0,0,0,6,5,0,0,0,0,0,0,91
764,15.280000000000001,complete,complete,placed_verify,0,0,0,0,0.0,0.0,0,0,1.000000034088913,0.9999999862655242,0.25866722135683,0.11614369846081708,0.5492718976869623,0.2561993633636635,0.09749563397437465,-0.012304776798253645,-0.0837969663333467,-0.048291402395647554,0.47687075961435815,-0.07453775113814384,0.004957157700587161,0.0,0.4719625234068193,0.9480099443434393,0.9480099443434393,0.9999964965510382,0,0,0,0,0.031285312,0.048595753,1.077666530856279,0.9136444770490189,0.2561993633636635,1.6192708882788718,0.8221877243759819,0.4719625234068193,0.36194654134595816,0.4301766534512139,0.3415372079498088,0.109143648044226,0,,0,0.0,0.0,0.0,0.0,0.0,0.0,0,1,0,0,0,0,7,5,0,0,0,0,0,0,91
765,15.3,complete,complete,placed_verify,0,0,0,0,0.0,0.0,0,0,1.000000034088913,0.9999999862655242,0.25866722135683,0.1163713617362021,0.5455683116131774,0.2563546564037022,0.014000125813871715,0.0002057785608343537,-0.008810321584895999,0.010878391956482068,0.04308918754294516,0.0017910576717671655,-0.00011029547680101691,0.0,0.4941852465141951,0.949214740168092,0.949214740168092,0.9999999509286208,0,0,0,0,0.052006554,0.07555728,1.0776533529076746,0.9133267152486197,0.2563546564037022,1.615518354431442,0.8219701458499671,0.4941852465141951,0.3612420121162339,0.4269536284715163,0.33964007680404795,-0.13429289885960968,0,,0,0.0,0.0,0.0,0.0,0.0,0.0,0,1,0,0,0,0,8,5,0,0,0,0,0,0,91
766,15.32,complete,complete,placed_verify,0,0,0,0,0.0,0.0,0,0,1.000000034088913,0.9999999862655242,0.25866722135683,0.11638246084741169,0.541246647633106,0.2565436499734863,0.008951998410225382,0.0008624886687275141,0.0006424350563215344,0.008887162991157728,-0.004418012605782205,0.004849162741688423,-6.580500383174042e-05,0.0,0.5161390487194123,0.9502839674767957,0.9502839674767957,0.9999999356333769,0,0,0,0,0.08169778,0.1129646,1.0776710024189946,0.9133276269370348,0.2565436499734863,1.6111184685905118,0.8217758142337154,0.5161390487194123,0.3589398692066425,0.4241910035163582,0.3361694901531973,-0.3946872322667467,0,,0,0.0,0.0,0.0,0.0,0.0,0.0,0,1,0,0,0,0,9,5,0,0,0,0,0,0,91
767,15.34,complete,complete,placed_verify,0,0,0,0,0.0,0.0,0,0,1.000000034088913,0.9999999862655242,0.25866722135683,0.11637720365398854,0.5365279315422269,0.2566496869661176,0.004919483151878046,0.0005416220137516309,0.0008349210469871951,0.004817765760301075,-0.004677894966156284,0.0029750318770064483,2.241307409624931e-06,0.0,0.5375651281492032,0.9515147867566844,0.9515147867566844,0.9999999702269746,0,0,0,0,0.11340931,0.15222108,1.0776830740085517,0.9133455066400268,0.2566496869661176,1.6063028790436829,0.8215668432721155,0.5375651281492032,0.3564331739091882,0.4211978307836389,0.33234712074597167,-0.6450965124321256,0,,0,0.0,0.0,0.0,0.0,0.0,0.0,0,1,0,0,0,0,10,5,0,0,0,0,0,0,91
768,15.36,complete,complete,placed_verify,0,0,0,0,0.0,0.0,0,0,1.000000034088913,0.9999999862655242,0.25866722135683,0.11637415828245529,0.5315577557048871,0.256705325220873,0.0025803174300922747,0.00030598595952449306,0.00044913095740913245,0.002522437712949248,-0.0024603342133743137,0.0016712169323110952,7.350039397569343e-06,0.0,0.558187851233421,0.9529771265455669,0.9529771265455669,0.9999999833449036,0,0,0,0,0.14369105,0.18908311,1.0776899544228964,0.9133557654862404,0.256705325220873,1.6012109885358954,0.8212722463784622,0.558187851233421,0.3538262574977562,0.418055115595589,0.32830407852229787,-0.855163029789818,0,,0,0.0,0.0,0.0,0.0,0.0,0.0,0,1,0,0,0,0,11,5,0,0,0,0,0,0,91
769,15.38,complete,complete,placed_verify,0,0,0,0,0.0,0.0,0,0,1.000000034088913,0.9999999862655242,0.25866722135683,0.11637295247568871,0.526452600397265,0.2567346411162704,0.0013601984424672223,0.00017167469614899156,0.00022050249915253782,0.0013311822750697569,-0.0012033209299490925,0.0009355663132932416,4.525976198801578e-06,0.0,0.57777699993503,0.9546886703745935,0.9546886703745935,0.9999999875184746,0,0,0,0,0.17076263,0.22150218,1.0776938152098567,0.9133608470555817,0.2567346411162704,1.5959737266765057,0.8209580666040992,0.57777699993503,0.35122619218096257,0.4148113658100946,0.3241664252506825,-0.9919471050459248,0,,0,0.0,0.0,0.0,0.0,0.0,0.0,0,1,0,0,0,0,12,5,0,0,0,0,0,0,91
770,15.4,complete,complete,placed_verify,0,0,0,0,0.0,0.0,0,0,1.000000034088913,0.9999999862655242,0.25866722135683,0.11637255536238778,0.5213183213973652,0.2567502291811046,0.0007232858813247386,9.65237290402745e-05,0.0001075757602686382,0.0007086981668231462,-0.0005880861963797246,0.0005248946948456303,2.419423558676229e-06,0.0,0.596204259174213,0.9566827910123276,0.9566827910123276,0.9999999888591742,0,0,0,0,0.19084112,0.24539885,1.077695984937998,0.9133633262235501,0.2567502291811046,1.5907092700300522,0.820680201850096,0.596204259174213,0.34872420097955154,0.4115129307961273,0.3200467153590994,-1.0596941337403958,0,,0,0.0,0.0,0.0,0.0,0.0,0.0,0,1,0,0,0,0,13,5,0,0,0,0,0,0,91
771,15.42,complete,complete,placed_verify,0,0,0,0,0.0,0.0,0,0,1.000000034088913,0.9999999862655242,0.25866722135683,0.11637246804038463,0.516218001231126,0.25675856714352063,0.0003867998259161469,5.4364369098229204e-05,5.2648271404028064e-05,0.00037932410972607697,-0.00028932029027944103,0.00029463043111856315,1.274642921683192e-06,0.0,0.6134158322005988,0.9588988935171181,0.9588988935171181,0.9999999892908551,0,0,0,0,0.20758867,0.26447874,1.0776972065312405,0.9133645390612904,0.25675856714352063,1.5854897721473171,0.8204789368395181,0.6134158322005988,0.34638131714477793,0.40818273448009784,0.3160187970159509,-1.0689118776107254,0,,0,0.0,0.0,0.0,0.0,0.0,0.0,0,1,0,0,0,0,14,5,0,0,0,0,0,0,91
772,15.44,complete,complete,placed_verify,0,0,0,0,0.0,0.0,0,0,1.000000034088913,0.9999999862655242,0.25866722135683,0.11637248666187505,0.51124853645415,0.25676304185988647,0.00020752500279290685,3.06736976198477e-05,2.570963505028048e-05,0.00020362899038227225,-0.0001427963025911464,0.00016525927803849526,6.757787107176898e-07,0.0,0.6294402984201941,0.9612969719273381,0.9612969719273381,0.9999999894203415,0,0,0,0,0.22230384,0.28063944,1.077697895450027,0.9133651318951416,0.25676304185988647,1.5804249709927713,0.8204105540479475,0.6294402984201941,0.3442892907538818,0.4048545002715449,0.31219849396880184,-1.041159524679796,0,,0,0.0,0.0,0.0,0.0,0.0,0.0,0,1,0,0,0,0,15,5,0,0,0,0,0,0,91
773,15.46,complete,complete,placed_verify,0,0,0,0,0.0,0.0,0,0,1.000000034088913,0.9999999862655242,0.25866722135683,0.11637253314614346,0.506483486223064,0.2567654476265157,0.00011154814365506088,1.7363074026684664e-05,1.2406295013059455e-05,0.00010948787995610702,-7.04262896322838e-05,9.257823028680218e-05,3.6113807596092497e-07,0.0,0.6443311911650903,0.9638720561983459,0.9638720561983459,0.9999999894490459,0,0,0,0,0.234516,0.29372996,1.0776982850641688,0.9133654188790795,0.2567654476265157,1.575596608981815,0.8205064890087251,0.6443311911650903,0.34250384161359887,0.4015605820878141,0.30866587231173553,-1.0169102381837611,0,,0,0.0,0.0,0.0,0.0,0.0,0.0,0,1,0,0,0,0,16,5,0,0,0,0,0,0,91
774,15.48,complete,complete,placed_verify,0,0,0,0,0.0,0.0,0,0,1.000000034088913,0.9999999862655242,0.25866722135683,0.11637258012933863,0.501921577103021,0.25676674234269437,6.003001312468764e-05,9.892354342007924e-06,5.821002404155222e-06,5.8922489189893755e-05,-3.460072031419303e-05,5.178760184372686e-05,1.9453192973297116e-07,0.0,0.658099600690664,0.9665788472614121,0.9665788472614121,0.9999999894463982,0,0,0,0,0.2441451,0.30382547,1.0776985066571991,0.9133655545047362,0.25676674234269437,1.5710076754443907,0.8207840576920686,0.658099600690664,0.3410359505139774,0.39829068183510163,0.3054337936851679,-1.016645453350541,0,,0,0.0,0.0,0.0,0.0,0.0,0.0,0,1,0,0,0,0,17,5,0,0,0,0,0,0,91
775,15.5,complete,complete,placed_verify,0,0,0,0,0.0,0.0,0,0,1.000000034088913,0.9999999862655242,0.25866722135683,0.116372619945082,0.49753964829577135,0.2567674395226319,3.233734097810971e-05,5.705286979817713e-06,2.5656089387406897e-06,3.172650268759401e-05,-1.6891855520205454e-05,2.8926899982481837e-05,1.0584389307393474e-07,0.0,0.6707488396902757,0.9693690130568904,0.9693690130568904,0.9999999894363496,0,0,0,0,0.2512329,0.31107545,1.0776986340570596,0.9133656152810677,0.2567674395226319,1.566633812975516,0.8212347711393966,0.6707488396902757,0.33986324453162226,0.39503516058428967,0.30247797197221543,-1.043587189314842,0,,0,0.0,0.0,0.0,0.0,0.0,0.0,0,1,0,0,0,0,18,5,0,0,0,0,0,0,91
776,15.52,complete,complete,placed_verify,0,0,0,0,0.0,0.0,0,0,1.000000034088913,0.9999999862655242,0.25866722135683,0.11637265201367819,0.4933105557604505,0.2567678150721077,1.7442690262349086e-05,3.362191762641117e-06,9.629130429256537e-07,1.708847297482252e-05,-8.174875678506034e-06,1.6134411807578287e-05,5.849071753081315e-08,0.0,0.6822892761709797,0.9721880843532348,0.9721880843532348,0.9999999894266236,0,0,0,0,0.25590414,0.31568965,1.0776987087322651,0.9133656391775294,0.2567678150721077,1.5624449775071576,0.821843186557944,0.6822892761709797,0.3389559448557541,0.3917856107923887,0.29976547433071654,-1.090607571983967,0,,0,0.0,0.0,0.0,0.0,0.0,0.0,0,1,0,0,0,0,19,5,0,0,0,0,0,0,91
777,15.540000000000001,complete,complete,placed_verify,0,0,0,0,0.0,0.0,0,0,1.000000034088913,0.9999999862655242,0.25866722135683,0.11637267785564738,0.4892110510060018,0.25676801741566446,9.43398181177371e-06,2.05300746625722e-06,1.788544243138815e-07,9.206149263577721e-06,-3.911483421561144e-06,8.986919263935448e-06,3.316638608738076e-08,0.0,0.6927430368217765,0.9749993847430041,0.9749993847430041,0.9999999894191602,0,0,0,0,0.25847378,0.31795526,1.0776987539403189,0.9133656450101824,0.25676801741566446,1.5584154292924626,0.8225970906271881,0.6927430368217765,0.338289863555448,0.38853401876548477,0.2972688491724937,-1.144572397925356,0,,0,0.0,0.0,0.0,0.0,0.0,0.0,0,1,0,0,0,0,20,5,0,0,0,0,0,0,91
778,15.56,complete,complete,placed_verify,0,0,0,0,0.0,0.0,0,0,1.000000034088913,0.9999999862655242,0.25866722135683,0.11637269925204605,0.48522282453984134,0.25676812645496766,5.137696454995295e-06,1.3226023645228488e-06,-2.01481706333917e-07,4.960448867899211e-06,-1.8440565285805095e-06,4.999369496808815e-06,1.9611530577749943e-08,0.0,0.7021479815253925,0.9777546773985875,0.9777546773985875,0.9999999894139726,0,0,0,0,0.2598731,0.31829068,1.0776987827042521,0.9133656420663702,0.25676812645496766,1.5545254274682632,0.8234905048062954,0.7021479815253925,0.33784955841163145,0.3852716957595339,0.29496933722167595,-1.189512154931513,0,,0,0.0,0.0,0.0,0.0,0.0,0.0,0,1,0,0,0,0,21,5,0,0,0,0,0,0,91
779,15.58,complete,complete,placed_verify,0,0,0,0,0.0,0.0,0,0,1.000000034088913,0.9999999862655242,0.25866722135683,0.11637271767178463,0.4814060534298651,0.25676818522172434,2.8515678286358174e-06,9.156808882259802e-07,-3.8398233252346955e-07,2.6731115129298864e-06,-8.524470618179122e-07,2.777884183317274e-06,1.2353186542125641e-08,0.0,0.7106300534726284,0.980398018538,0.980398018538,0.9999999894105602,0,0,0,0,0.2604463,0.31744656,1.0776988023046847,0.9133656349026342,0.25676818522172434,1.5508344752782592,0.8245150680008926,0.7106300534726284,0.33764287467850856,0.3820446158706828,0.29290561579310925,-1.2379591656162365,0,,0,0.0,0.0,0.0,0.0,0.0,0.0,0,1,0,0,0,0,22,5,0,0,0,0,0,0,91
780,15.6,complete,complete,placed_verify,0,0,0,0,0.0,0.0,0,0,1.000000034088913,0.9999999862655242,0.25866722135683,0.11637273417727155,0.47772702023768215,0.2567682168972805,1.6648650546295356e-06,6.892806933607374e-07,-4.7034260763731934e-07,1.4406406933471212e-06,-3.8347286699583837e-07,1.541933800857951e-06,8.465708606428968e-09,0.0,0.718230597592989,0.982912750966955,0.982912750966955,0.9999999894083922,0,0,0,0,0.26035795,0.3157242,1.0776988168056427,0.9133656257367344,0.2567682168972805,1.5473038409709292,0.8256488819309167,0.718230597592989,0.3376322712194764,0.3788432320875934,0.29103420995924284,-1.3003540119329833,0,,0,0.0,0.0,0.0,0.0,0.0,0.0,0,1,0,0,0,0,23,5,0,0,0,0,0,0,91
781,15.620000000000001,complete,complete,placed_verify,0,0,0,0,0.0,0.0,0,0,1.000000034088913,0.9999999862655242,0.25866722135683,0.11637274948545977,0.47420168565792,0.2567682339718848,1.0867377468743547e-06,5.634755269586863e-07,-5.104739257211995e-07,7.764732011853126e-07,-1.6570268432854545e-07,8.551581496144324e-07,6.383456445468032e-09,0.0,0.7250095514455902,0.9852667704525908,0.9852667704525908,0.9999999894070467,0,0,0,0,0.25976506,0.31335166,1.0776988284723459,0.9133656156371956,0.2567682339718848,1.5439437791610868,0.8268619472868518,0.7250095514455902,0.3377881523855167,0.3756967298079925,0.2893427135636788,-1.3590549202811966,0,,0,0.0,0.0,0.0,0.0,0.0,0.0,0,1,0,0,0,0,24,5,0,0,0,0,0,0,91
782,15.64,complete,complete,placed_verify,0,0,0,0,0.0,0.0,0,0,1.000000034088913,0.9999999862655242,0.25866722135683,0.11637276405983774,0.47082500343385814,0.25676824317634156,8.356699737014319e-07,4.936505848312687e-07,-5.28672853679722e-07,4.185193171456219e-07,-6.704749855091393e-08,4.739871140788698e-07,5.268121597002566e-09,0.0,0.7310349476319409,0.9874332624319812,0.9874332624319812,0.9999999894062261,0,0,0,0,0.2587999,0.3105122,1.0776988385656572,0.9133656051122468,0.25676824317634156,1.5407463226147635,0.8281411287320123,0.7310349476319409,0.33809119437839574,0.37260957103843845,0.2878164196654586,-1.4164474016626338,0,,0,0.0,0.0,0.0,0.0,0.0,0.0,0,1,0,0,0,0,25,5,0,0,0,0,0,0,91
783,15.66,complete,complete,placed_verify,0,0,0,0,0.0,0.0,0,0,1.000000034088913,0.9999999862655242,0.25866722135683,0.11637277819139376,0.4675993009459081,0.25676824813822324,7.388125626284277e-07,4.549385488047698e-07,-5.366458424783031e-07,2.255796073667711e-07,-2.389049049514456e-08,2.6266304781981956e-07,4.670717218370628e-09,0.0,0.7363681935176928,0.9894093970383916,0.9894093970383916,0.9999999894057319,0,0,0,0,0.257569,0.30731964,1.077698847786494,0.9133655943996379,0.25676824813822324,1.537710147882398,0.8294685740164442,0.7363681935176928,0.3385196095660482,0.3695941638039566,0.28644242061390984,-1.4655698989381996,0,,0,0.0,0.0,0.0,0.0,0.0,0.0,0,1,0,0,0,0,26,5,0,0,0,0,0,0,91
784,15.68,complete,complete,placed_verify,0,0,0,0,0.0,0.0,0,0,1.000000034088913,0.9999999862655242,0.25866722135683,0.11637279205897608,0.46452914639271836,0.25676825081282684,7.030348572675896e-07,4.3349803151138583e-07,-5.399605312430937e-07,1.215734013207232e-07,-5.990784838579164e-09,1.4562348348197513e-07,4.350743494418165e-09,0.0,0.7410852228559446,0.9911894354718156,0.9911894354718156,0.9999999894054362,0,0,0,0,0.25619027,0.30388048,1.0776988565240302,0.9133655836081629,0.25676825081282684,1.5348372967205315,0.830832109532141,0.7410852228559446,0.33905795904842695,0.3666609347766025,0.28521410686902493,-1.5024854992587475,0,,0,0.0,0.0,0.0,0.0,0.0,0.0,0,1,0,0,0,0,27,5,0,0,0,0,0,0,91
785,15.700000000000001,complete,complete,placed_verify,0,0,0,0,0.0,0.0,0,0,1.000000034088913,0.9999999862655242,0.25866722135683,0.11637280577074924,0.4616184282526362,0.2567682522541842,6.891927569556796e-07,4.216347097367932e-07,-5.412210918878724e-07,6.550234714145542e-08,7.86794789595659e-10,8.086460073092511e-08,4.179372103526623e-09,0.0,0.7452635667238002,0.9927708329382763,0.9927708329382763,0.9999999894052607,0,0,0,0,0.25474688,0.3002732,1.0776988649941062,0.9133655727861064,0.2567682522541842,1.532130461556718,0.8322268191107518,0.7452635667238002,0.3396979500366447,0.3638153418575777,0.28413019961188235,-1.527000313456518,0,,0,0.0,0.0,0.0,0.0,0.0,0.0,0,1,0,0,0,0,28,5,0,0,0,0,0,0,91
786,15.72,complete,complete,placed_verify,0,0,0,0,0.0,0.0,0,0,1.000000034088913,0.9999999862655242,0.25866722135683,0.1163728193913062,0.45887035547460925,0.2567682530305424,6.832888060245317e-07,4.150765103044194e-07,-5.416189140686387e-07,3.5270879703289004e-08,2.9031130746365075e-09,4.50652731684329e-08,4.087594295368313e-09,0.0,0.7489746458155478,0.9941529715012782,0.9941529715012782,0.9999999894051553,0,0,0,0,0.25328895,0.2965506,1.0776988733163042,0.9133655619539517,0.2567682530305424,1.5295921421610976,0.8336505902976717,0.7489746458155478,0.3404340076351566,0.3610606268898731,0.28319114894940856,-1.5408467476967114,0,,0,0.0,0.0,0.0,0.0,0.0,0.0,0,1,0,0,0,0,29,5,0,0,0,0,0,0,91
787,15.74,complete,complete,placed_verify,0,0,0,0,0.0,0.0,0,0,1.000000034088913,0.9999999862655242,0.25866722135683,0.11637283295882765,0.45628664397203117,0.25676825344828236,6.804956766620661e-07,4.114541381979346e-07,-5.416825731943954e-07,1.896966033055769e-08,3.220905482231257e-09,2.529179396316264e-08,4.038445789484061e-09,0.0,0.7522796819883909,0.9953434737276792,0.9953434737276792,0.9999999894050924,0,0,0,0,0.2518664,0.29274678,1.0776988815568112,0.9133655511197722,0.25676825344828236,1.5272235508166383,0.8351027042887111,0.7522796819883909,0.34126170826235774,0.3583981344919242,0.28239737721864155,-1.5453696982816605,0,,0,0.0,0.0,0.0,0.0,0.0,0.0,0,1,0,0,0,0,30,5,0,0,0,0,0,0,91
788,15.76,complete,complete,placed_verify,0,0,0,0,0.0,0.0,0,0,1.000000034088913,0.9999999862655242,0.25866722135683,0.11637284649569261,0.45386895119381737,0.25676825367261064,6.790631216348462e-07,4.094549586305964e-07,-5.416361765215116e-07,1.0179012743694923e-08,2.951509422357097e-09,1.4378748889181676e-08,4.012127698264406e-09,0.0,0.755231627566441,0.9963509751690611,0.9963509751690611,0.999999989405054,0,0,0,0,0.25050786,0.2888765,1.0776988897522264,0.9133655402863317,0.25676825367261064,1.5250258894190067,0.8365828584701039,0.755231627566441,0.34217721015316704,0.35582889246324656,0.28174957701149284,-1.5411818611375627,0,,0,0.0,0.0,0.0,0.0,0.0,0.0,0,1,0,0,0,0,31,5,0,0,0,0,0,0,91
789,15.780000000000001,complete,complete,placed_verify,0,0,0,0,0.0,0.0,0,0,1.000000034088913,0.9999999862655242,0.25866722135683,0.11637286001492698,0.4516212278358789,0.25676825379261775,6.782898900649238e-07,4.083524610716822e-07,-5.415679730727936e-07,5.438110224388485e-09,2.5702813282029835e-09,8.360315455256297e-09,3.998035866060898e-09,0.0,0.7578767857579979,0.9971897457287977,0.9971897457287977,0.9999999894050295,0,0,0,0,0.2492379,0.28495628,1.0776988979227715,0.9133655294542686,0.25676825379261775,1.523002798036297,0.8380915633327061,0.7578767857579979,0.343178214866946,0.35335495115702104,0.2812507989762983,-1.5289201548480675,0,,0,0.0,0.0,0.0,0.0,0.0,0.0,0,1,0,0,0,0,32,5,0,0,0,0,0,0,91
790,15.8,complete,complete,placed_verify,0,0,0,0,0.0,0.0,0,0,1.000000034088913,0.9999999862655242,0.25866722135683,0.11637287352406707,0.4495464496563324,0.25676825385635194,6.778607815828671e-07,4.0774490932606744e-07,-5.415081048844833e-07,2.8810538398149926e-09,2.2383769175133518e-09,5.043553784348108e-09,3.9904911137943094e-09,0.0,0.760252691481225,0.9978754367675419,0.9978754367675419,0.9999999894050133,0,0,0,0,0.24806735,0.28101093,1.07769890607961,0.913365518623472,0.25676825385635194,1.5211570654171067,0.8396303756073171,0.760252691481225,0.34426340991000726,0.3509770136324979,0.2809041585669866,-1.5081191307223294,0,,0,0.0,0.0,0.0,0.0,0.0,0.0,0,1,0,0,0,0,33,5,0,0,0,0,0,0,91
791,15.82,complete,complete,placed_verify,0,0,0,0,0.0,0.0,0,0,1.000000034088913,0.9999999862655242,0.25866722135683,0.11637288702745018,0.4476494138771927,0.2567682538897285,6.776194780635481e-07,4.074103487599918e-07,-5.414634886145088e-07,1.5017562328788461e-09,1.9917576825555023e-09,3.216904481510745e-09,3.986452057762384e-09,0.0,0.7623930945597875,0.998426884176959,0.998426884176959,0.9999999894050018,0,0,0,0,0.24700081,0.27707642,1.0776989142288997,0.9133655077936383,0.2567682538897285,1.5194933796047874,0.8412014716826515,0.7623930945597875,0.34543269826518025,0.3486965897398464,0.28071459892281236,-1.4773933662156633,0,,0,0.0,0.0,0.0,0.0,0.0,0.0,0,1,0,0,0,0,34,5,0,0,0,0,0,0,91
792,15.84,complete,complete,placed_verify,0,0,0,0,0.0,0.0,0,0,1.000000034088913,0.9999999862655242,0.25866722135683,0.11637290052756205,0.4459332127982886,0.25676825390672686,6.774830853649805e-07,4.0722625091995865e-07,-5.414328558830259e-07,7.576857388369006e-10,1.822547407526057e-09,2.2115423495283457e-09,3.984290051132162e-09,0.0,0.7643271356242761,0.9988627807881,0.9988627807881,0.9999999894049934,0,0,0,0,0.24603814,0.27316236,1.0776989223740352,0.913365496964473,0.25676825390672686,1.5180145477622564,0.8428064414465354,0.7643271356242761,0.34668519311235296,0.34651437013932207,0.28068527136911314,-1.4350725207289798,0,,0,0.0,0.0,0.0,0.0,0.0,0.0,0,1,0,0,0,0,35,5,0,0,0,0,0,0,91
793,15.860000000000001,complete,complete,placed_verify,0,0,0,0,0.0,0.0,0,0,1.000000034088913,0.9999999862655242,0.25866722135683,0.11637291402582123,0.44439852013043696,0.2567682539148881,6.774059239964281e-07,4.0712502701172556e-07,-5.414128473985914e-07,3.562553941981545e-10,1.7119032703846052e-09,1.658535988577305e-09,3.983132998886964e-09,0.0,0.7660844049483551,0.9991994469699863,0.9991994469699863,0.999999989404986,0,0,0,0,0.24517748,0.26928192,1.0776989305168858,0.9133654861357472,0.2567682539148881,1.5167200010100015,0.8444412933062253,0.7660844049483551,0.34801408515995097,0.3444329465676407,0.28081308732474547,-1.37505424795279,0,,0,0.0,0.0,0.0,0.0,0.0,0.0,0,1,0,0,0,0,36,5,0,0,0,0,0,0,91
794,15.88,complete,complete,placed_verify,0,0,0,0,0.0,0.0,0,0,1.000000034088913,0.9999999862655242,0.25866722135683,0.11637292752303453,0.44304966174022875,0.2567682539182807,6.773623327577605e-07,4.070694202308004e-07,-5.414002192884926e-07,1.3966519644061002e-10,1.6418496898749151e-09,1.354522140745968e-09,3.982513966107095e-09,0.0,0.7676836108696921,0.9994546252240377,0.9994546252240377,0.9999999894049802,0,0,0,0,0.24440694,0.2654657,1.0776989386584812,0.9133654753073005,0.2567682539182807,1.5156145273346828,0.8461126689531646,0.7676836108696921,0.34942434696635877,0.34245057137751356,0.2811060457040112,-1.2943454814750919,0,,0,0.0,0.0,0.0,0.0,0.0,0.0,0,1,0,0,0,0,37,5,0,0,0,0,0,0,91
795,15.9,complete,complete,placed_verify,0,0,0,0,0.0,0.0,0,0,1.000000034088913,0.9999999862655242,0.25866722135683,0.11637294101965949,0.44188766619543735,0.2567682539190999,6.773377768525817e-07,4.0703890816458325e-07,-5.413924553152038e-07,2.2793789376238623e-11,1.5985088730345442e-09,1.1874820384048419e-09,3.982182939933246e-09,0.0,0.7691382792803231,0.999644110662122,0.999644110662122,0.9999999894049744,0,0,0,0,0.24371356,0.26176727,1.0776989467993874,0.913365464479026,0.2567682539190999,1.514698966653249,0.8478239342605857,0.7691382792803231,0.3509171981619686,0.34056529960891274,0.28156701908771525,-1.1949514397915255,0,,0,0.0,0.0,0.0,0.0,0.0,0.0,0,1,0,0,0,0,38,5,0,0,0,0,0,0,91
796,15.92,complete,complete,placed_verify,0,0,0,0,0.0,0.0,0,0,1.000000034088913,0.9999999862655242,0.25866722135683,0.11637295451595514,0.44090925407746995,0.2567682539185303,6.77324002379904e-07,4.070221931311682e-07,-5.413877878902259e-07,-4.027349060564098e-11,1.5721565481794832e-09,1.0957492697096765e-09,3.982006087380274e-09,0.0,0.770463049609531,0.9997806479652979,0.9997806479652979,0.9999999894049689,0,0,0,0,0.24308738,0.2582397,1.0776989549399163,0.9133654536508555,0.2567682539185303,1.513969432209211,0.8495764185870391,0.770463049609531,0.3524912327235349,0.33877354653108527,0.282194001534231,-1.0780461478612806,0,,0,0.0,0.0,0.0,0.0,0.0,0.0,0,1,0,0,0,0,39,5,0,0,0,0,0,0,91
797,15.94,complete,complete,placed_verify,0,0,0,0,0.0,0.0,0,0,1.000000034088913,0.9999999862655242,0.25866722135683,0.11637296801206722,0.4401100245755089,0.25676825391721125,6.773163233437393e-07,4.070130595157532e-07,-5.413850438733121e-07,-7.430880634061903e-11,1.5563487749133313e-09,1.045397291941059e-09,3.981911754813221e-09,0.0,0.7716723098319619,0.9998747751674603,0.9998747751674603,0.9999999894049632,0,0,0,0,0.24251229,0.25493646,1.0776989630802387,0.9133654428227465,0.25676825391721125,1.5134207783187734,0.8513708184018236,0.7716723098319619,0.35414451839377814,0.3370713580213582,0.2829836273240776,-0.9444891423324698,0,,0,0.0,0.0,0.0,0.0,0.0,0.0,0,1,0,0,0,0,40,5,0,0,0,0,0,0,91
798,15.96,complete,complete,placed_verify,0,0,0,0,0.0,0.0,0,0,1.000000034088913,0.9999999862655242,0.25866722135683,0.11637298150807808,0.4394841278773483,0.25676825391548747,6.773120835094804e-07,4.070080896578997e-07,-5.413834729944021e-07,-9.267955520644319e-11,1.5469688493135527e-09,1.017771714384926e-09,3.98186159209041e-09,0.0,0.7727779363415992,0.999934959898276,0.999934959898276,0.9999999894049569,0,0,0,0,0.24197358,0.25189883,1.0776989712204488,0.9133654319946726,0.25676825391548747,1.513046172413508,0.8532063672622197,0.7727779363415992,0.35587368775437106,0.3354547427456527,0.28393029818172183,-0.794279152569715,0,,0,0.0,0.0,0.0,0.0,0.0,0.0,0,1,0,0,0,0,41,5,0,0,0,0,0,0,91
799,15.98,complete,complete,placed_verify,0,0,0,0,0.0,0.0,0,0,1.000000034088913,0.9999999862655242,0.25866722135683,0.11637299500403372,0.4390242233332922,0.2567682539135453,6.773097803750381e-07,4.0700540559767756e-07,-5.413826076632418e-07,-1.0259483755572595e-10,1.5414530829685952e-09,1.0026223207128587e-09,3.981835067614757e-09,0.0,0.7737899752657611,0.9999680347423485,0.9999680347423485,0.9999999894049518,0,0,0,0,0.24147642,0.2491521,1.077698979360598,0.9133654211666183,0.2567682539135453,1.512837247747993,0.8550820096482468,0.7737899752657611,0.35767510173279243,0.3339189002489428,0.28502708069574206,-0.6276579596524041,0,,0,0.0,0.0,0.0,0.0,0.0,0.0,0,1,0,0,0,0,42,5,0,0,0,0,0,0,91
800,16.0,complete,complete,placed_verify,0,0,0,0,0.0,0.0,0,0,1.000000034088913,0.9999999862655242,0.25866722135683,0.11637300849995989,0.43872143391592006,0.25676825391148517,6.773085652426956e-07,4.070039754115511e-07,-5.413821615984811e-07,-1.0795030527933556e-10,1.538232653333082e-09,9.943165885939262e-10,3.981821195957781e-09,0.0,0.7747159348501379,0.9999793534464764,0.9999793534464764,0.9999999894049467,0,0,0,0,0.24102148,0.24671403,1.0776989875007146,0.9133654103385744,0.25676825391148517,1.5127841679706633,0.8569971363480292,0.7747159348501379,0.359545558046865,0.3324577166054631,0.28626624538482104,-0.4445811433012193,0,,0,0.0,0.0,0.0,0.0,0.0,0.0,0,1,0,0,0,0,43,5,0,0,0,0,0,0,91
801,16.02,complete,complete,placed_verify,0,0,0,0,0.0,0.0,0,0,1.000000034088913,0.9999999862655242,0.25866722135683,0.11637302199587116,0.43856736447399414,0.25676825390936137,6.773079606932553e-07,4.0700323314389174e-07,-5.413819627061084e-07,-1.1083933009881655e-10,1.5363651135098428e-09,9.897656231506816e-10,3.981814089723399e-09,0.0,0.7755615497675546,0.9999729966544313,0.9999729966544313,0.9999999894049414,0,0,0,0,0.2406111,0.2445955,1.0776989956408143,0.9133653995105354,0.25676825390936137,1.512877628302074,0.8589513309552284,0.7755615497675546,0.36148238544155514,0.3310652892701347,0.28764058723022257,-0.247492694531336,0,,0,0.0,0.0,0.0,0.0,0.0,0.0,0,1,0,0,0,0,44,5,0,0,0,0,0,0,91
802,16.04,complete,complete,placed_verify,0,0,0,0,0.0,0.0,0,0,1.000000034088913,0.9999999862655242,0.25866722135683,0.11637303549177559,0.4385527432306482,0.25676825390720315,6.773076981186676e-07,4.070028680058627e-07,-5.413819083898864e-07,-1.1240077822044046e-10,1.5352886664125428e-09,9.872730393300699e-10,3.981810604895867e-09,0.0,0.7763348321685131,0.9999516081628933,0.9999516081628933,0.9999999894049361,0,0,0,0,0.24024922,0.24280763,1.0776990037809053,0.9133653886824978,0.25676825390720315,1.5131073480373598,0.8609432335667488,0.7763348321685131,0.36348200155392724,0.32973576649225234,0.28914154473353293,-0.03729354349675787,0,,0,0.0,0.0,0.0,0.0,0.0,0.0,0,1,0,0,0,0,45,5,0,0,0,0,0,0,91
803,16.06,complete,complete,placed_verify,0,0,0,0,0.0,0.0,0,0,1.000000034088913,0.9999999862655242,0.25866722135683,0.11637304898767781,0.43866549734999266,0.2567682539050264,6.773076265431045e-07,4.070027096301381e-07,-5.413819377326713e-07,-1.1324308779681659e-10,1.534669842935304e-09,9.859089704081528e-10,3.981809055568493e-09,0.0,0.7770413736552704,0.9999168161804478,0.9999168161804478,0.9999999894049304,0,0,0,0,0.23994392,0.24135432,1.0776990119209928,0.91336537785446,0.2567682539050264,1.5134601671185979,0.8629705945315288,0.7770413736552704,0.3655395717075906,0.328462036437407,0.29075781878516693,0.18466062350540105,0,,0,0.0,0.0,0.0,0.0,0.0,0.0,0,1,0,0,0,0,46,5,0,0,0,0,0,0,91
804,16.080000000000002,complete,complete,placed_verify,0,0,0,0,0.0,0.0,0,0,1.000000034088913,0.9999999862655242,0.25866722135683,0.11637306248358001,0.4388929871395718,0.2567682539028396,6.773076615445417e-07,4.0700266433223857e-07,-5.413820154812169e-07,-1.1369648199553315e-10,1.5343157873317641e-09,9.85162037438979e-10,3.981808547704647e-09,0.0,0.77768532717416,0.9998695246074086,0.9998695246074086,0.9999999894049256,0,0,0,0,0.23970553,0.24023399,1.0776990200610788,0.9133653670264209,0.2567682539028396,1.5139225719674843,0.8650324908192687,0.77768532717416,0.3676516206578575,0.3272357636254066,0.2924787328418827,0.41805945813215833,0,,0,0.0,0.0,0.0,0.0,0.0,0.0,0,1,0,0,0,0,47,5,0,0,0,0,0,0,91
805,16.1,complete,complete,placed_verify,0,0,0,0,0.0,0.0,0,0,1.000000034088913,0.9999999862655242,0.25866722135683,0.11637307597948394,0.43922351070893584,0.2567682539006474,6.773077560337488e-07,4.0700268089279497e-07,-5.413821211918851e-07,-1.1394439407310823e-10,1.534114689255402e-09,9.847527174959186e-10,3.981808595634439e-09,0.0,0.7782699536417093,0.9998100175035237,0.9998100175035237,0.999999989404921,0,0,0,0,0.2395437,0.23944011,1.077699028201165,0.9133653561983797,0.2567682539006474,1.5144820904661873,0.8671284782991073,0.7782699536417093,0.36981542126842,0.3260489514104943,0.2942947054290984,0.661790405687841,0,,0,0.0,0.0,0.0,0.0,0.0,0.0,0,1,0,0,0,0,48,5,0,0,0,0,0,0,91
806,16.12,complete,complete,placed_verify,0,0,0,0,0.0,0.0,0,0,1.000000034088913,0.9999999862655242,0.25866722135683,0.11637308947539021,0.43964583402790486,0.2567682538984522,6.773078836147223e-07,4.070027314287774e-07,-5.413822427841046e-07,-1.1407989104124733e-10,1.5340004244083353e-09,9.84528852615529e-10,3.981808938789681e-09,0.0,0.778798543944927,0.9997380844052989,0.9997380844052989,0.9999999894049161,0,0,0,0,0.23946834,0.23896143,1.077699036341252,0.9133653453703361,0.2567682538984522,1.5151268189668607,0.8692587204106408,0.778798543944927,0.37202899880264073,0.3248935303890881,0.29619698393030064,0.9144019842919274,0,,0,0.0,0.0,0.0,0.0,0.0,0.0,0,1,0,0,0,0,49,5,0,0,0,0,0,0,91
807,16.14,complete,complete,placed_verify,0,0,0,0,0.0,0.0,0,0,1.000000034088913,0.9999999862655242,0.25866722135683,0.11637310297129937,0.440148729376752,0.25676825389625546,6.773080296098761e-07,4.070028004603199e-07,-5.413823735220963e-07,-1.1415362995624946e-10,1.5339361499846279e-09,9.844058998010342e-10,3.981809441848965e-09,0.0,0.7792747080611939,0.9996533640797184,0.9996533640797184,0.9999999894049116,0,0,0,0,0.23948914,0.23878166,1.0776990444813404,0.9133653345422899,0.25676825389625546,1.5158450245604962,0.8714248515640834,0.7792747080611939,0.37429187658985547,0.3237604500825579,0.29817792496143775,1.1729605053286998,0,,0,0.0,0.0,0.0,0.0,0.0,0.0,0,1,0,0,0,0,50,5,0,0,0,0,0,0,91
808,16.16,complete,complete,placed_verify,0,0,0,0,0.0,0.0,0,0,1.000000034088913,0.9999999862655242,0.25866722135683,0.11637311646721156,0.44072738058961686,0.2567682538940578,6.773081858988053e-07,4.070028797749269e-07,-5.413825094146832e-07,-1.1419416575603283e-10,1.5339000713340971e-09,9.843391259509252e-10,3.981810026529964e-09,0.0,0.7797103865675138,0.9995554821226305,0.9995554821226305,0.999999989404907,0,0,0,0,0.23961794,0.2388807,1.0776990526214303,0.913365323714241,0.2567682538940578,1.5166310961869933,0.8736251031217015,0.7797103865675138,0.3766014008251341,0.3226472808163015,0.30023217046684336,1.4326942621078527,0,,0,0.0,0.0,0.0,0.0,0.0,0.0,0,1,0,0,0,0,51,5,0,0,0,0,0,0,91
809,16.18,complete,complete,placed_verify,0,0,0,0,0.0,0.0,0,0,1.000000034088913,0.9999999862655242,0.25866722135683,0.11637312996312692,0.44136914790295656,0.2567682538918597,6.773083478232194e-07,4.070029646124759e-07,-5.413826482110493e-07,-1.1420887009648186e-10,1.5338798520382994e-09,9.843024737821643e-10,3.9818106577663844e-09,0.0,0.7801120632375409,0.9994434273408527,0.9994434273408527,0.9999999894049005,0,0,0,0,0.239862,0.23922935,1.077699060761522,0.9133653128861894,0.2567682538918597,1.5174718107910201,0.8758599392435428,0.7801120632375409,0.3789556590137193,0.32154484838369074,0.30235018637085603,1.691797248315411,0,,0,0.0,0.0,0.0,0.0,0.0,0.0,0,1,0,0,0,0,52,5,0,0,0,0,0,0,91
810,16.2,complete,complete,placed_verify,0,0,0,0,0.0,0.0,0,0,1.000000034088913,0.9999999862655242,0.25866722135683,0.11637314345904563,0.44206394110799807,0.2567682538896614,6.773085129111984e-07,4.0700305246464976e-07,-5.413827886994101e-07,-1.1422121691466418e-10,1.533868894811514e-09,9.842822726776165e-10,3.9818113148521014e-09,0.0,0.7804790328452331,0.9993164722281852,0.9993164722281852,0.9999999894048963,0,0,0,0,0.2402268,0.23978812,1.0776990689016155,0.9133653020581349,0.2567682538896614,1.5183566782521911,0.8781318045114666,0.7804790328452331,0.38135517065989943,0.3204443289444497,0.30452579541851116,1.9497393309417006,0,,0,0.0,0.0,0.0,0.0,0.0,0.0,0,1,0,0,0,0,53,5,0,0,0,0,0,0,91
811,16.22,complete,complete,placed_verify,0,0,0,0,0.0,0.0,0,0,1.000000034088913,0.9999999862655242,0.25866722135683,0.1163731569549677,0.442806142375112,0.25676825388746294,6.773086797528574e-07,4.070031420079345e-07,-5.413829301120442e-07,-1.1422576466119792e-10,1.5338629760711658e-09,9.842713145383142e-10,3.9818119820386375e-09,0.0,0.7808142481414492,0.9991743816845714,0.9991743816845714,0.9999999894048899,0,0,0,0,0.24072167,0.24051559,1.0776990770417108,0.9133652912300776,0.25676825388746294,1.5192795296939945,0.8804413856213534,0.7808142481414492,0.383799528369241,0.31934109249879655,0.3067548636400132,2.205465416828853,0,,0,0.0,0.0,0.0,0.0,0.0,0.0,0,1,0,0,0,0,54,5,0,0,0,0,0,0,91
812,16.240000000000002,complete,complete,placed_verify,0,0,0,0,0.0,0.0,0,0,1.000000034088913,0.9999999862655242,0.25866722135683,0.11637317045089303,0.443589111084993,0.2567682538852645,6.773088475191457e-07,4.070032324740783e-07,-5.413830719879153e-07,-1.1422912268339966e-10,1.5338595741825935e-09,9.842653843786016e-10,3.981812655921443e-09,0.0,0.7811202798294761,0.9990173702563424,0.9990173702563424,0.9999999894048854,0,0,0,0,0.24135083,0.24139145,1.0776990851818078,0.9133652804020175,0.2567682538852645,1.5202334594020432,0.8827936087650452,0.7811202798294761,0.38629231472245923,0.318226860963217,0.30903553911269094,2.452311436303204,0,,0,0.0,0.0,0.0,0.0,0.0,0.0,0,1,0,0,0,0,55,5,0,0,0,0,0,0,91
813,16.26,complete,complete,placed_verify,0,0,0,0,0.0,0.0,0,0,1.000000034088913,0.9999999862655242,0.25866722135683,0.1163731839468217,0.4444092178627712,0.2567682538830659,6.773090159900251e-07,4.070033236427622e-07,-5.413832142168847e-07,-1.1423360173723305e-10,1.533858130388598e-09,9.842633469452078e-10,3.981813331847859e-09,0.0,0.7814028001820443,0.9988447348843235,0.9988447348843235,0.9999999894048806,0,0,0,0,0.24211997,0.24239561,1.0776990933219066,0.9133652695739545,0.2567682538830659,1.5212140018762008,0.8851858655441296,0.7814028001820443,0.3888301669956785,0.31710059468682983,0.31136275591447826,2.6852967084435084,0,,0,0.0,0.0,0.0,0.0,0.0,0.0,0,1,0,0,0,0,56,5,0,0,0,0,0,0,91
814,16.28,complete,complete,placed_verify,0,0,0,0,0.0,0.0,0,0,1.000000034088913,0.9999999862655242,0.25866722135683,0.11637319744275364,0.44526615573906086,0.2567682538808672,6.773091849004365e-07,4.0700341526471233e-07,-5.413833566560017e-07,-1.1423324478932217e-10,1.5338578298487215e-09,9.842637718752366e-10,3.981814012033276e-09,0.0,0.7816702201475341,0.9986565975921087,0.9986565975921087,0.9999999894048759,0,0,0,0,0.24304152,0.24349788,1.0776991014620072,0.9133652587458887,0.2567682538808672,1.5222202174424087,0.887617892003247,0.7816702201475341,0.3914126983007348,0.3159618627777997,0.3137356382635299,2.903428217239724,0,,0,0.0,0.0,0.0,0.0,0.0,0.0,0,1,0,0,0,0,57,5,0,0,0,0,0,0,91
815,16.3,complete,complete,placed_verify,0,0,0,0,0.0,0.0,0,0,1.000000034088913,0.9999999862655242,0.25866722135683,0.11637321093868892,0.4461558398650191,0.2567682538786687,6.77309353890278e-07,4.070035069220888e-07,-5.413834991693025e-07,-1.1422604322888816e-10,1.5338579140877321e-09,9.842643571967962e-10,3.9818146947391646e-09,0.0,0.7819260789082662,0.9984530185822137,0.9984530185822137,0.9999999894048688,0,0,0,0,0.24411732,0.24467725,1.0776991096021096,0.91336524791782,0.2567682538786687,1.5232472072980623,0.8900859419750233,0.7819260789082662,0.39403531797898533,0.31481018330078214,0.3161480380071786,3.1036230479292137,0,,0,0.0,0.0,0.0,0.0,0.0,0.0,0,1,0,0,0,0,58,5,0,0,0,0,0,0,91
816,16.32,complete,complete,placed_verify,0,0,0,0,0.0,0.0,0,0,1.000000034088913,0.9999999862655242,0.25866722135683,0.11637322443462755,0.447070017384927,0.25676825387647023,6.773095228553258e-07,4.0700359850639717e-07,-5.413836417046011e-07,-1.1422791514582934e-10,1.5338581438960185e-09,9.842645242420874e-10,3.981815381290999e-09,0.0,0.78217013267301,0.9982366285508782,0.9982366285508782,0.9999999894048638,0,0,0,0,0.2453382,0.24591145,1.0776991177422137,0.9133652370897485,0.25676825387647023,1.5242860586823443,0.8925877342009214,0.78217013267301,0.39669404622964066,0.31364130375501326,0.3185917968551833,3.2787419746583795,0,,0,0.0,0.0,0.0,0.0,0.0,0.0,0,1,0,0,0,0,59,5,0,0,0,0,0,0,91
817,16.34,complete,complete,placed_verify,0,0,0,0,0.0,0.0,0,0,1.000000034088913,0.9999999862655242,0.25866722135683,0.11637323793056974,0.4480051640436411,0.2567682538742717,6.77309691704097e-07,4.0700368999076657e-07,-5.413837841691565e-07,-1.1423170819573601e-10,1.5338579378290538e-09,9.842641257358726e-10,3.9818160647011044e-09,0.0,0.782398035383781,0.9980054209944762,0.9980054209944762,0.9999999894048588,0,0,0,0,0.24670276,0.24718025,1.07769912588232,0.9133652262616742,0.2567682538742717,1.5253328738846252,0.8951264034055104,0.782398035383781,0.3993911743098653,0.3124502880846878,0.32106610609898606,3.4226279500496277,0,,0,0.0,0.0,0.0,0.0,0.0,0.0,0,1,0,0,0,0,60,5,0,0,0,0,0,0,91
818,16.36,complete,complete,placed_verify,0,0,0,0,0.0,0.0,0,0,1.000000034088913,0.9999999862655242,0.25866722135683,0.11637325142651528,0.44896335155454414,0.256768253872073,6.773098607127643e-07,4.070037815825404e-07,-5.413839267533989e-07,-1.1423364824083547e-10,1.533858445789815e-09,9.842643596074174e-10,3.981816748988459e-09,0.0,0.7826179398834989,0.9977580983712361,0.9977580983712361,0.9999999894048539,0,0,0,0,0.24823418,0.24846783,1.0776991340224282,0.9133652154335969,0.256768253872073,1.526388926912753,0.8976948358872492,0.7826179398834989,0.4021199821182799,0.31124328274571217,0.32356716456519785,3.540565555535743,0,,0,0.0,0.0,0.0,0.0,0.0,0.0,0,1,0,0,0,0,61,5,0,0,0,0,0,0,91
819,16.38,complete,complete,placed_verify,0,0,0,0,0.0,0.0,0,0,1.000000034088913,0.9999999862655242,0.25866722135683,0.11637326492246407,0.44993391872382116,0.2567682538698744,6.773100296028815e-07,4.070038731200413e-07,-5.413840692305237e-07,-1.1423371291317184e-10,1.5338583167186401e-09,9.842642706088356e-10,3.981817431784955e-09,0.0,0.7828354764761005,0.9974954845596757,0.9974954845596757,0.999999989404849,0,0,0,0,0.24994937,0.24976087,1.0776991421625381,0.913365204605517,0.2567682538698744,1.527442881721671,0.900284686819855,0.7828354764761005,0.4048699874579989,0.3100189313399401,0.3260809614635845,3.6306192898858347,0,,0,0.0,0.0,0.0,0.0,0.0,0.0,0,1,0,0,0,0,62,5,0,0,0,0,0,0,91
820,16.4,complete,complete,placed_verify,0,0,0,0,0.0,0.0,0,0,1.000000034088913,0.9999999862655242,0.25866722135683,0.11637327841841623,0.45090011728812834,0.2567682538676758,6.773101985539529e-07,4.070039646715036e-07,-5.413842117734732e-07,-1.1423347852387197e-10,1.5338585765614927e-09,9.84264259038245e-10,3.981818115982632e-09,0.0,0.7830511246653274,0.9972190505926045,0.9972190505926045,0.9999999894048417,0,0,0,0,0.25185007,0.2510588,1.0776991503026498,0.9133651937774341,0.2567682538676758,1.5284782322315331,0.9029184207923916,0.7830511246653274,0.40765975703814517,0.30874948932913476,0.32861020770731747,3.669961734302925,0,,0,0.0,0.0,0.0,0.0,0.0,0.0,0,1,0,0,0,0,63,5,0,0,0,0,0,0,91
821,16.42,complete,complete,placed_verify,0,0,0,0,0.0,0.0,0,0,1.000000034088913,0.9999999862655242,0.25866722135683,0.11637329191437171,0.45185388877106203,0.25676825386547736,6.773103674807089e-07,4.070040562364304e-07,-5.413843542770942e-07,-1.1422748821389842e-10,1.5338586099916659e-09,9.84264329760146e-10,3.981818799381916e-09,0.0,0.7832636867126175,0.996928025085147,0.996928025085147,0.9999999894048368,0,0,0,0,0.25394496,0.25237155,1.0776991584427633,0.9133651829493483,0.25676825386547736,1.5294859536133847,0.9055787519960601,0.7832636867126175,0.41047040967446474,0.3074417996174623,0.3311366434653639,3.6192594314064,0,,0,0.0,0.0,0.0,0.0,0.0,0.0,0,1,0,0,0,0,64,5,0,0,0,0,0,0,91
822,16.44,complete,complete,placed_verify,0,0,0,0,0.0,0.0,0,0,1.000000034088913,0.9999999862655242,0.25866722135683,0.11637330541033056,0.4527889788516018,0.2567682538632789,6.773105365222565e-07,4.0700414782069995e-07,-5.413844969076533e-07,-1.1423160697479099e-10,1.5338593637034147e-09,9.842645020115362e-10,3.981819484005407e-09,0.0,0.7834752032377551,0.9966228621775081,0.9966228621775081,0.9999999894048321,0,0,0,0,0.2562802,0.25367057,1.0776991665828786,0.9133651721212597,0.2567682538632789,1.5304591315374483,0.9082394035142012,0.7834752032377551,0.41327469180109666,0.3061108077147135,0.3336375769749595,3.502780032139337,0,,0,0.0,0.0,0.0,0.0,0.0,0.0,0,1,0,0,0,0,65,5,0,0,0,0,0,0,91
823,16.46,complete,complete,placed_verify,0,0,0,0,0.0,0.0,0,0,1.000000034088913,0.9999999862655242,0.25866722135683,0.11637331890629275,0.4536995754589455,0.2567682538610802,6.773107053311031e-07,4.070042392425826e-07,-5.413846393694427e-07,-1.1423441439715078e-10,1.5338591381615599e-09,9.842637557534362e-10,3.981820167526037e-09,0.0,0.7836908266832897,0.9963130354669927,0.9963130354669927,0.999999989404827,0,0,0,0,0.25891182,0.25491244,1.0776991747229956,0.9133651612931681,0.2567682538610802,1.531391961367676,0.9108832027496332,0.7836908266832897,0.4160544919449798,0.30476542227639286,0.33609722128622155,3.325976246973235,0,,0,0.0,0.0,0.0,0.0,0.0,0.0,0,1,0,0,0,0,66,5,0,0,0,0,0,0,91
824,16.48,complete,complete,placed_verify,0,0,0,0,0.0,0.0,0,0,1.000000034088913,0.9999999862655242,0.25866722135683,0.11637333240225821,0.45457923729905747,0.2567682538588815,6.773108743487328e-07,4.070043307772547e-07,-5.413847820081624e-07,-1.1423475161102857e-10,1.5338599471488775e-09,9.842636652058445e-10,3.981820852008641e-09,0.0,0.7839117357166325,0.9960046609886792,0.9960046609886792,0.9999999894048227,0,0,0,0,0.26183292,0.25607225,1.0776991828631144,0.9133651504650738,0.2567682538588815,1.5322784011313566,0.9134966876332155,0.7839117357166325,0.4187952825615374,0.3034116311705407,0.3385020901764486,3.085249869110897,0,,0,0.0,0.0,0.0,0.0,0.0,0.0,0,1,0,0,0,0,67,5,0,0,0,0,0,0,91
825,16.5,complete,complete,placed_verify,0,0,0,0,0.0,0.0,0,0,1.000000034088913,0.9999999862655242,0.25866722135683,0.11637334589822715,0.4553767296456001,0.25676825385668306,6.77311043243362e-07,4.070044221467112e-07,-5.41384924618324e-07,-1.1422978936532843e-10,1.5338605690644848e-09,9.842626206702865e-10,3.981821538901701e-09,0.0,0.784094290381776,0.9957350461859593,0.9957350461859593,0.9999999894048164,0,0,0,0,0.26509574,0.25712562,1.0776991910032352,0.9133651396369766,0.25676825385668306,1.5330679809441192,0.9160542009038565,0.784094290381776,0.4214613200738673,0.3020348378039229,0.3407974804124584,2.753533677671368,0,,0,0.0,0.0,0.0,0.0,0.0,0.0,0,1,0,0,0,0,68,5,0,0,0,0,0,0,91
826,16.52,complete,complete,placed_verify,0,0,0,0,0.0,0.0,0,0,1.000000034088913,0.9999999862655242,0.25866722135683,0.1163733593941995,0.4561269857078114,0.2567682538544844,6.773112122539463e-07,4.0700451362119177e-07,-5.413850672924397e-07,-1.1423505606314476e-10,1.5338615552863124e-09,9.842621991912427e-10,3.981822220862864e-09,0.0,0.7842913195153018,0.995449156825558,0.995449156825558,0.9999999894048123,0,0,0,0,0.2687761,0.25810203,1.077699199143358,0.9133651288088767,0.2567682538544844,1.5337972449507862,0.9185031927963285,0.7842913195153018,0.4240087359613831,0.300698562653931,0.3429755115292547,2.3404513166252667,0,,0,0.0,0.0,0.0,0.0,0.0,0.0,0,1,0,0,0,0,69,5,0,0,0,0,0,0,91
827,16.54,complete,complete,placed_verify,0,0,0,0,0.0,0.0,0,0,1.000000034088913,0.9999999862655242,0.25866722135683,0.11637337289017521,0.4567937095286716,0.2567682538522859,6.773113812321289e-07,4.0700460519997845e-07,-5.413852098496356e-07,-1.1423068757671741e-10,1.5338618769445512e-09,9.842623538633963e-10,3.981822901981042e-09,0.0,0.784528748976374,0.9951794543626998,0.9951794543626998,0.9999999894048057,0,0,0,0,0.27278697,0.25900644,1.0776992072834826,0.9133651179807738,0.2567682538522859,1.5344323314538506,0.9208046307698984,0.784528748976374,0.42639220477108875,0.29940925525037665,0.34498491406926646,1.8548429268638122,0,,0,0.0,0.0,0.0,0.0,0.0,0.0,0,1,0,0,0,0,70,5,0,0,0,0,0,0,91
828,16.56,complete,complete,placed_verify,0,0,0,0,0.0,0.0,0,0,1.000000034088913,0.9999999862655242,0.25866722135683,0.11637338638615427,0.4573965190032592,0.2567682538500872,6.77311550193012e-07,4.0700469674202857e-07,-5.413853524110199e-07,-1.1423478449358345e-10,1.533862219155434e-09,9.842622847361331e-10,3.9818235855429605e-09,0.0,0.7849023405854769,0.9949067833130124,0.9949067833130124,0.9999999894048017,0,0,0,0,0.27734262,0.25985974,1.077699215423609,0.913365107152668,0.2567682538500872,1.5349963859648297,0.922897861806625,0.7849023405854769,0.4285572314422334,0.29822752270442443,0.34680242256633803,1.347475286603374,0,,0,0.0,0.0,0.0,0.0,0.0,0.0,0,1,0,0,0,0,71,5,0,0,0,0,0,0,91
829,16.580000000000002,complete,complete,placed_verify,0,0,0,0,0.0,0.0,0,0,1.000000034088913,0.9999999862655242,0.25866722135683,0.11637339988213659,0.4579265043554094,0.2567682538478887,6.773117193159793e-07,4.070047883890761e-07,-5.413854950978695e-07,-1.1423119530000283e-10,1.5338632738944679e-09,9.842628080858842e-10,3.981824269946416e-09,0.0,0.7854778722669207,0.9946169920927874,0.9946169920927874,0.9999999894047951,0,0,0,0,0.28249082,0.26059952,1.077699223563737,0.9133650963245595,0.2567682538478887,1.5354839723094285,0.9247583929067144,0.7854778722669207,0.4304787068403767,0.29716796940745616,0.34840763675530123,0.8810505502238631,0,,0,0.0,0.0,0.0,0.0,0.0,0.0,0,1,0,0,0,0,72,5,0,0,0,0,0,0,91
830,16.6,complete,complete,placed_verify,0,0,0,0,0.0,0.0,0,0,1.000000034088913,0.9999999862655242,0.25866722135683,0.11637341337812225,0.45834463079498267,0.25676825384569,6.77311888382441e-07,4.0700488005191825e-07,-5.413856377007857e-07,-1.1423408219083655e-10,1.5338638581703904e-09,9.842634345458582e-10,3.981824951152097e-09,0.0,0.7862745624694351,0.9943295376191272,0.9943295376191272,0.9999999894047906,0,0,0,0,0.2883158,0.261224,1.077699231703867,0.9133650854964481,0.25676825384569,1.535859707733008,0.9263565743772425,0.7862745624694351,0.43212018229756827,0.29622904420882307,0.3497544194798918,0.46986488364312545,0,,0,0.0,0.0,0.0,0.0,0.0,0.0,0,1,0,0,0,0,73,5,0,0,0,0,0,0,91
831,16.62,complete,complete,placed_verify,0,0,0,0,0.0,0.0,0,0,1.000000034088913,0.9999999862655242,0.25866722135683,0.11637342687411127,0.4586625721813969,0.2567682538434915,6.773120575056737e-07,4.070049717489586e-07,-5.413857803503498e-07,-1.142306487262698e-10,1.5338646999771e-09,9.842642333332993e-10,3.981825634669959e-09,0.0,0.7872593947201459,0.9940512342417579,0.9940512342417579,0.9999999894047842,0,0,0,0,0.29461357,0.26180398,1.0776992398439986,0.9133650746683338,0.2567682538434915,1.5361377778799559,0.9276990191188076,0.7872593947201459,0.43349109578448136,0.29541529545056794,0.3508577465781662,0.09594945575515361,0,,0,0.0,0.0,0.0,0.0,0.0,0.0,0,1,0,0,0,0,74,5,0,0,0,0,0,0,91
832,16.64,complete,complete,placed_verify,0,0,0,0,0.0,0.0,0,0,1.000000034088913,0.9999999862655242,0.25866722135683,0.11637344037010362,0.45890211784738505,0.25676825384129287,6.773122267207333e-07,4.0700506349926274e-07,-5.413859230733125e-07,-1.1423404230968445e-10,1.5338659614245185e-09,9.842653344663216e-10,3.981826318917117e-09,0.0,0.7883641125903367,0.9937869917891099,0.9937869917891099,0.9999999894047802,0,0,0,0,0.30114347,0.26238248,1.077699247984132,0.9133650638402167,0.25676825384129287,1.536341734420849,0.9287995511968226,0.7883641125903367,0.43460991890262923,0.29473215650569573,0.35174438117234696,-0.2552894264330139,0,,0,0.0,0.0,0.0,0.0,0.0,0.0,0,1,0,0,0,0,75,5,0,0,0,0,0,0,91
833,16.66,complete,complete,placed_verify,0,0,0,0,0.0,0.0,0,0,1.000000034088913,0.9999999862655242,0.25866722135683,0.11637345386609954,0.45909028616790015,0.25676825383909435,6.773123957050855e-07,4.0700515508411264e-07,-5.413860656334787e-07,-1.142305675401694e-10,1.5338662716433654e-09,9.842654824500205e-10,3.9818270028836335e-09,0.0,0.7894920130955407,0.9935469512346209,0.9935469512346209,0.9999999894047737,0,0,0,0,0.30771223,0.26286754,1.0776992561242678,0.9133650530120967,0.25676825383909435,1.5364997384506038,0.929674812999473,0.7894920130955407,0.4354988480166065,0.29418604020903005,0.3524463996125586,-0.5989966958638602,0,,0,0.0,0.0,0.0,0.0,0.0,0.0,0,1,0,0,0,0,76,5,0,0,0,0,0,0,91
834,16.68,complete,complete,placed_verify,0,0,0,0,0.0,0.0,0,0,1.000000034088913,0.9999999862655242,0.25866722135683,0.1163734673620988,0.45925529617926086,0.25676825383689567,6.773125647068152e-07,4.0700524667404283e-07,-5.413862082099235e-07,-1.1423487489779371e-10,1.5338667351833926e-09,9.842657018758597e-10,3.981827686937499e-09,0.0,0.7905577655533378,0.9933400234499219,0.9933400234499219,0.9999999894047693,0,0,0,0,0.31415194,0.26315865,1.0776992642644052,0.9133650421839739,0.25676825383689567,1.5366402701349964,0.9303526906142487,0.7905577655533378,0.4361911334295299,0.2937752019874206,0.3530036228793563,-0.9482203185945379,0,,0,0.0,0.0,0.0,0.0,0.0,0.0,0,1,0,0,0,0,77,5,0,0,0,0,0,0,91
835,16.7,complete,complete,placed_verify,0,0,0,0,0.0,0.0,0,0,1.000000034088913,0.9999999862655242,0.25866722135683,0.11637348085810141,0.45941796952602193,0.25676825383469715,6.773127335811091e-07,4.0700533817587333e-07,-5.413863506948668e-07,-1.1423113432823752e-10,1.5338666295505294e-09,9.842653884612008e-10,3.981828370563684e-09,0.0,0.7915148139875151,0.9931741548067505,0.9931741548067505,0.9999999894047631,0,0,0,0,0.32034716,0.26319808,1.0776992724045444,0.9133650313558481,0.25676825383469715,1.536783872299561,0.9308636273751096,0.7915148139875151,0.43672085747357087,0.29349069397360167,0.3534516703515581,-1.3087010378350443,0,,0,0.0,0.0,0.0,0.0,0.0,0.0,0,1,0,0,0,0,78,5,0,0,0,0,0,0,91
836,16.72,complete,complete,placed_verify,0,0,0,0,0.0,0.0,0,0,1.000000034088913,0.9999999862655242,0.25866722135683,0.11637349435410729,0.459588840433007,0.2567682538324985,6.773129025855822e-07,4.070054297667362e-07,-5.413864932743055e-07,-1.142341939517672e-10,1.5338671021916836e-09,9.842656162228138e-10,3.9818290544943955e-09,0.0,0.792355082367079,0.9930524670754416,0.9930524670754416,0.9999999894047591,0,0,0,0,0.32624844,0.26294234,1.0776992805446854,0.9133650205277196,0.2567682538324985,1.5369402197976885,0.9312441134738282,0.792355082367079,0.43712573793049675,0.2933118104447951,0.3538221079923533,-1.6752810756645835,0,,0,0.0,0.0,0.0,0.0,0.0,0.0,0,1,0,0,0,0,79,5,0,0,0,0,0,0,91
837,16.740000000000002,complete,complete,placed_verify,0,0,0,0,0.0,0.0,0,0,1.000000034088913,0.9999999862655242,0.25866722135683,0.1163735078501165,0.4597795520135409,0.2567682538303,6.773130716367985e-07,4.070055213815364e-07,-5.413866358955822e-07,-1.1423083200058614e-10,1.5338677786653514e-09,9.842659506637987e-10,3.981829738107335e-09,0.0,0.7930848470796021,0.9929909591685059,0.9929909591685059,0.9999999894047522,0,0,0,0,0.33185375,0.26237595,1.0776992886848282,0.9133650096995882,0.2567682538303,1.5371204033201171,0.9315164800819331,0.7930848470796021,0.4374299618369295,0.29322933176101357,0.3541381022210994,-2.051020755329911,0,,0,0.0,0.0,0.0,0.0,0.0,0.0,0,1,0,0,0,0,80,5,0,0,0,0,0,0,91
838,16.76,complete,complete,placed_verify,0,0,0,0,0.0,0.0,0,0,1.000000034088913,0.9999999862655242,0.25866722135683,0.116373521346129,0.46001166591061865,0.25676825382810137,6.773132407074802e-07,4.0700561299894784e-07,-5.413867785373231e-07,-1.142365928848065e-10,1.5338685802424817e-09,9.84266319339747e-10,3.98183042025889e-09,0.0,0.7937139636198235,0.9929670919083078,0.9929670919083078,0.9999999894047484,0,0,0,0,0.3372162,0.2614495,1.0776992968249728,0.9133649988714541,0.25676825382810137,1.5373452010420696,0.9317055416744918,0.7937139636198235,0.43766220922648635,0.29323865762623086,0.35443168939504943,-2.436710485769408,0,,0,0.0,0.0,0.0,0.0,0.0,0.0,0,1,0,0,0,0,81,5,0,0,0,0,0,0,91
839,16.78,complete,complete,placed_verify,0,0,0,0,0.0,0.0,0,0,1.000000034088913,0.9999999862655242,0.25866722135683,0.11637353484214491,0.4602760883739573,0.25676825382590274,6.773134099165266e-07,4.0700570471663315e-07,-5.413869212786681e-07,-1.1423342289276625e-10,1.5338699463684618e-09,9.842672430845855e-10,3.9818311043073805e-09,0.0,0.7942503280204211,0.9929755253286242,0.9929755253286242,0.9999999894047416,0,0,0,0,0.34242883,0.26011217,1.0776993049651191,0.9133649880433169,0.25676825382590274,1.5376051895211216,0.9318218263313839,0.7942503280204211,0.43783084985601617,0.29332565858471776,0.35470288347386253,-2.8346485706718387,0,,0,0.0,0.0,0.0,0.0,0.0,0.0,0,1,0,0,0,0,82,5,0,0,0,0,0,0,91
840,16.8,complete,complete,placed_verify,0,0,0,0,0.0,0.0,0,0,1.000000034088913,0.9999999862655242,0.25866722135683,0.11637354833816409,0.46056463918550045,0.2567682538237041,6.773135790654489e-07,4.0700579643985324e-07,-5.413870639397416e-07,-1.1423447389279818e-10,1.5338708348124677e-09,9.84268181646885e-10,3.981831786835017e-09,0.0,0.7947110598510231,0.9930071820290016,0.9930071820290016,0.9999999894047378,0,0,0,0,0.3475729,0.25844067,1.0776993131052672,0.913364977215177,0.2567682538237041,1.5378923514989051,0.9318623900640574,0.7947110598510231,0.43793138288131284,0.29348717341430103,0.354943750345536,-3.242269019508371,0,,0,0.0,0.0,0.0,0.0,0.0,0.0,0,1,0,0,0,0,83,5,0,0,0,0,0,0,91
841,16.82,complete,complete,placed_verify,0,0,0,0,0.0,0.0,0,0,1.000000034088913,0.9999999862655242,0.25866722135683,0.11637356183418676,0.4608701935386492,0.25676825382150553,6.773137480984634e-07,4.07005888038684e-07,-5.413872065500383e-07,-1.1423211984493922e-10,1.5338714402460984e-09,9.84268406005781e-10,3.981832472591125e-09,0.0,0.7951190144063575,0.9930477435317636,0.9930477435317636,0.9999999894047312,0,0,0,0,0.35269102,0.2565135,1.0776993212454173,0.9133649663870341,0.25676825382150553,1.5381999230174972,0.9318184500663917,0.7951190144063575,0.43795386562919697,0.2937252244298139,0.355143390514321,-3.6554962246623104,0,,0,0.0,0.0,0.0,0.0,0.0,0.0,0,1,0,0,0,0,84,5,0,0,0,0,0,0,91
842,16.84,complete,complete,placed_verify,0,0,0,0,0.0,0.0,0,0,1.000000034088913,0.9999999862655242,0.25866722135683,0.11637357533021293,0.4611796462826413,0.2567682538193069,6.773139169921652e-07,4.070059796167353e-07,-5.413873490005614e-07,-1.1423500177769694e-10,1.5338711635927366e-09,9.84268540854122e-10,3.981833155666465e-09,0.0,0.7954886825328519,0.9930957976603804,0.9930957976603804,0.9999999894047268,0,0,0,0,0.3578038,0.25439638,1.0776993293855694,0.9133649555588884,0.2567682538193069,1.5385150091763793,0.9316836728806854,0.7954886825328519,0.4378894351087936,0.2940359170595307,0.3552879756258899,-4.072480983042452,0,,0,0.0,0.0,0.0,0.0,0.0,0.0,0,1,0,0,0,0,85,5,0,0,0,0,0,0,91
843,16.86,complete,complete,placed_verify,0,0,0,0,0.0,0.0,0,0,1.000000034088913,0.9999999862655242,0.25866722135683,0.11637358882624237,0.46148122139958025,0.2567682538171083,6.773140859419404e-07,4.0700607116980737e-07,-5.413874915411141e-07,-1.1423267415375425e-10,1.5338714072682247e-09,9.84268541885597e-10,3.981833839747329e-09,0.0,0.7958238103889761,0.9931533125220476,0.9931533125220476,0.9999999894047205,0,0,0,0,0.362935,0.25216168,1.0776993375257233,0.9133649447307399,0.2567682538171083,1.5388258927471323,0.9314541065157773,0.7958238103889761,0.43773177924230855,0.2944143701325558,0.35536614408789546,-4.492724874803049,0,,0,0.0,0.0,0.0,0.0,0.0,0.0,0,1,0,0,0,0,86,5,0,0,0,0,0,0,91
844,16.88,complete,complete,placed_verify,0,0,0,0,0.0,0.0,0,0,1.000000034088913,0.9999999862655242,0.25866722135683,0.11637360232227514,0.4617674799488761,0.25676825381490975,6.773142548765877e-07,4.070061627017012e-07,-5.413876340776878e-07,-1.1423496498938388e-10,1.5338716168257237e-09,9.842684146499827e-10,3.981834524300268e-09,0.0,0.7961242107517368,0.9932232985971591,0.9932232985971591,0.999999989404716,0,0,0,0,0.36808565,0.24989006,1.077699345665879,0.9133649339025885,0.25676825381490975,1.539125176687995,0.9311246637396493,0.7961242107517368,0.4374743766784701,0.29485943208010895,0.3553689925299215,-4.913807267306418,0,,0,0.0,0.0,0.0,0.0,0.0,0.0,0,1,0,0,0,0,87,5,0,0,0,0,0,0,91
845,16.9,complete,complete,placed_verify,0,0,0,0,0.0,0.0,0,0,1.000000034088913,0.9999999862655242,0.25866722135683,0.11637361581831118,0.4620343153997182,0.25676825381271107,6.773144239349615e-07,4.070062543192718e-07,-5.413877767043e-07,-1.1423887293986756e-10,1.533872335662623e-09,9.842687765312238e-10,3.981835207494963e-09,0.0,0.7963879374383446,0.9933094265474813,0.9933094265474813,0.99999998940471,0,0,0,0,0.37324506,0.24766558,1.0776993538060364,0.9133649230744344,0.25676825381271107,1.5394086834757275,0.9306913047754949,0.7963879374383446,0.43711240586917244,0.2953713211292275,0.3552907137278726,-5.333012523272319,0,,0,0.0,0.0,0.0,0.0,0.0,0.0,0,1,0,0,0,0,88,5,0,0,0,0,0,0,91
846,16.92,complete,complete,placed_verify,0,0,0,0,0.0,0.0,0,0,1.000000034088913,0.9999999862655242,0.25866722135683,0.11637362931435058,0.46228103144485894,0.2567682538105125,6.7731459292485e-07,4.0700634591264255e-07,-5.413879192653564e-07,-1.1423362758718602e-10,1.5338726727660063e-09,9.842689956081355e-10,3.981835890657793e-09,0.0,0.7966127970152307,0.9934155736236008,0.9934155736236008,0.9999999894047051,0,0,0,0,0.37839457,0.2455582,1.0776993619461956,0.9133649122462774,0.2567682538105125,1.5396755272396372,0.9301510593470688,0.7966127970152307,0.4366427936836156,0.29595165705262744,0.35512866502371593,-5.748716573877117,0,,0,0.0,0.0,0.0,0.0,0.0,0.0,0,1,0,0,0,0,89,5,0,0,0,0,0,0,91
847,16.94,complete,complete,placed_verify,0,0,0,0,0.0,0.0,0,0,1.000000034088913,0.9999999862655242,0.25866722135683,0.11637364281039332,0.46250936656580083,0.2567682538083138,6.773147621169978e-07,4.0700643756591413e-07,-5.413880620327958e-07,-1.1423608333930281e-10,1.5338742038734634e-09,9.84269565271077e-10,3.981836575815394e-09,0.0,0.7967978141429811,0.9935451806631337,0.9935451806631337,0.9999999894047007,0,0,0,0,0.38351429,0.24360079,1.0776993700863566,0.9133649014181174,0.2567682538083138,1.5399271473854543,0.9295016933618118,0.7967978141429811,0.4360636922120457,0.29660306408681514,0.35488242635471673,-6.15880185565983,0,,0,0.0,0.0,0.0,0.0,0.0,0.0,0,1,0,0,0,0,90,5,0,0,0,0,0,0,91
848,16.96,complete,complete,placed_verify,0,0,0,0,0.0,0.0,0,0,1.000000034088913,0.9999999862655242,0.25866722135683,0.11637365630643941,0.4627236542941205,0.2567682538061152,6.77314931518151e-07,4.070065293699867e-07,-5.413882049489054e-07,-1.1423588684777316e-10,1.5338765310810094e-09,9.842709740068045e-10,3.981837257683922e-09,0.0,0.7969436428528165,0.9936995941218842,0.9936995941218842,0.9999999894046936,0,0,0,0,0.38858628,0.24182841,1.0776993782265194,0.9133648905899546,0.2567682538061152,1.540167470705207,0.9287416159379842,0.7969436428528165,0.43537443312942103,0.2973293483823091,0.35455385886188884,-6.561246270052676,0,,0,0.0,0.0,0.0,0.0,0.0,0.0,0,1,0,0,0,0,91,5,0,0,0,0,0,0,91
849,16.98,complete,complete,placed_verify,0,0,0,0,0.0,0.0,0,0,1.000000034088913,0.9999999862655242,0.25866722135683,0.11637366980248913,0.46292883752195657,0.2567682538039167,6.773151006941832e-07,4.0700662101876036e-07,-5.413883477010924e-07,-1.1423109789623628e-10,1.5338779082056588e-09,9.84271471688992e-10,3.9818379427244594e-09,0.0,0.7970511782613925,0.9938795841203414,0.9938795841203414,0.9999999894046891,0,0,0,0,0.39358982,0.24026605,1.0776993863666844,0.9133648797617889,0.2567682538039167,1.5404009765325504,0.9278682265275902,0.7970511782613925,0.4345735015915676,0.29813543665806713,0.3541445609043484,-6.953922847134383,0,,0,0.0,0.0,0.0,0.0,0.0,0.0,0,1,0,0,0,0,92,5,0,0,0,0,0,0,91
850,17.0,complete,complete,placed_verify,0,0,0,0,0.0,0.0,0,0,1.000000034088913,0.9999999862655242,0.25866722135683,0.11637368329854213,0.46312921048928807,0.256768253801718,6.773152696698408e-07,4.070067125657249e-07,-5.413884902775653e-07,-1.1423374786062748e-10,1.533878328273259e-09,9.842714272411859e-10,3.981838626116278e-09,0.0,0.7971216602019343,0.9940849818619066,0.9940849818619066,0.999999989404684,0,0,0,0,0.3985025,0.23895001,1.0776993945068511,0.9133648689336205,0.256768253801718,1.540631395766524,0.9268788549534999,0.7971216602019343,0.43365917155274103,0.2990258077605652,0.35365552717520593,-7.3355322974324615,0,,0,0.0,0.0,0.0,0.0,0.0,0.0,0,1,0,0,0,0,93,5,0,0,0,0,0,0,91
851,17.02,complete,complete,placed_verify,0,0,0,0,0.0,0.0,0,0,1.000000034088913,0.9999999862655242,0.25866722135683,0.11637369679459846,0.4633302669092928,0.25676825379951934,6.773154387014849e-07,4.070068041501285e-07,-5.413886328960897e-07,-1.1423566429295363e-10,1.5338789910602329e-09,9.842715953714665e-10,3.981839309602373e-09,0.0,0.7971569199056665,0.99431421386022,0.99431421386022,0.9999999894046796,0,0,0,0,0.4033051,0.23791239,1.0776994026470197,0.9133648581054491,0.25676825379951934,1.5408635473209926,0.9257709583252444,0.7971569199056665,0.4326301038992231,0.3000055722130764,0.3530886473328492,-7.704899164404418,0,,0,0.0,0.0,0.0,0.0,0.0,0.0,0,1,0,0,0,0,94,5,0,0,0,0,0,0,91
852,17.04,complete,complete,placed_verify,0,0,0,0,0.0,0.0,0,0,1.000000034088913,0.9999999862655242,0.25866722135683,0.11637371029065807,0.46353818708387234,0.2567682537973207,6.773156078973294e-07,4.0700689584685354e-07,-5.413887756359363e-07,-1.1423598003148557e-10,1.5338803313360794e-09,9.842724031585045e-10,3.9818399917386155e-09,0.0,0.7971592536839794,0.9945652316921193,0.9945652316921193,0.9999999894046725,0,0,0,0,0.40797952,0.2371732,1.07769941078719,0.913364847277275,0.2567682537973207,1.5411028315671078,0.9245416310039785,0.7971592536839794,0.4314847647281019,0.30108049881139776,0.3524460017087482,-8.061232704061721,0,,0,0.0,0.0,0.0,0.0,0.0,0.0,0,1,0,0,0,0,95,5,0,0,0,0,0,0,91
853,17.06,complete,complete,placed_verify,0,0,0,0,0.0,0.0,0,0,1.000000034088913,0.9999999862655242,0.25866722135683,0.116373723786721,0.46376069948042925,0.25676825379512225,6.773157770693778e-07,4.070069875672312e-07,-5.413889183294725e-07,-1.1423041016616671e-10,1.5338814066740556e-09,9.84273327516382e-10,3.981840675068295e-09,0.0,0.7971318643711114,0.9948342453089299,0.9948342453089299,0.9999999894046677,0,0,0,0,0.41250485,0.23674256,1.077699418927362,0.9133648364490979,0.25676825379512225,1.5413560800762098,0.9231876137997033,0.7971318643711114,0.43022163328245006,0.3022575751257801,0.35173050004465123,-8.404203731704813,0,,0,0.0,0.0,0.0,0.0,0.0,0.0,0,1,0,0,0,0,96,5,0,0,0,0,0,0,91
854,17.080000000000002,complete,complete,placed_verify,0,0,0,0,0.0,0.0,0,0,1.000000034088913,0.9999999862655242,0.25866722135683,0.11637373728278731,0.46400500017943985,0.25676825379292356,6.773159462046169e-07,4.070070792635763e-07,-5.413890609930955e-07,-1.1423398249648575e-10,1.5338823150588299e-09,9.842741141686127e-10,3.98184135926033e-09,0.0,0.7970778994816325,0.995118387748995,0.995118387748995,0.999999989404663,0,0,0,0,0.41686013,0.23662212,1.077699427067536,0.913364825620918,0.25676825379292356,1.5416294725307629,0.921704676219709,0.7970778994816325,0.428838146581024,0.3035440765713401,0.35094391826896554,-8.734287582212254,0,,0,0.0,0.0,0.0,0.0,0.0,0.0,0,1,0,0,0,0,97,5,0,0,0,0,0,0,91
855,17.1,complete,complete,placed_verify,0,0,0,0,0.0,0.0,0,0,1.000000034088913,0.9999999862655242,0.25866722135683,0.11637375077885687,0.46428046951117047,0.2567682537907249,6.773161149676881e-07,4.0700717064895037e-07,-5.413892034253473e-07,-1.1423540027523222e-10,1.5338819113339604e-09,9.842731328146769e-10,3.981842045008447e-09,0.0,0.7970011444576736,0.995413998603686,0.995413998603686,0.9999999894046581,0,0,0,0,0.42103443,0.23680311,1.0776994352077116,0.9133648147927353,0.2567682537907249,1.5419312202366893,0.9200882170804121,0.7970011444576736,0.42733189945111844,0.3049489109827383,0.3500892972656474,-9.051940183033546,0,,0,0.0,0.0,0.0,0.0,0.0,0.0,0,1,0,0,0,0,98,5,0,0,0,0,0,0,91
856,17.12,complete,complete,placed_verify,0,0,0,0,0.0,0.0,0,0,1.000000034088913,0.9999999862655242,0.25866722135683,0.11637376427492986,0.4645968468908687,0.2567682537885262,6.773162840937547e-07,4.070072623651056e-07,-5.413893460633596e-07,-1.142353791463615e-10,1.5338827134738223e-09,9.84274079574255e-10,3.981842726028889e-09,0.0,0.796905482485873,0.9957172304489578,0.9957172304489578,0.9999999894046533,0,0,0,0,0.425032,0.23728696,1.077699443347889,0.9133648039645497,0.2567682537885262,1.5422697246542731,0.9183330901725365,0.796905482485873,0.4257000814514061,0.3064815189029124,0.3491694555826742,-9.358859617288957,0,,0,0.0,0.0,0.0,0.0,0.0,0.0,0,1,0,0,0,0,99,5,0,0,0,0,0,0,91
